v 0.0002737319432079735 0.14883533069081495 0.0 
v 0.016130504650008502 0.18521761249297328 0.0 
v 0.054055119670642075 0.19967852286017337 0.0 
v 0.0969564615284377 0.19073315998072118 0.0 
v 0.13145178613192446 0.17179874277643917 0.0 
v 0.16265861546774157 0.1495757867116128 0.0 
v 0.1997032195470192 0.13338956959276538 0.0 
v 0.24130855032038454 0.1403668442361986 0.0 
v 0.26534714298385464 0.16975614619335794 0.0 
v 0.27902302201626467 0.2095100526607311 0.0 
v 0.29556743023665144 0.24639542994012928 0.0 
v 0.3177256325468401 0.2776670131297254 0.0 
v 0.34569174876900277 0.30313068240734764 0.0 
v 0.38190575007890787 0.3203464196850978 0.0 
v 0.42862932905520396 0.3252708466650183 0.0 
v 0.46841878666427733 0.31174340925456484 0.0 
v 0.4966031054469565 0.2864979425612287 0.0 
v 0.5192063073169929 0.2556713589314802 0.0 
v 0.5389461316408303 0.22198139775553938 0.0 
v 0.5584015099381952 0.1880148031249055 0.0 
v 0.5811861218515968 0.17584022277152633 0.0 
v 0.581321761623318 0.2209462816999071 0.0 
v 0.5757291371040557 0.268782487616322 0.0 
v 0.5709784529114419 0.317153009255463 0.0 
v 0.577559539869322 0.3617881052124653 0.0 
v 0.5983507061154091 0.3944259692158066 0.0 
v 0.6287704396556161 0.4174360211701132 0.0 
v 0.6695132011993137 0.4300576298002855 0.0 
v 0.7154427623344795 0.4251926007228497 0.0 
v 0.7463258681154796 0.4026462414802896 0.0 
v 0.7645164275561503 0.3674070591133558 0.0 
v 0.7692307692307693 0.3202827304932164 0.0 
v 0.7544824037505581 0.2817059722756652 0.0 
v 0.7216842162464832 0.26108461321764487 0.0 
v 0.6921011634358606 0.24527723977603225 0.0 
v 0.7019785391928431 0.20468826639720883 0.0 
v 0.7088181705539576 0.15815509199847697 0.0 
v 0.7062943002343026 0.10949545537431989 0.0 
v 0.6923220158271305 0.07003870953626282 0.0 
v 0.66790519609918 0.0410257437644285 0.0 
v 0.6344839947886449 0.021017174001112214 0.0 
v 0.5912422753001194 0.011749848989065354 0.0 
v 0.5474075854456945 0.02006311376687916 0.0 
v 0.5138474272081016 0.03993269841718756 0.0 
v 0.4862812840977211 0.06579634080659028 0.0 
v 0.46247803218306016 0.09542287439171424 0.0 
v 0.4419636965289277 0.12833832423101685 0.0 
v 0.4211931603236072 0.16089689706663554 0.0 
v 0.38826629948889246 0.16032134881387555 0.0 
v 0.364950906187089 0.13026089167610092 0.0 
v 0.34507229352394053 0.09670971884074347 0.0 
v 0.32613385766756875 0.06221836919733036 0.0 
v 0.30397644926746553 0.030945992097648697 0.0 
v 0.2717036164286004 0.009789039441966756 0.0 
v 0.22811983375105646 0.0 0.0 
v 0.17917034633961823 0.0024591065217052913 0.0 
v 0.13607490418225068 0.012793142733673275 0.0 
v 0.09739283363012485 0.027540857681332694 0.0 
v 0.06261087665750546 0.04618868620849701 0.0 
v 0.0322825498468044 0.06929014489758238 0.0 
v 0.009120463877073031 0.09955778068231498 0.0 
v 0.0 0.1420320791291314 0.0 
v 0.008202118296608154 0.1670264715918941 0.0 
v 0.004560231938536519 0.12079492990572316 0.0 
v 0.6506965026160859 0.32538336474644697 0.0 
v 0.5889183131319596 0.08327964920054669 0.0 
v 0.3969050214921077 0.2402296441061648 0.0 
v 0.2716789617269869 0.07159188362246874 0.0 
v 0.08133535088400323 0.1200126267316488 0.0 
v 0.01219715420191863 0.1449484536881129 0.0 
v 0.00865867546237743 0.13278316625574954 0.0 
v 0.027861289597391585 0.11952363833584694 0.0 
v 0.024259892136239015 0.13484254641252344 0.0 
v 0.05321678891466797 0.13356737656823917 0.0 
v 0.03555361119307115 0.1605752857264911 0.0 
v 0.03855850856230144 0.1301212893287534 0.0 
v 0.026154206842173882 0.1493558525443299 0.0 
v 0.051996610754393484 0.10585924561085173 0.0 
v 0.04258469092235772 0.14589379783321982 0.0 
v 0.021618808426782904 0.1627025415176268 0.0 
v 0.04869913598515831 0.11988538780147465 0.0 
v 0.03509281216032529 0.1924480676765733 0.0 
v 0.06503137496408423 0.11632433333149177 0.0 
v 0.06975208437580552 0.15857836390244673 0.0 
v 0.03084677283668726 0.1764469588274892 0.0 
v 0.07706570642180934 0.08798474838092919 0.0 
v 0.0699691739056434 0.1323766936069442 0.0 
v 0.05795723987781258 0.1484047750066173 0.0 
v 0.05303029866367344 0.16604089547357043 0.0 
v 0.0763014307281915 0.10438516702470993 0.0 
v 0.09687150630888676 0.14570132283189713 0.0 
v 0.06733596773954888 0.17563048107828944 0.0 
v 0.046453755863719866 0.18086942130683098 0.0 
v 0.06356991627921486 0.0955738485645773 0.0 
v 0.04481978719212832 0.08612982073244949 0.0 
v 0.061566357699959516 0.07621648087218973 0.0 
v 0.10575698650589374 0.0975398076696171 0.0 
v 0.08536134478553081 0.13512013346730659 0.0 
v 0.10542353263657991 0.12168357223830818 0.0 
v 0.08229756277813344 0.15000384017385576 0.0 
v 0.09824317051396558 0.13265829287255926 0.0 
v 0.12128850370307348 0.13989973377814552 0.0 
v 0.0955973195879401 0.1682197253713078 0.0 
v 0.092206087608197 0.15673258436888196 0.0 
v 0.10995502869430593 0.1577368947325136 0.0 
v 0.08167214424082744 0.1660865634810526 0.0 
v 0.0755057905995399 0.1952058414204481 0.0 
v 0.08665800232057339 0.18005713747676536 0.0 
v 0.09260820857475528 0.10775691827689797 0.0 
v 0.10960088239303031 0.1449927314556503 0.0 
v 0.11420412383018108 0.18126595137857932 0.0 
v 0.07566777640455825 0.18364570866059468 0.0 
v 0.06307238955017799 0.18925041769638667 0.0 
v 0.09143816107355991 0.09268176094481968 0.0 
v 0.09257844127549131 0.06485485744271419 0.0 
v 0.1039758166245388 0.0792587094617277 0.0 
v 0.08808398732123707 0.07860750016258053 0.0 
v 0.07576657458759432 0.06697135889939423 0.0 
v 0.1080677818125931 0.17022591008188936 0.0 
v 0.12011978585557734 0.16566001805989902 0.0 
v 0.12194528197683893 0.1528361850489232 0.0 
v 0.14705520079983342 0.16068726474402598 0.0 
v 0.12381118504085521 0.051852381111320206 0.0 
v 0.047446713252155014 0.057739415553040546 0.0 
v 0.09249726446503187 0.0432622835559012 0.0 
v 0.11002849896480559 0.06275824478719513 0.0 
v 0.13727374554696506 0.0852417357309611 0.0 
v 0.06195531566406279 0.06128580359939678 0.0 
v 0.10650734021263256 0.044146131090228656 0.0 
v 0.11978101947673345 0.08694609268286688 0.0 
v 0.10024183816343629 0.05497061337477116 0.0 
v 0.08000185514381523 0.03686477194491485 0.0 
v 0.0800259123548407 0.05221935130842077 0.0 
v 0.12695854458703987 0.06999209232236378 0.0 
v 0.13104539601919937 0.11193763225902875 0.0 
v 0.11570935281488445 0.0752260276275638 0.0 
v 0.15754156865421176 0.05534283649221917 0.0 
v 0.12003739047661167 0.1018648916638262 0.0 
v 0.13332497463237694 0.09839496655834115 0.0 
v 0.11771752630662949 0.11545158347919397 0.0 
v 0.15861640981211725 0.09881843264297847 0.0 
v 0.12775003192884304 0.12647107216042816 0.0 
v 0.14582242725959166 0.10746179763201241 0.0 
v 0.11555830646697672 0.12887361774937459 0.0 
v 0.14637798160281257 0.09449357038347285 0.0 
v 0.15588133739592744 0.07603641240607102 0.0 
v 0.16614860661668776 0.12375821809891734 0.0 
v 0.14219143982388976 0.12210524732014652 0.0 
v 0.15851358801616675 0.11245679846811112 0.0 
v 0.1378034803585757 0.1336583979029752 0.0 
v 0.1534752894476349 0.13300078721540068 0.0 
v 0.18054386512360282 0.10580331770238514 0.0 
v 0.1401841322683083 0.0583544661962914 0.0 
v 0.13981365367958873 0.03542191035428432 0.0 
v 0.15030767501005984 0.06517585377577792 0.0 
v 0.13926404812877108 0.07064276285333944 0.0 
v 0.1352295248761088 0.04696523807183635 0.0 
v 0.11673386890618742 0.020167000207502155 0.0 
v 0.14848995447024083 0.04554937178164974 0.0 
v 0.17271626707430748 0.07046310529349087 0.0 
v 0.16347885517181945 0.040775585140467065 0.0 
v 0.19057163457801296 0.030504801848251085 0.0 
v 0.17557679851239877 0.03181941014561893 0.0 
v 0.1856117216253477 0.05829002592263384 0.0 
v 0.15762262526093362 0.007626124627688453 0.0 
v 0.17200423345723626 0.052743917457270306 0.0 
v 0.184173242126812 0.043697937743233516 0.0 
v 0.2107602287512521 0.04844395451019798 0.0 
v 0.18189332208831305 0.01769245208760306 0.0 
v 0.16057008473310463 0.024197437454782648 0.0 
v 0.19679742419694102 0.049820399597871906 0.0 
v 0.17005258589926348 0.011948955417021833 0.0 
v 0.2036450900453365 0.0012295532608535 0.0 
v 0.20621888389958332 0.0738843776601349 0.0 
v 0.19787780296474256 0.01621078686951967 0.0 
v 0.19811451010696515 0.06318105837576443 0.0 
v 0.1888063285471879 0.0786489648660969 0.0 
v 0.12364564166514161 0.03568310680856364 0.0 
v 0.1447816642938681 0.02297784632818277 0.0 
v 0.16193470488903966 0.06610868232732724 0.0 
v 0.1685435043576997 0.08607145704366792 0.0 
v 0.19140771819247737 0.0018443298912793958 0.0 
v 0.21659589359362336 0.014815916550944745 0.0 
v 0.2034421158022165 0.09793652623496832 0.0 
v 0.11114543566446362 0.0319539174226972 0.0 
v 0.1292321432873376 0.02389705004860893 0.0 
v 0.1709055682711451 0.09814998713224726 0.0 
v 0.18140957281708925 0.08982560934262866 0.0 
v 0.21588246189819732 0.0006147766304276041 0.0 
v 0.24991172508982762 0.004894519720983378 0.0 
v 0.20835981727729874 0.030582735007186394 0.0 
v 0.19999879505929746 0.0853526421668789 0.0 
v 0.21738104844650666 0.08735938541128321 0.0 
v 0.19078224574628952 0.09834574872170469 0.0 
v 0.19766524552421422 0.11525096915667435 0.0 
v 0.21670979407666693 0.03855247013916258 0.0 
v 0.22814985599862936 0.03701501319812985 0.0 
v 0.1994316999256149 0.03831017683546623 0.0 
v 0.230538021750636 0.0651000159079419 0.0 
v 0.22723331621496595 0.11481623573522261 0.0 
v 0.18118091750737952 0.14148267815218993 0.0 
v 0.2200748928376051 0.02666777255199494 0.0 
v 0.224029999524593 0.04969047851962472 0.0 
v 0.2337016305191384 0.0162312322088058 0.0 
v 0.24555409768888187 0.04967910820161724 0.0 
v 0.21617195263091313 0.062088283653639616 0.0 
v 0.22106474973422394 0.07451866325784727 0.0 
v 0.24249804920543247 0.08660283751050243 0.0 
v 0.22050588493370268 0.13687820691448285 0.0 
v 0.2179911146339259 0.10263653353870839 0.0 
v 0.23016601269343914 0.09449959525450263 0.0 
v 0.24706252811327684 0.10730858530608206 0.0 
v 0.2390157794204429 0.0024472598604917124 0.0 
v 0.2347944461232339 0.05422331026097405 0.0 
v 0.2455620369706967 0.06470822884790865 0.0 
v 0.23830952195487123 0.07485498876057066 0.0 
v 0.2516446561677378 0.07672114168917682 0.0 
v 0.26151050267265624 0.057185241492816695 0.0 
v 0.25997531824730435 0.09360604286490005 0.0 
v 0.21246970485258354 0.11642272447602917 0.0 
v 0.18536511452936896 0.12581674737471946 0.0 
v 0.22953035001770533 0.08272587106946111 0.0 
v 0.26029871073233546 0.06883240421909118 0.0 
v 0.26339289673065064 0.08091794698983694 0.0 
v 0.28406846683159054 0.09094382269769703 0.0 
v 0.2632539711585635 0.032766019155236276 0.0 
v 0.28658340521836695 0.05028020883369389 0.0 
v 0.2488509265452196 0.09605835957367387 0.0 
v 0.2751817357679982 0.12087158055162373 0.0 
v 0.2576686969760263 0.04463909592386785 0.0 
v 0.24523342062535616 0.03182845844301362 0.0 
v 0.27271035474336536 0.044464681399829634 0.0 
v 0.28784003284803295 0.020367515769806895 0.0 
v 0.28474110622828935 0.035220072238239475 0.0 
v 0.27497519738690346 0.025432886772574 0.0 
v 0.2752911377680348 0.05825048797062846 0.0 
v 0.29199573342353613 0.06993294392312233 0.0 
v 0.26326690789285 0.10964346923613469 0.0 
v 0.23462389769392855 0.027610975663232114 0.0 
v 0.25490249556639777 0.019634663810980488 0.0 
v 0.27280146208998957 0.09933005363283144 0.0 
v 0.28838875241563683 0.10850997510541316 0.0 
v 0.2569191494782788 0.1283152873643641 0.0 
v 0.3146739544067399 0.09273094383140716 0.0 
v 0.3036989603962981 0.13810317497258004 0.0 
v 0.29909530570005594 0.09656241528083187 0.0 
v 0.2918704490344608 0.12546571075708718 0.0 
v 0.2955059675309562 0.08325822440393274 0.0 
v 0.31044812174083514 0.07219707779252181 0.0 
v 0.3061889229536584 0.11369021615452753 0.0 
v 0.2799913071079715 0.14843884458467055 0.0 
v 0.3199860285465337 0.12743089030716892 0.0 
v 0.33560307559575464 0.07946404401903692 0.0 
v 0.3072867201985989 0.0835494559358944 0.0 
v 0.3199166323338684 0.08095024275472047 0.0 
v 0.3288766422602247 0.09199455499672664 0.0 
v 0.32259301501960186 0.10813400272291825 0.0 
v 0.29000994946428993 0.13906151833304847 0.0 
v 0.29820379085453036 0.15785630938868989 0.0 
v 0.2766420758429835 0.13481998693460087 0.0 
v 0.26496156175387586 0.1449137894685665 0.0 
v 0.315055153467518 0.0465821806474887 0.0 
v 0.25332784665212044 0.15506149521477827 0.0 
v 0.2699941880808461 0.15725984815421776 0.0 
v 0.28398311386250263 0.16303840943590595 0.0 
v 0.30027988617492213 0.1856566967121268 0.0 
v 0.2953212641291544 0.17204928624225393 0.0 
v 0.321922760087716 0.17006272250728105 0.0 
v 0.2721850825000597 0.1896330994270454 0.0 
v 0.3089021690286973 0.17480750403769155 0.0 
v 0.28147085883528794 0.17783820128933847 0.0 
v 0.3238236532858032 0.19551702927648237 0.0 
v 0.3134423319133734 0.1872665822658056 0.0 
v 0.3040072260708144 0.20979502470665787 0.0 
v 0.31339049268770197 0.05950453210725487 0.0 
v 0.3012004392076299 0.05136580939565178 0.0 
v 0.2536107185811412 0.14016594097649065 0.0 
v 0.015770721883479437 0.11209396561914027 0.0 
v 0.020701506861938716 0.08442396278994865 0.0 
v 0.05636819900780725 0.0865368810473626 0.0 
v 0.07038999795874189 0.14520716793864305 0.0 
v 0.13295233314986624 0.14579246380324112 0.0 
v 0.14608742573347283 0.1440070503473356 0.0 
v 0.1335665250520824 0.15887433214243568 0.0 
v 0.04781640060768668 0.07209035778727486 0.0 
v 0.2350713093131031 0.10557765911376994 0.0 
v 0.23950244934614465 0.11728118946532202 0.0 
v 0.23096463019586821 0.1280107326371264 0.0 
v 0.16827625337275698 0.13719050202908348 0.0 
v 0.21117736476255267 0.12873673146610903 0.0 
v 0.17655336420871262 0.11735206824088806 0.0 
v 0.2824556297528491 0.07833441765639233 0.0 
v 0.30751227672543413 0.12615864898583526 0.0 
v 0.3550115998555148 0.1134853052584222 0.0 
v 0.3161158659224992 0.15219838634320443 0.0 
v 0.3095375613242405 0.16255486821111703 0.0 
v 0.3053173379347652 0.14919431919901852 0.0 
v 0.31627909583624697 0.1395377692768609 0.0 
v 0.33581491351497517 0.13889838296626814 0.0 
v 0.3333424321385859 0.15647475103238134 0.0 
v 0.3551253635392614 0.15057688597432356 0.0 
v 0.34857635770896217 0.1808703993415841 0.0 
v 0.3429725870941019 0.14886734545269475 0.0 
v 0.35072829927735627 0.13574470521605334 0.0 
v 0.34705053057393315 0.16392865360446343 0.0 
v 0.3681342730655586 0.16756198419514517 0.0 
v 0.3360641220413744 0.17345770753397594 0.0 
v 0.3359930670940958 0.187843989822708 0.0 
v 0.3546469645452249 0.20666389753516237 0.0 
v 0.3479741100687026 0.19462326117487028 0.0 
v 0.3681547671470264 0.18861736921508848 0.0 
v 0.3364107372948323 0.20890096660891086 0.0 
v 0.3565817804846371 0.17160982240538608 0.0 
v 0.3202675907926055 0.2114721763474556 0.0 
v 0.34949455725558026 0.2401102322245355 0.0 
v 0.31009128328910734 0.2304712468530189 0.0 
v 0.33139178838950406 0.2293522432985453 0.0 
v 0.3112861851560408 0.21888640282911295 0.0 
v 0.287295226126458 0.2279527413004302 0.0 
v 0.2985976934782943 0.22158575277145146 0.0 
v 0.3473245667513949 0.2224208186834374 0.0 
v 0.37425839006176914 0.2253573778747834 0.0 
v 0.3612885337751898 0.21933015681011833 0.0 
v 0.3720511664681071 0.20561236931790716 0.0 
v 0.36247681246395635 0.2337415212141802 0.0 
v 0.3784280770199281 0.24368664532044118 0.0 
v 0.3628471078378859 0.2509124972536701 0.0 
v 0.40023041364028517 0.19020762815589376 0.0 
v 0.3858697883334381 0.23235483544653993 0.0 
v 0.3892032173209609 0.21369087623119565 0.0 
v 0.39935076780791656 0.22513291260113302 0.0 
v 0.40730310140817727 0.20785948426234635 0.0 
v 0.42489023492738937 0.23701691187233465 0.0 
v 0.4104445497847208 0.23467663833662009 0.0 
v 0.42024501733182645 0.2199360030311993 0.0 
v 0.413518732980079 0.26145498978320253 0.0 
v 0.4082052005167433 0.248499353483376 0.0 
v 0.39053319777272666 0.2633146682557754 0.0 
v 0.34057933095514703 0.2647838333458481 0.0 
v 0.3839683227100009 0.19393599530368824 0.0 
v 0.43518239564136424 0.19095529695396068 0.0 
v 0.3759525640784251 0.2587601451044831 0.0 
v 0.37516896781826264 0.2868848479131301 0.0 
v 0.35981159009160396 0.2708485504503746 0.0 
v 0.379527077214102 0.2729330038693866 0.0 
v 0.402080793160683 0.28763465159411145 0.0 
v 0.38873062222147275 0.2834644856129102 0.0 
v 0.3900246096673325 0.30277635976277884 0.0 
v 0.3892731331794444 0.2505449979144133 0.0 
v 0.3493105988423685 0.25399121755672116 0.0 
v 0.3312385244403494 0.2482989621445863 0.0 
v 0.3805008197061646 0.17807764980509033 0.0 
v 0.39432137001894146 0.20176356004714446 0.0 
v 0.4236266765973949 0.2033390929109594 0.0 
v 0.45284736545602733 0.22024176811431267 0.0 
v 0.417797639382965 0.18631642558483094 0.0 
v 0.4365030706007201 0.22468666075761942 0.0 
v 0.4107777257163177 0.19622442448528335 0.0 
v 0.40472972990624984 0.16060912294025553 0.0 
v 0.43012158618481494 0.17502609906951583 0.0 
v 0.44064183531581225 0.20763308090618673 0.0 
v 0.45255478648840014 0.25143814037256546 0.0 
v 0.4315784284262675 0.1446176106488262 0.0 
v 0.4674772255855861 0.18961610846327104 0.0 
v 0.4407562773028962 0.24032610809627042 0.0 
v 0.45740922387217486 0.2036137975341099 0.0 
v 0.45078836637974007 0.1772286539254648 0.0 
v 0.45608353760660336 0.23587167707085152 0.0 
v 0.43382236428570137 0.2595080967082447 0.0 
v 0.43799651076863944 0.160164237156498 0.0 
v 0.4872572659593187 0.21446274261313097 0.0 
v 0.4539010008650785 0.19047085849409934 0.0 
v 0.48191420721717626 0.24991041099039768 0.0 
v 0.43095530089928596 0.2476274783236684 0.0 
v 0.4511358139093307 0.145641870022497 0.0 
v 0.4409738085321548 0.17125912450490724 0.0 
v 0.4533304558209396 0.1619963146418179 0.0 
v 0.46747386704453103 0.17218496674795028 0.0 
v 0.47126588728773666 0.22457819290545075 0.0 
v 0.47386322705924955 0.2048289233510412 0.0 
v 0.4670190474558387 0.24653383722120714 0.0 
v 0.4769936400935284 0.23707465293896038 0.0 
v 0.4684808935269985 0.27462713328848276 0.0 
v 0.5020713109659097 0.23482219305854088 0.0 
v 0.46378808838933705 0.2607866433991745 0.0 
v 0.48985205300399315 0.23950642586830928 0.0 
v 0.5018340746664671 0.2524829932144701 0.0 
v 0.4482235706485659 0.27377982792338007 0.0 
v 0.47186006983012996 0.1511853071396168 0.0 
v 0.49837615190992524 0.1808945838388284 0.0 
v 0.4639544374362442 0.21434922165783266 0.0 
v 0.5079047063819755 0.27108465074635524 0.0 
v 0.4649986158315188 0.16071005727174817 0.0 
v 0.4791406433429243 0.16366390517316415 0.0 
v 0.4976214684740282 0.14451815778384514 0.0 
v 0.4819990834442831 0.17982502075662768 0.0 
v 0.4856810098287612 0.1514847566525364 0.0 
v 0.4793013812077887 0.12683431801152936 0.0 
v 0.5002040517610421 0.1626606197724126 0.0 
v 0.48596754558508065 0.13825984452308535 0.0 
v 0.5028887699825016 0.1207298107971704 0.0 
v 0.4898698442097668 0.19670256403007697 0.0 
v 0.4900016721219829 0.17007624518882075 0.0 
v 0.5310743403275044 0.1490111810582202 0.0 
v 0.4792339224615372 0.1913885574869761 0.0 
v 0.5182910324120421 0.2018034445264322 0.0 
v 0.523773092138901 0.17423194767180067 0.0 
v 0.513714271791323 0.15148239047242293 0.0 
v 0.5049145423247974 0.1946055268131239 0.0 
v 0.5124014084551025 0.18262077074764393 0.0 
v 0.504277309509752 0.21181803140115243 0.0 
v 0.5114836656962287 0.16947470120236313 0.0 
v 0.5258727334988446 0.1889801700955243 0.0 
v 0.5418606177266748 0.17918047369277215 0.0 
v 0.5336079936637139 0.20220656640814613 0.0 
v 0.511266860699605 0.13506224376668813 0.0 
v 0.5238669351560427 0.16059189933560308 0.0 
v 0.5402383098419788 0.16274766095716345 0.0 
v 0.5207048092326038 0.21999333011201727 0.0 
v 0.4972609805616016 0.22275304976309326 0.0 
v 0.5486738207895135 0.2049981004402233 0.0 
v 0.5431716835351992 0.1926422933728157 0.0 
v 0.5324852651592523 0.11304398367426734 0.0 
v 0.5577596131759597 0.16931437974264896 0.0 
v 0.5290762194789116 0.23882637834350973 0.0 
v 0.5306285510327517 0.21361877558630626 0.0 
v 0.518770918187059 0.1210607693311931 0.0 
v 0.5585202749855506 0.14062627453836973 0.0 
v 0.569793815894896 0.1819275129482159 0.0 
v 0.5291120419245031 0.22753335825591173 0.0 
v 0.5164990458345875 0.23313991559097016 0.0 
v 0.5114165422652629 0.09274062264862636 0.0 
v 0.533844714032824 0.13110858491371966 0.0 
v 0.5531934963078642 0.15483917264678562 0.0 
v 0.5443726124275331 0.1434285921447902 0.0 
v 0.5750129416744798 0.15491212289727602 0.0 
v 0.5488542556693139 0.1289406220702179 0.0 
v 0.5744027034745295 0.1176482625866011 0.0 
v 0.5632209946268035 0.12689743493750358 0.0 
v 0.5532153286775845 0.10807395606644077 0.0 
v 0.5803222493903879 0.13618825010139304 0.0 
v 0.5121699127470157 0.2450884487169649 0.0 
v 0.519087604138332 0.10586353857460425 0.0 
v 0.5041179329097062 0.10581059438750488 0.0 
v 0.5374899778730213 0.0863028094418079 0.0 
v 0.4880449565674331 0.11199661788271058 0.0 
v 0.4743796581403906 0.08060960759915226 0.0 
v 0.5313891423576578 0.09899992746359482 0.0 
v 0.49939399077094376 0.09459977150995619 0.0 
v 0.5027033361951478 0.07619763362971614 0.0 
v 0.5447651739777264 0.09761272044309013 0.0 
v 0.5611769281061596 0.07906084923100153 0.0 
v 0.5596426571839476 0.09423876412487894 0.0 
v 0.5502320588612709 0.08562098281724025 0.0 
v 0.5426523278548474 0.06337370164943132 0.0 
v 0.5740053111136669 0.08802411986948584 0.0 
v 0.5669000501149694 0.10602083357864829 0.0 
v 0.576660941409731 0.07056160373667689 0.0 
v 0.5868748075139814 0.1026662190785887 0.0 
v 0.5235352719244387 0.1386788809290355 0.0 
v 0.4522208643559931 0.11188059931136556 0.0 
v 0.5213476335367486 0.07694378766911371 0.0 
v 0.5610346803937067 0.06044761037860436 0.0 
v 0.6053352133968075 0.05519168780217033 0.0 
v 0.4638468227808028 0.12282417048599872 0.0 
v 0.4893020641745024 0.08328625482465306 0.0 
v 0.4792000895295005 0.09667032947945609 0.0 
v 0.5234637289094854 0.08929426301085851 0.0 
v 0.5000643556529113 0.05286451961188811 0.0 
v 0.5341283785446441 0.07350027583978125 0.0 
v 0.5279165205346503 0.05962073785435871 0.0 
v 0.530627506326898 0.02999790609203336 0.0 
v 0.5531017761035092 0.06981539888468505 0.0 
v 0.5817345208592616 0.04559446016461096 0.0 
v 0.593165633488736 0.06692046051810098 0.0 
v 0.47034300517872574 0.1374092407156068 0.0 
v 0.45157618958192336 0.13432572726083392 0.0 
v 0.4898220782644558 0.10075568366846074 0.0 
v 0.5501763579884988 0.05143727525956258 0.0 
v 0.5572083378025158 0.03500744945745466 0.0 
v 0.5742989337476947 0.057082546116337 0.0 
v 0.5646554849032136 0.046895188983264086 0.0 
v 0.5693249303729069 0.015906481377972258 0.0 
v 0.572251776255738 0.03385992064885746 0.0 
v 0.5895938003846096 0.029544535778149746 0.0 
v 0.5921814095516863 0.05372138267089157 0.0 
v 0.6003043609684645 0.040625098925009574 0.0 
v 0.6128631350443822 0.016383511495088807 0.0 
v 0.6231655809181657 0.040881581068403235 0.0 
v 0.6034412090088594 0.026876258473866505 0.0 
v 0.6116890637894126 0.04484521761728907 0.0 
v 0.6139902651953836 0.032911567265299535 0.0 
v 0.6229635074103117 0.058893154302842 0.0 
v 0.46988859577783326 0.10878752680235124 0.0 
v 0.5583662579093007 0.017984797572425687 0.0 
v 0.5788970005511295 0.023561294919418174 0.0 
v 0.6236735649165143 0.018700342748101364 0.0 
v 0.6269329212324171 0.029871422913129903 0.0 
v 0.6511945954439124 0.03102145888277119 0.0 
v 0.6386101191065839 0.04001661742871436 0.0 
v 0.6530378962557972 0.04690088287467834 0.0 
v 0.6128764809893813 0.08076892699873738 0.0 
v 0.6338202343872661 0.07716271963188193 0.0 
v 0.6395120299753604 0.0566871487986298 0.0 
v 0.6004271164979902 0.0775367105203038 0.0 
v 0.6095895331283474 0.06783769603257032 0.0 
v 0.6025615705343316 0.0949069435747919 0.0 
v 0.6801136059631561 0.05553222665034481 0.0 
v 0.6072108556220743 0.12404274091503167 0.0 
v 0.66023905538702 0.07109417038578694 0.0 
v 0.6322934485424295 0.06570941638444086 0.0 
v 0.6460845811656698 0.06934462210565843 0.0 
v 0.6222987763794094 0.07287017493220105 0.0 
v 0.654469070947773 0.05964325242123561 0.0 
v 0.6677027511932349 0.06015412781636428 0.0 
v 0.678246906070787 0.06949364635041676 0.0 
v 0.6507023644371407 0.09011726151816675 0.0 
v 0.6993081580307176 0.08976708245529053 0.0 
v 0.6847400380574148 0.08382475344674706 0.0 
v 0.6840851387639603 0.10625894517308022 0.0 
v 0.6886105992448245 0.09516439771115533 0.0 
v 0.6715255391729767 0.09466565035684049 0.0 
v 0.6273409991784015 0.10215386833538187 0.0 
v 0.6003621053384001 0.11019676745617002 0.0 
v 0.6132780685370798 0.10425163885863763 0.0 
v 0.5907983160896961 0.12354419915643768 0.0 
v 0.6187001914241471 0.09241412311008385 0.0 
v 0.6225026867501796 0.11790510386376285 0.0 
v 0.6701787695446624 0.08082267575509594 0.0 
v 0.5984945992292258 0.14058278713254227 0.0 
v 0.6501773971163386 0.11778724334441357 0.0 
v 0.587033584339892 0.1482059894512477 0.0 
v 0.6062779265102055 0.16471160598171142 0.0 
v 0.5872292393917162 0.16268317487974363 0.0 
v 0.5989834746986882 0.1537448472199512 0.0 
v 0.6220717385287368 0.1462971758332069 0.0 
v 0.59560367982966 0.174495955268836 0.0 
v 0.6182857552827412 0.18852627532382574 0.0 
v 0.5812539417374574 0.1983932522357167 0.0 
v 0.6089233559395081 0.1783123554014271 0.0 
v 0.5895066482095626 0.18709181857287135 0.0 
v 0.6281730924068023 0.16751051238198336 0.0 
v 0.603660683690319 0.19253418023800253 0.0 
v 0.6180781292530453 0.2164564451483602 0.0 
v 0.6142430651895003 0.20246207959031126 0.0 
v 0.6409687467803801 0.20266075175000584 0.0 
v 0.599140746431132 0.21412344081039747 0.0 
v 0.627577888066651 0.20633042872249927 0.0 
v 0.6407786423551548 0.22823388864764277 0.0 
v 0.6310893102643828 0.21914380681722148 0.0 
v 0.6198197688726251 0.24086536056816255 0.0 
v 0.636321665294317 0.11353117344082951 0.0 
v 0.6412307654124056 0.10042308629875651 0.0 
v 0.6377307758132796 0.1336256413779329 0.0 
v 0.6329119806999601 0.0902627261910414 0.0 
v 0.6555181643928064 0.10404859990852934 0.0 
v 0.668873622729172 0.11714781563276304 0.0 
v 0.6118330678589649 0.13704521450684348 0.0 
v 0.6671501542487899 0.10554703344110093 0.0 
v 0.6727698865377654 0.13114482549279144 0.0 
v 0.6602451397027034 0.1385087832198211 0.0 
v 0.683037862003153 0.12086543657466566 0.0 
v 0.7075562353941302 0.13382527368639927 0.0 
v 0.6942495776991078 0.11432851967129304 0.0 
v 0.6948360018892761 0.12821759740682553 0.0 
v 0.679561778701715 0.15702972533799223 0.0 
v 0.6725153915620135 0.1450451080577125 0.0 
v 0.694398673252253 0.14644049475751078 0.0 
v 0.6547931648472102 0.16352871723505574 0.0 
v 0.661047610756041 0.15178761983779815 0.0 
v 0.6436601200485508 0.15006176844797264 0.0 
v 0.6598143043015886 0.12591158776761394 0.0 
v 0.6847861855502203 0.137093109708782 0.0 
v 0.7081872029740439 0.14599018284243814 0.0 
v 0.7053983548733995 0.18142167919784374 0.0 
v 0.6483326536285525 0.13908857766284743 0.0 
v 0.6411739149491458 0.16345238377315502 0.0 
v 0.6478736763638927 0.18309216283582994 0.0 
v 0.6335193290493983 0.14443249477448336 0.0 
v 0.6261628706553654 0.13534164183311717 0.0 
v 0.6294713587310758 0.15565300637237844 0.0 
v 0.6179565775805483 0.16039209058314433 0.0 
v 0.6940350564592425 0.16161984861696652 0.0 
v 0.7071082627136785 0.16978838559816117 0.0 
v 0.695383546206881 0.17400735138792223 0.0 
v 0.6837270853260399 0.1690091117989433 0.0 
v 0.6904720296380664 0.19111237111464538 0.0 
v 0.6690458831445325 0.16740001178444044 0.0 
v 0.6746713409919848 0.1838532874757316 0.0 
v 0.6721589672128909 0.21829818593712363 0.0 
v 0.6613937334756318 0.17920464434105446 0.0 
v 0.6615722831571201 0.19998095622064632 0.0 
v 0.6851494021766714 0.20728789446681323 0.0 
v 0.6970398513143519 0.22498275308662052 0.0 
v 0.6726997103784901 0.20576768473723325 0.0 
v 0.6849733369253581 0.22024865900178872 0.0 
v 0.6868353362292235 0.23324763317864294 0.0 
v 0.6681430758996943 0.24859729544988454 0.0 
v 0.6995091952535974 0.21483550974191554 0.0 
v 0.6789861518576025 0.19528738157877884 0.0 
v 0.2873486826059679 0.19553126508605037 0.0 
v 0.29956446847588564 0.19812411266304006 0.0 
v 0.31204170941527504 0.20005547710629168 0.0 
v 0.2915355523218068 0.2078615410050943 0.0 
v 0.29595209753973545 0.040253710245880904 0.0 
v 0.03118270535874765 0.10056604226125021 0.0 
v 0.2446012133012746 0.12849576615753067 0.0 
v 0.3299890381692347 0.11895774079200634 0.0 
v 0.3360849083358758 0.10685356493866965 0.0 
v 0.37660860283799075 0.14529112024498908 0.0 
v 0.32485481721626935 0.18220013406016738 0.0 
v 0.29814636172254155 0.2341621534045903 0.0 
v 0.3570466424471742 0.2888681893051479 0.0 
v 0.36379874942395446 0.31173855104622356 0.0 
v 0.33170869065792064 0.29039884776853747 0.0 
v 0.34695333849681004 0.27809751745580075 0.0 
v 0.35776192312262384 0.3010889206132905 0.0 
v 0.37160070340946305 0.30028012609286686 0.0 
v 0.3798369493869723 0.3087296268806407 0.0 
v 0.44852405785974064 0.31850712795979164 0.0 
v 0.3379779723043692 0.2388794996249823 0.0 
v 0.3066465313917458 0.26203122153492736 0.0 
v 0.3212055214311342 0.23874382378164916 0.0 
v 0.3175344371676184 0.252643455966674 0.0 
v 0.39384357062490427 0.1784856940788809 0.0 
v 0.41275251251374806 0.17270595165500066 0.0 
v 0.4458866858767619 0.2617361195704523 0.0 
v 0.4575590407966643 0.2931670476389158 0.0 
v 0.42574019903695665 0.28206537816516947 0.0 
v 0.48987487958262455 0.26667726513323653 0.0 
v 0.47674639364735105 0.2641087793275687 0.0 
v 0.49734676746131196 0.2751931995570442 0.0 
v 0.48333813384144286 0.27994849873325006 0.0 
v 0.4825109460556161 0.2991206759078976 0.0 
v 0.47170895448171657 0.2890157678259442 0.0 
v 0.5708861443079309 0.16750391212823498 0.0 
v 0.54442469215587 0.11712579723041903 0.0 
v 0.5704592028191474 0.14350618761784373 0.0 
v 0.5760275555365502 0.09922348641937463 0.0 
v 0.5125406884503757 0.06369721762741687 0.0 
v 0.5176841913477819 0.05206185683157905 0.0 
v 0.5308437007644039 0.04495315771670305 0.0 
v 0.5430141680030999 0.037298031892809 0.0 
v 0.5812878516803884 0.20966976696781187 0.0 
v 0.5921845525819719 0.203998690822504 0.0 
v 0.5785254493636869 0.24486438465811455 0.0 
v 0.6336817009324243 0.18908693700334375 0.0 
v 0.6263235820596662 0.17947410999656688 0.0 
v 0.6376773051253104 0.1751045757143575 0.0 
v 0.6504488298004708 0.195003349508063 0.0 
v 0.654296206050071 0.21640423234075695 0.0 
v 0.6616405022717973 0.23231974317096937 0.0 
v 0.67430851681939 0.2308667648207318 0.0 
v 0.6478848417633184 0.24725247243402432 0.0 
v 0.03300372841214925 0.08184008448481064 0.0 
v 0.020330891452759473 0.09613841505735496 0.0 
v 0.042917350885474416 0.09799189742205898 0.0 
v 0.04006598728506535 0.1104550975247447 0.0 
v 0.37599305085134804 0.1578046191907853 0.0 
v 0.36455549477575144 0.14260364590995306 0.0 
v 0.3319156337797855 0.27612702704846825 0.0 
v 0.32354144070831764 0.2651100677689106 0.0 
v 0.34438922912242803 0.29051666719656977 0.0 
v 0.40526753956705674 0.3228086331750589 0.0 
v 0.4159405104778255 0.29347392870616545 0.0 
v 0.30828805585659697 0.24341201410389524 0.0 
v 0.4580687753517416 0.2809803462561849 0.0 
v 0.44640552356212887 0.2865965171414015 0.0 
v 0.43489244105920616 0.28971453166397376 0.0 
v 0.436979833106648 0.27791703552683333 0.0 
v 0.4276856945486328 0.27003589867227923 0.0 
v 0.415462448469996 0.2742311254461099 0.0 
v 0.40261376113326086 0.2696499559020365 0.0 
v 0.49837188582843767 0.06487172999780891 0.0 
v 0.5931082942826158 0.22504873083418492 0.0 
v 0.6073187079881126 0.22576701109566252 0.0 
v 0.5799236054935024 0.23290533317901083 0.0 
v 0.593408022520809 0.2405430791076846 0.0 
v 0.5905212123952082 0.25838934545790393 0.0 
v 0.5771272932338714 0.25682343613721825 0.0 
v 0.6064783325355344 0.25181394927291023 0.0 
v 0.6015493486777467 0.28980818539169767 0.0 
v 0.6063298928259718 0.23877213405333356 0.0 
v 0.6289510289868075 0.2655952040094985 0.0 
v 0.5916044106483809 0.2756540181673926 0.0 
v 0.620101807348213 0.25481195784801575 0.0 
v 0.6330523548511099 0.24757391179676788 0.0 
v 0.6105583213877109 0.27166643565939474 0.0 
v 0.573353795007748 0.29296774843589246 0.0 
v 0.5995724051669232 0.26648778365386316 0.0 
v 0.5745414660559018 0.28087511802610726 0.0 
v 0.5860866680864155 0.2881136621313689 0.0 
v 0.5915760050888866 0.30941941000307016 0.0 
v 0.6423271781425932 0.21467719656001644 0.0 
v 0.6501748596757283 0.2355599286533893 0.0 
v 0.39358664482298233 0.3215775264300783 0.0 
v 0.4006595361469949 0.3104994974713072 0.0 
v 0.41826128715594246 0.3109272553516935 0.0 
v 0.4053206494062769 0.2993126328973717 0.0 
v 0.4249643842030027 0.301154980847551 0.0 
v 0.4311122990947355 0.312557085814253 0.0 
v 0.44453855818290927 0.3025175511329338 0.0 
v 0.4569125292319087 0.3060074844166443 0.0 
v 0.6562292742095592 0.27480913451221484 0.0 
v 0.6272204969896952 0.2912484179294717 0.0 
v 0.5721661239595958 0.30506037884567777 0.0 
v 0.5833468785152108 0.30005385207364144 0.0 
v 0.6207493488877662 0.34069536962712965 0.0 
v 0.6572482879868623 0.259458847191604 0.0 
v 0.6771098049433631 0.2684863013020274 0.0 
v 0.643914075223362 0.26628263532328794 0.0 
v 0.641591740445464 0.28279382813843573 0.0 
v 0.6609749814344775 0.30091806529879855 0.0 
v 0.629399279095962 0.27851041903474383 0.0 
v 0.6171176228538869 0.28296502774273097 0.0 
v 0.6140192193861327 0.29704671253868276 0.0 
v 0.629653633821474 0.31471523003632584 0.0 
v 0.624671544330736 0.30337224889346315 0.0 
v 0.6425076974865008 0.30079231285415137 0.0 
v 0.6099860790581546 0.31658804452634215 0.0 
v 0.6542821754687138 0.28864881892737865 0.0 
v 0.670365975254865 0.28385483079823853 0.0 
v 0.6516695322352074 0.311400387005101 0.0 
v 0.6717111325980272 0.3198203601698164 0.0 
v 0.7009820532349171 0.2881255156917888 0.0 
v 0.6862762913861302 0.2816725135765071 0.0 
v 0.7068926898411719 0.25318092649683765 0.0 
v 0.685572918136125 0.3032584314087726 0.0 
v 0.6902471463051415 0.29260632173137585 0.0 
v 0.7012086646279343 0.3037679193958787 0.0 
v 0.6779582079896448 0.29356543907483706 0.0 
v 0.6729660117479258 0.30532476776803164 0.0 
v 0.7288250254851042 0.29554499805848206 0.0 
v 0.6927446459190743 0.3233428218538237 0.0 
v 0.7138572002503196 0.295761836837936 0.0 
v 0.7157140117599373 0.27795900688591285 0.0 
v 0.7217255082051482 0.32218724246934716 0.0 
v 0.7140646878600496 0.31008417479169065 0.0 
v 0.7072396701827435 0.3228802233793389 0.0 
v 0.7157110531772091 0.34821312758200973 0.0 
v 0.7150479570605243 0.33435199114796826 0.0 
v 0.7399514761945484 0.3401070728760476 0.0 
v 0.6973320007202419 0.34214592508824854 0.0 
v 0.7266881011004769 0.3407415729807742 0.0 
v 0.7344445822959291 0.36393662805059823 0.0 
v 0.7032064642251549 0.27559178128760464 0.0 
v 0.7380833099985198 0.271395292746655 0.0 
v 0.709979306830315 0.26519721525507317 0.0 
v 0.6947793014392771 0.26269705853373615 0.0 
v 0.7261605616787804 0.272161689698096 0.0 
v 0.732858806433417 0.28324190144222894 0.0 
v 0.7618565864906638 0.30099435138444 0.0 
v 0.7444797030209434 0.2938648318212644 0.0 
v 0.7385519542701438 0.31240403810375034 0.0 
v 0.682684237011722 0.2556407851952592 0.0 
v 0.7497476232871682 0.30576647916441246 0.0 
v 0.7522476118409986 0.32274397678528394 0.0 
v 0.6795949714543511 0.24348678880331193 0.0 
v 0.7668735983934589 0.34384489480328534 0.0 
v 0.7388292816693917 0.32627689629381484 0.0 
v 0.7680521838121142 0.3320638126482509 0.0 
v 0.7546823372245558 0.3366757806503077 0.0 
v 0.7525173787512318 0.354307679764236 0.0 
v 0.755421147835815 0.38502665029682276 0.0 
v 0.7490336334521394 0.36954405702501003 0.0 
v 0.7349456508909322 0.38441512574170184 0.0 
v 0.5742689963903819 0.33947055723396413 0.0 
v 0.5989754844651195 0.3257652012073066 0.0 
v 0.6119679569769442 0.330159606791875 0.0 
v 0.6255006043376314 0.3278078161103175 0.0 
v 0.5986425519234634 0.35019357857461464 0.0 
v 0.6394130637621313 0.34025652334180917 0.0 
v 0.5846927505815026 0.3223830585464163 0.0 
v 0.5888569990833522 0.336646453010849 0.0 
v 0.5837722998585158 0.34947072746051755 0.0 
v 0.63819685859818 0.32761721778456304 0.0 
v 0.6680762054071513 0.3502850176707459 0.0 
v 0.6308591597258743 0.37356156426479736 0.0 
v 0.6553643801548126 0.340641262308543 0.0 
v 0.6304392386812658 0.3557027218671717 0.0 
v 0.6631408701639491 0.32991921087622916 0.0 
v 0.6799038595453487 0.33545896266729547 0.0 
v 0.6470373715736588 0.35501591524153264 0.0 
v 0.6124423345699819 0.3650602472759747 0.0 
v 0.6839942826987944 0.3508529946585282 0.0 
v 0.61774250943872 0.35326875583165807 0.0 
v 0.6237354509578791 0.36479470838353767 0.0 
v 0.6183596063164626 0.3764406675868463 0.0 
v 0.6135605728855126 0.40593099519295917 0.0 
v 0.5879551229923654 0.37810703721413513 0.0 
v 0.7009061321543276 0.362189941860069 0.0 
v 0.6031489819868625 0.37712090273577076 0.0 
v 0.5947133649385216 0.3646918983190984 0.0 
v 0.6750283775394009 0.37878736593996754 0.0 
v 0.6755718605265009 0.36355575553773545 0.0 
v 0.688712193989048 0.3716501204162492 0.0 
v 0.6579329000717737 0.3705518765564568 0.0 
v 0.7096245333102196 0.38601668005567313 0.0 
v 0.7014617626204116 0.3754950688135846 0.0 
v 0.7174096640701672 0.368164909207567 0.0 
v 0.6901798027356687 0.39267491052639364 0.0 
v 0.7238222804868583 0.3575707688663962 0.0 
v 0.7347108192059068 0.3514470683622795 0.0 
v 0.7279846319560123 0.37434006926806107 0.0 
v 0.7223156557547149 0.3856991246498291 0.0 
v 0.7308843152249795 0.4139194211015697 0.0 
v 0.7162818298506584 0.3983164246157378 0.0 
v 0.7298502574238092 0.3970537038268238 0.0 
v 0.6038454785787438 0.3051338180717985 0.0 
v 0.6832620722187124 0.3154062219034124 0.0 
v 0.7266101246564762 0.30805842524520954 0.0 
v 0.7450016785689622 0.3908053919686453 0.0 
v 0.6491418204274649 0.4237468254851994 0.0 
v 0.6288193190248533 0.39327844537254963 0.0 
v 0.7045332498115469 0.3512025080702521 0.0 
v 0.6588341947761769 0.3583312359469396 0.0 
v 0.6440247902764211 0.36871722272280666 0.0 
v 0.6485469186802502 0.3880704529529802 0.0 
v 0.7175054690431362 0.4118058121190662 0.0 
v 0.6924779817668966 0.42762511526156677 0.0 
v 0.7008488350183631 0.4065165635287141 0.0 
v 0.7017627633369248 0.3947794874330709 0.0 
v 0.680934836034181 0.41083348248245755 0.0 
v 0.6898672228078193 0.40394847222873326 0.0 
v 0.692935326157011 0.4155924229836923 0.0 
v 0.6781490134334531 0.3979824493647554 0.0 
v 0.705114169073241 0.41822357409224004 0.0 
v 0.6679031679153736 0.40693099356599244 0.0 
v 0.6637475641094002 0.391833054902118 0.0 
v 0.6131088213501797 0.3907218375055695 0.0 
v 0.6259551644131588 0.40535148751788347 0.0 
v 0.6418712969422803 0.40275109903420275 0.0 
v 0.6552985420885127 0.4022794601381709 0.0 
v 0.6369625317139157 0.38415695614267065 0.0 
v 0.6809955914831052 0.42884137253092613 0.0 
v 0.6617828219964057 0.4189764425089751 0.0 
v 0.6389561300415397 0.42059142332765637 0.0 
v 0.6469692417459855 0.41274245577744084 0.0 
v 0.34396105468723637 0.12290069691538363 0.0 
vt 0.040901657193899155 0.4445247948169708 
vt 0.059895433485507965 0.4881047308444977 
vt 0.10532281547784805 0.5054265260696411 
vt 0.15671148896217346 0.49471142888069153 
vt 0.19803115725517273 0.4720311462879181 
vt 0.23541174829006195 0.445411741733551 
vt 0.27978503704071045 0.42602336406707764 
vt 0.329621285200119 0.43438097834587097 
vt 0.35841554403305054 0.46958446502685547 
vt 0.37479695677757263 0.5172030329704285 
vt 0.39461442828178406 0.5613855719566345 
vt 0.42115625739097595 0.5988437533378601 
vt 0.4546550214290619 0.6293449997901917 
vt 0.4980333745479584 0.6499665975570679 
vt 0.5540004372596741 0.6558651924133301 
vt 0.6016616225242615 0.6396616101264954 
vt 0.6354217529296875 0.6094217300415039 
vt 0.6624966263771057 0.5724965929985046 
vt 0.6861416101455688 0.5321416258811951 
vt 0.7094459533691406 0.4914552867412567 
vt 0.7367381453514099 0.47687217593193054 
vt 0.7369005680084229 0.5309017300605774 
vt 0.7302015423774719 0.5882015824317932 
vt 0.7245110273361206 0.6461414098739624 
vt 0.7323940992355347 0.6996068358421326 
vt 0.7572984099388123 0.738701581954956 
vt 0.7937362194061279 0.7662637829780579 
vt 0.8425392508506775 0.7813823819160461 
vt 0.8975552320480347 0.775554895401001 
vt 0.9345480799674988 0.7485480904579163 
vt 0.9563373327255249 0.7063373923301697 
vt 0.9619843363761902 0.6498903036117554 
vt 0.9443182349205017 0.603681743144989 
vt 0.9050315022468567 0.5789808034896851 
vt 0.8695958852767944 0.5600461959838867 
vt 0.8814273476600647 0.5114273428916931 
vt 0.8896200656890869 0.45568832755088806 
vt 0.8865969181060791 0.39740216732025146 
vt 0.8698604702949524 0.3501395583152771 
vt 0.8406131267547607 0.3153868317604065 
vt 0.8005800843238831 0.2914198935031891 
vt 0.7487837076187134 0.2803191840648651 
vt 0.6962770223617554 0.2902770936489105 
vt 0.6560775637626648 0.31407755613327026 
vt 0.6230579018592834 0.3450579047203064 
vt 0.5945455431938171 0.38054555654525757 
vt 0.569972813129425 0.41997280716896057 
vt 0.5450931787490845 0.4589725732803345 
vt 0.5056522488594055 0.4582831561565399 
vt 0.4777242839336395 0.42227572202682495 
vt 0.45391300320625305 0.38208699226379395 
vt 0.4312279224395752 0.3407720923423767 
vt 0.4046870172023773 0.3033129870891571 
vt 0.3660295307636261 0.27797046303749084 
vt 0.313823401927948 0.2662448287010193 
vt 0.25519004464149475 0.2691904306411743 
vt 0.20356889069080353 0.28156888484954834 
vt 0.15723419189453125 0.29923418164253235 
vt 0.11557119339704514 0.3215712010860443 
vt 0.07924290001392365 0.3492428958415985 
vt 0.051498573273420334 0.3854984939098358 
vt 0.04057377204298973 0.4363756477832794 
vt 0.05039854720234871 0.46631476283073425 
vt 0.04603617265820503 0.4109370708465576 
vt 0.8199999928474426 0.656000018119812 
vt 0.7459999918937683 0.3659999966621399 
vt 0.515999972820282 0.5540000200271606 
vt 0.3659999966621399 0.35199999809265137 
vt 0.1379999965429306 0.4099999964237213 
vt 0.05518393591046333 0.4398689866065979 
vt 0.050945427268743515 0.42529699206352234 
vt 0.07394696772098541 0.40941426157951355 
vt 0.06963308900594711 0.42776378989219666 
vt 0.10431864112615585 0.4262363314628601 
vt 0.08316108584403992 0.45858731865882874 
vt 0.08676045387983322 0.4221085011959076 
vt 0.07190216332674026 0.4451483190059662 
vt 0.1028570681810379 0.3930465877056122 
vt 0.09158315509557724 0.4410013258457184 
vt 0.06646951287984848 0.4611354172229767 
vt 0.0989072397351265 0.40984758734703064 
vt 0.08260912448167801 0.4967656135559082 
vt 0.11847054958343506 0.4055820405483246 
vt 0.124125175178051 0.4561953544616699 
vt 0.07752307504415512 0.4775989353656769 
vt 0.13288567960262299 0.37163591384887695 
vt 0.12438520789146423 0.4248100817203522 
vt 0.10999690741300583 0.44400906562805176 
vt 0.10409525036811829 0.4651342034339905 
vt 0.13197019696235657 0.3912808895111084 
vt 0.15660972893238068 0.4407707750797272 
vt 0.1212310642004013 0.47662094235420227 
vt 0.09621764719486237 0.4828963279724121 
vt 0.11671996116638184 0.3807263970375061 
vt 0.09426042437553406 0.3694140315055847 
vt 0.11432003229856491 0.35753950476646423 
vt 0.1672530621290207 0.3830812871456146 
vt 0.1428224742412567 0.42809629440307617 
vt 0.1668536365032196 0.41200152039527893 
vt 0.13915257155895233 0.4459244906902313 
vt 0.1582527607679367 0.4251474142074585 
vt 0.18585723638534546 0.433821439743042 
vt 0.15508346259593964 0.4677440822124481 
vt 0.1510213315486908 0.45398440957069397 
vt 0.17228162288665771 0.4551874101161957 
vt 0.13840341567993164 0.4651889204978943 
vt 0.13101716339588165 0.5000689625740051 
vt 0.14437565207481384 0.48192334175109863 
vt 0.15150301158428192 0.39531970024108887 
vt 0.17185740172863007 0.4399220049381256 
vt 0.1773713231086731 0.4833712875843048 
vt 0.13121119141578674 0.4862218499183655 
vt 0.11612401157617569 0.4929353594779968 
vt 0.15010148286819458 0.3772621750831604 
vt 0.15146735310554504 0.3439301550388336 
vt 0.16511951386928558 0.3611835837364197 
vt 0.1460837423801422 0.36040353775024414 
vt 0.13132953643798828 0.3464653789997101 
vt 0.17002101242542267 0.47014716267585754 
vt 0.18445730209350586 0.46467798948287964 
vt 0.18664394319057465 0.44931715726852417 
vt 0.21672146022319794 0.45872145891189575 
vt 0.18887898325920105 0.3283553719520569 
vt 0.09740704298019409 0.3354070484638214 
vt 0.1513701230287552 0.3180658519268036 
vt 0.17236961424350739 0.3414187729358673 
vt 0.20500490069389343 0.3683502674102783 
vt 0.11478593945503235 0.3396550416946411 
vt 0.16815185546875 0.3191245496273041 
vt 0.184051513671875 0.3703917860984802 
vt 0.16064682602882385 0.33209046721458435 
vt 0.1364026963710785 0.31040269136428833 
vt 0.1364315152168274 0.328794926404953 
vt 0.1926490068435669 0.35008370876312256 
vt 0.19754436612129211 0.40032750368118286 
vt 0.17917433381080627 0.35635310411453247 
vt 0.22928237915039062 0.33253633975982666 
vt 0.184358611702919 0.3882620334625244 
vt 0.20027492940425873 0.3841056227684021 
vt 0.1815797984600067 0.404536634683609 
vt 0.23056985437870026 0.38461288809776306 
vt 0.19359707832336426 0.41773614287376404 
vt 0.21524479985237122 0.394966185092926 
vt 0.17899340391159058 0.42061400413513184 
vt 0.21591025590896606 0.37943241000175476 
vt 0.2272936999797821 0.3573237955570221 
vt 0.23959217965602875 0.4144865870475769 
vt 0.21089547872543335 0.4125066101551056 
vt 0.2304466962814331 0.4009493887424469 
vt 0.20563943684101105 0.4263453781604767 
vt 0.22441165149211884 0.4255576431751251 
vt 0.25683531165122986 0.39297962188720703 
vt 0.20849105715751648 0.33614376187324524 
vt 0.2080472856760025 0.3086743950843811 
vt 0.2206173837184906 0.34431466460227966 
vt 0.2073889523744583 0.35086309909820557 
vt 0.20255626738071442 0.32250136137008667 
vt 0.1804015338420868 0.29040154814720154 
vt 0.21844005584716797 0.3208054006099701 
vt 0.24745914340019226 0.350647896528244 
vt 0.2363942563533783 0.3150871992111206 
vt 0.26884689927101135 0.3027845025062561 
vt 0.25088557600975037 0.30435919761657715 
vt 0.2629057466983795 0.3360665738582611 
vt 0.22937947511672974 0.27537965774536133 
vt 0.24660624563694 0.32942327857017517 
vt 0.2611826956272125 0.31858769059181213 
vt 0.2930294871330261 0.32427263259887695 
vt 0.2584517300128937 0.28743743896484375 
vt 0.23291003704071045 0.29522934556007385 
vt 0.27630436420440674 0.3259213864803314 
vt 0.2442684918642044 0.28055769205093384 
vt 0.28450673818588257 0.2677176296710968 
vt 0.2875896990299225 0.354746013879776 
vt 0.27759847044944763 0.2856626510620117 
vt 0.27788200974464417 0.3419252336025238 
vt 0.2667323648929596 0.36045321822166443 
vt 0.18868069350719452 0.30898725986480713 
vt 0.21399813890457153 0.2937684655189514 
vt 0.23454461991786957 0.3454320430755615 
vt 0.24246086180210114 0.3693441152572632 
vt 0.26984840631484985 0.26845401525497437 
vt 0.30001965165138245 0.28399184346199036 
vt 0.28426361083984375 0.3835565149784088 
vt 0.1737075299024582 0.30452030897140503 
vt 0.19537238776683807 0.2948695123195648 
vt 0.24529023468494415 0.38381218910217285 
vt 0.2578722834587097 0.37384095788002014 
vt 0.2991650700569153 0.26698121428489685 
vt 0.33992648124694824 0.27210766077041626 
vt 0.29015418887138367 0.30287784337997437 
vt 0.28013908863067627 0.3684830963611603 
vt 0.30096012353897095 0.37088683247566223 
vt 0.2690991759300232 0.38404667377471924 
vt 0.27734386920928955 0.404296338558197 
vt 0.3001560866832733 0.31242427229881287 
vt 0.31385937333106995 0.3105826675891876 
vt 0.27945980429649353 0.3121340572834015 
vt 0.31671997904777527 0.34422382712364197 
vt 0.312761515378952 0.40377557277679443 
vt 0.2575984001159668 0.43571755290031433 
vt 0.3041869103908539 0.29818838834762573 
vt 0.30892446637153625 0.3257657587528229 
vt 0.3205094635486603 0.2856871485710144 
vt 0.33470675349235535 0.3257521390914917 
vt 0.2995118200778961 0.34061625599861145 
vt 0.30537259578704834 0.3555057942867279 
vt 0.33104610443115234 0.3699806332588196 
vt 0.3047031760215759 0.4302021563053131 
vt 0.30169087648391724 0.3891863226890564 
vt 0.31627437472343445 0.3794396221637726 
vt 0.33651360869407654 0.3947826623916626 
vt 0.3268749415874481 0.2691762447357178 
vt 0.321818470954895 0.33119532465934753 
vt 0.334716260433197 0.34375452995300293 
vt 0.326028972864151 0.35590866208076477 
vt 0.3420022428035736 0.35814398527145386 
vt 0.353819876909256 0.3347432315349579 
vt 0.351980984210968 0.3783693015575409 
vt 0.2950771450996399 0.4056999087333679 
vt 0.26261037588119507 0.41695237159729004 
vt 0.3155129849910736 0.36533665657043457 
vt 0.3523683547973633 0.3486945927143097 
vt 0.35607466101646423 0.3631710708141327 
vt 0.38084056973457336 0.3751803934574127 
vt 0.35590827465057373 0.3054930567741394 
vt 0.3838530480861664 0.3264721632003784 
vt 0.3386557996273041 0.3813067674636841 
vt 0.37019574642181396 0.4110288918018341 
vt 0.3492180407047272 0.31971505284309387 
vt 0.33432263135910034 0.3043700158596039 
vt 0.3672354519367218 0.31950610876083374 
vt 0.3853582739830017 0.290641725063324 
vt 0.3816462755203247 0.30843260884284973 
vt 0.3699483275413513 0.29670920968055725 
vt 0.37032678723335266 0.33601921796798706 
vt 0.39033612608909607 0.350012868642807 
vt 0.35592377185821533 0.39757946133613586 
vt 0.32161420583724976 0.29931819438934326 
vt 0.3459045886993408 0.2897638976573944 
vt 0.36734455823898315 0.38522571325302124 
vt 0.38601556420326233 0.39622172713279724 
vt 0.3483201861381531 0.41994521021842957 
vt 0.4175008535385132 0.3773210942745209 
vt 0.40435463190078735 0.4316694736480713 
vt 0.3988402187824249 0.3819105327129364 
vt 0.39018604159355164 0.41653189063072205 
vt 0.39454078674316406 0.3659743368625641 
vt 0.4124390184879303 0.35272490978240967 
vt 0.4073371887207031 0.4024268090724945 
vt 0.37595680356025696 0.4440498948097229 
vt 0.42386382818222046 0.41888585686683655 
vt 0.44257044792175293 0.3614295423030853 
vt 0.4086521863937378 0.36632317304611206 
vt 0.4237807095050812 0.3632097542285919 
vt 0.43451330065727234 0.37643900513648987 
vt 0.42698657512664795 0.3957713842391968 
vt 0.38795748353004456 0.43281739950180054 
vt 0.39777234196662903 0.45533043146133423 
vt 0.37194499373435974 0.427736759185791 
vt 0.35795366764068604 0.43982744216918945 
vt 0.41795745491981506 0.3220425248146057 
vt 0.34401842951774597 0.451982706785202 
vt 0.3639819324016571 0.454615980386734 
vt 0.3807383179664612 0.46153774857521057 
vt 0.4002591669559479 0.4886306822299957 
vt 0.3943195343017578 0.4723312556743622 
vt 0.4261837303638458 0.46995168924331665 
vt 0.3666062355041504 0.49339374899864197 
vt 0.41058722138404846 0.4756351411342621 
vt 0.37772905826568604 0.479265421628952 
vt 0.42846065759658813 0.5004417300224304 
vt 0.4160255789756775 0.49055907130241394 
vt 0.4047238826751709 0.5175443887710571 
vt 0.41596347093582153 0.33752137422561646 
vt 0.4013618230819702 0.3277725279331207 
vt 0.3443572521209717 0.43414032459259033 
vt 0.0594644732773304 0.40051475167274475 
vt 0.06537073850631714 0.36737069487571716 
vt 0.1080935001373291 0.3699016273021698 
vt 0.12488928437232971 0.44017887115478516 
vt 0.19982856512069702 0.4408799707889557 
vt 0.21556222438812256 0.4387413263320923 
vt 0.20056426525115967 0.45654985308647156 
vt 0.09784986823797226 0.35259708762168884 
vt 0.3221501111984253 0.39270931482315063 
vt 0.32745787501335144 0.40672817826271057 
vt 0.3172309994697571 0.4195803999900818 
vt 0.2421407401561737 0.43057623505592346 
vt 0.2935291528701782 0.42045003175735474 
vt 0.2520553469657898 0.4068130850791931 
vt 0.3789086639881134 0.3600764274597168 
vt 0.40892234444618225 0.41736191511154175 
vt 0.4658186435699463 0.40218135714530945 
vt 0.4192280173301697 0.4485531747341156 
vt 0.4113483130931854 0.4609585404396057 
vt 0.40629318356513977 0.4449548125267029 
vt 0.41942355036735535 0.4333878755569458 
vt 0.44282421469688416 0.4326219856739044 
vt 0.43986257910728455 0.4536755681037903 
vt 0.4659549295902252 0.4466108977794647 
vt 0.4581103026866913 0.48289749026298523 
vt 0.4513978958129883 0.4445631504058838 
vt 0.4606879651546478 0.4288444221019745 
vt 0.4562826156616211 0.4626041054725647 
vt 0.48153743147850037 0.466956228017807 
vt 0.4431227147579193 0.4740183353424072 
vt 0.44303759932518005 0.4912506937980652 
vt 0.4653818607330322 0.5137938261032104 
vt 0.45738890767097473 0.49937114119529724 
vt 0.4815619885921478 0.4921770691871643 
vt 0.4435378909111023 0.5164734721183777 
vt 0.46769946813583374 0.4718048572540283 
vt 0.424201101064682 0.5195533633232117 
vt 0.4592101573944092 0.5538569688796997 
vt 0.4120115637779236 0.5423110723495483 
vt 0.43752604722976685 0.5409706830978394 
vt 0.4134428799152374 0.5284343361854553 
vt 0.38470569252967834 0.5392943024635315 
vt 0.398244172334671 0.5316677093505859 
vt 0.45661085844039917 0.5326679944992065 
vt 0.48887309432029724 0.5361855030059814 
vt 0.4733373820781708 0.5289658904075623 
vt 0.48622921109199524 0.5125342607498169 
vt 0.4747607409954071 0.546228289604187 
vt 0.4938676953315735 0.5581409335136414 
vt 0.4752042889595032 0.5667963027954102 
vt 0.5199832916259766 0.49408194422721863 
vt 0.5027816295623779 0.5445672869682312 
vt 0.5067745447158813 0.522210955619812 
vt 0.5189296007156372 0.5359166264533997 
vt 0.5284551978111267 0.5152259469032288 
vt 0.5495216250419617 0.5501517057418823 
vt 0.5322180986404419 0.5473484396934509 
vt 0.5439574122428894 0.5296915769577026 
vt 0.5359004735946655 0.5794244408607483 
vt 0.529535710811615 0.5639057159423828 
vt 0.5083675980567932 0.581652045249939 
vt 0.4485311806201935 0.5834118127822876 
vt 0.5005039572715759 0.49854791164398193 
vt 0.5618499517440796 0.49497753381729126 
vt 0.49090245366096497 0.5761964321136475 
vt 0.4899638295173645 0.6098851561546326 
vt 0.47156822681427 0.5906763672828674 
vt 0.49518412351608276 0.5931732058525085 
vt 0.5221996903419495 0.6107833385467529 
vt 0.5062084197998047 0.6057881712913513 
vt 0.5077584385871887 0.6289205551147461 
vt 0.5068582892417908 0.5663560628890991 
vt 0.45898979902267456 0.5704841017723083 
vt 0.43734246492385864 0.5636656880378723 
vt 0.49635049700737 0.4795522391796112 
vt 0.5129052400588989 0.5079240202903748 
vt 0.5480080842971802 0.509811282157898 
vt 0.5830096006393433 0.5300578474998474 
vt 0.5410258769989014 0.48942092061042786 
vt 0.5634318590164185 0.535382091999054 
vt 0.5326172113418579 0.5012890696525574 
vt 0.5253726840019226 0.458627849817276 
vt 0.5557879209518433 0.4758969843387604 
vt 0.5683894157409668 0.5149547457695007 
vt 0.5826591849327087 0.5674259066581726 
vt 0.5575329661369324 0.43947267532348633 
vt 0.6005337834358215 0.49337339401245117 
vt 0.5685265064239502 0.5541155338287354 
vt 0.5884739756584167 0.5101402997970581 
vt 0.5805432796478271 0.4785352945327759 
vt 0.5868860483169556 0.5487799048423767 
vt 0.5602208375930786 0.5770924091339111 
vt 0.5652207732200623 0.4580949544906616 
vt 0.624226987361908 0.5231355428695679 
vt 0.5842717289924622 0.49439725279808044 
vt 0.6178268790245056 0.5655959248542786 
vt 0.5567865967750549 0.5628613829612732 
vt 0.5809594988822937 0.44069957733154297 
vt 0.5687870979309082 0.47138479351997375 
vt 0.5835883021354675 0.46028947830200195 
vt 0.6005297303199768 0.4724937975406647 
vt 0.6050719618797302 0.5352521538734436 
vt 0.6081831455230713 0.5115958452224731 
vt 0.5999849438667297 0.5615513920783997 
vt 0.6119328737258911 0.5502208471298218 
vt 0.6017360091209412 0.5952024459838867 
vt 0.6419717073440552 0.547522783279419 
vt 0.5961148142814636 0.57862389087677 
vt 0.6273350715637207 0.5531337261199951 
vt 0.6416875720024109 0.5686774849891663 
vt 0.5774710774421692 0.5941875576972961 
vt 0.6057837009429932 0.4473396837711334 
vt 0.6375455260276794 0.48292645812034607 
vt 0.5963140726089478 0.5229995846748352 
vt 0.6489591598510742 0.5909591913223267 
vt 0.5975648164749146 0.4587487578392029 
vt 0.6145045757293701 0.46228697896003723 
vt 0.6366415619850159 0.4393535554409027 
vt 0.6179285645484924 0.4816453158855438 
vt 0.6223388910293579 0.4476983845233917 
vt 0.6146971583366394 0.4181712567806244 
vt 0.6397350430488586 0.4610852003097534 
vt 0.6226820945739746 0.4318571388721466 
vt 0.6429508924484253 0.410859078168869 
vt 0.6273564100265503 0.5018618106842041 
vt 0.6275143027305603 0.46996790170669556 
vt 0.6767125129699707 0.44473543763160706 
vt 0.614616334438324 0.4954965114593506 
vt 0.6614002585411072 0.5079718232154846 
vt 0.6679668426513672 0.47494572401046753 
vt 0.6559180617332458 0.4476955533027649 
vt 0.6453774571418762 0.4993498921394348 
vt 0.6543454527854919 0.48499414324760437 
vt 0.6446141600608826 0.5199676156044006 
vt 0.6532461643218994 0.46924734115600586 
vt 0.6704818606376648 0.4926116466522217 
vt 0.6896327137947083 0.4808732569217682 
vt 0.679747462272644 0.5084546804428101 
vt 0.652986466884613 0.42802694439888 
vt 0.6680792570114136 0.4586072266101837 
vt 0.6876894235610962 0.46118947863578796 
vt 0.6642915606498718 0.5297602415084839 
vt 0.6362097263336182 0.5330659747123718 
vt 0.6977937817573547 0.5117984414100647 
vt 0.6912031173706055 0.49699828028678894 
vt 0.6784026026725769 0.4016527235507965 
vt 0.7086770534515381 0.46905529499053955 
vt 0.6743191480636597 0.5523191094398499 
vt 0.6761785745620728 0.5221245884895325 
vt 0.661975085735321 0.41125550866127014 
vt 0.7095882296562195 0.43469172716140747 
vt 0.7230920195579529 0.48416373133659363 
vt 0.6743620038032532 0.5387919545173645 
vt 0.6592537760734558 0.5455076694488525 
vt 0.6531657576560974 0.3773326873779297 
vt 0.6800310015678406 0.4232911169528961 
vt 0.7032076120376587 0.45171642303466797 
vt 0.6926416754722595 0.43804842233657837 
vt 0.7293436527252197 0.4518038034439087 
vt 0.6980099081993103 0.4206942617893219 
vt 0.7286127209663391 0.40716788172721863 
vt 0.7152189016342163 0.418246865272522 
vt 0.7032337784767151 0.39569947123527527 
vt 0.7357033491134644 0.42937570810317993 
vt 0.6540681719779968 0.5598200559616089 
vt 0.6623544096946716 0.39305174350738525 
vt 0.644423246383667 0.39298832416534424 
vt 0.6843973994255066 0.36962124705314636 
vt 0.6251704692840576 0.4003981649875641 
vt 0.6088017225265503 0.362801730632782 
vt 0.6770896315574646 0.3848302662372589 
vt 0.6387647390365601 0.37955963611602783 
vt 0.6427288055419922 0.35751691460609436 
vt 0.6931118965148926 0.38316863775253296 
vt 0.7127704620361328 0.36094656586647034 
vt 0.7109326124191284 0.3791272044181824 
vt 0.6996603012084961 0.3688045144081116 
vt 0.6905810236930847 0.34215599298477173 
vt 0.7281367182731628 0.3716830909252167 
vt 0.7196257710456848 0.39324015378952026 
vt 0.7313176989555359 0.3507658839225769 
vt 0.7435522079467773 0.3892218768596649 
vt 0.6676819920539856 0.43235906958580017 
vt 0.5822591781616211 0.40025919675827026 
vt 0.6650615334510803 0.35841068625450134 
vt 0.71260005235672 0.33865100145339966 
vt 0.7656646966934204 0.3323552906513214 
vt 0.5961851477622986 0.41336774826049805 
vt 0.6266763210296631 0.366007924079895 
vt 0.6145758032798767 0.3820398151874542 
vt 0.6675962805747986 0.3732044994831085 
vt 0.6395677328109741 0.32956773042678833 
vt 0.6803707480430603 0.35428592562675476 
vt 0.6729300022125244 0.337660551071167 
vt 0.6761773228645325 0.3021773397922516 
vt 0.7030977606773376 0.34987205266952515 
vt 0.7373949885368347 0.3208594024181366 
vt 0.7510876059532166 0.34640440344810486 
vt 0.603966474533081 0.4308382570743561 
vt 0.5814869403839111 0.42714470624923706 
vt 0.6272991895675659 0.3869333863258362 
vt 0.6995936036109924 0.3278581202030182 
vt 0.7080166935920715 0.3081779181957245 
vt 0.7284883856773376 0.33462023735046387 
vt 0.7169371843338013 0.3224174678325653 
vt 0.7225303649902344 0.2852981388568878 
vt 0.7260362505912781 0.3068033754825592 
vt 0.7468091249465942 0.301634281873703 
vt 0.7499086260795593 0.33059412240982056 
vt 0.7596386075019836 0.3149069547653198 
vt 0.7746819257736206 0.2858695387840271 
vt 0.7870225310325623 0.3152141571044922 
vt 0.7633960247039795 0.29843810200691223 
vt 0.7732755541801453 0.31996193528175354 
vt 0.776032030582428 0.3056674003601074 
vt 0.7867804765701294 0.3367890417575836 
vt 0.6034221649169922 0.39655420184135437 
vt 0.7094036936759949 0.28778761625289917 
vt 0.7339961528778076 0.29446732997894287 
vt 0.7876310348510742 0.2886447310447693 
vt 0.7915351986885071 0.30202582478523254 
vt 0.8205966353416443 0.303403377532959 
vt 0.8055225014686584 0.31417807936668396 
vt 0.8228046298027039 0.3224242925643921 
vt 0.7746978998184204 0.3629925847053528 
vt 0.7997850179672241 0.35867294669151306 
vt 0.8066028356552124 0.3341466188430786 
vt 0.7597856521606445 0.3591209053993225 
vt 0.7707606554031372 0.34750309586524963 
vt 0.7623423337936401 0.3799275755882263 
vt 0.855236828327179 0.3327631950378418 
vt 0.767911434173584 0.4148274064064026 
vt 0.8314303755760193 0.3514038324356079 
vt 0.7979562282562256 0.3449537754058838 
vt 0.8144756555557251 0.34930816292762756 
vt 0.785984218120575 0.3535311818122864 
vt 0.8245189189910889 0.33768752217292786 
vt 0.8403706550598145 0.3382994830608368 
vt 0.853000819683075 0.34948664903640747 
vt 0.8200070261955261 0.3741903305053711 
vt 0.8782286643981934 0.3737708628177643 
vt 0.8607785105705261 0.3666529357433319 
vt 0.8599940538406372 0.3935253620147705 
vt 0.8654147982597351 0.3802359402179718 
vt 0.8449497222900391 0.37963852286338806 
vt 0.7920240163803101 0.3886081874370575 
vt 0.7597077488899231 0.3982422351837158 
vt 0.7751789093017578 0.391120970249176 
vt 0.7482519149780273 0.41423022747039795 
vt 0.7816737294197083 0.37694159150123596 
vt 0.7862284779548645 0.4074755311012268 
vt 0.8433365225791931 0.3630569577217102 
vt 0.7574707865715027 0.4346396327018738 
vt 0.8193781971931458 0.4073343575000763 
vt 0.7437424063682556 0.44377097487449646 
vt 0.7667939066886902 0.4635419547557831 
vt 0.7439767718315125 0.46111223101615906 
vt 0.7580564022064209 0.4504055976867676 
vt 0.7857123017311096 0.4414845108985901 
vt 0.7540079355239868 0.47526195645332336 
vt 0.7811773419380188 0.49206796288490295 
vt 0.7368193864822388 0.5038869380950928 
vt 0.769962728023529 0.4798333942890167 
vt 0.7467047572135925 0.4903497099876404 
vt 0.7930207252502441 0.46689456701278687 
vt 0.763658881187439 0.496868759393692 
vt 0.7809286117553711 0.5255236625671387 
vt 0.776334822177887 0.5087607502937317 
vt 0.808347761631012 0.508998692035675 
vt 0.7582447528839111 0.5227290987968445 
vt 0.7923077344894409 0.5133943557739258 
vt 0.80812007188797 0.5396310687065125 
vt 0.7965138554573059 0.5287426710128784 
vt 0.7830148339271545 0.5547614693641663 
vt 0.802781343460083 0.40223628282546997 
vt 0.8086616396903992 0.38653498888015747 
vt 0.8044692277908325 0.4263061285018921 
vt 0.7986971139907837 0.37436455488204956 
vt 0.8257755637168884 0.39087775349617004 
vt 0.8417731523513794 0.4065684378147125 
vt 0.7734480500221252 0.4304022192955017 
vt 0.8397087454795837 0.3926726281642914 
vt 0.8464402556419373 0.4233345091342926 
vt 0.8314377069473267 0.4321553111076355 
vt 0.8587395548820496 0.41102153062820435 
vt 0.888108491897583 0.42654526233673096 
vt 0.8721693158149719 0.40319138765335083 
vt 0.8728717565536499 0.4198281764984131 
vt 0.8545758128166199 0.4543403387069702 
vt 0.8461353778839111 0.4399847388267517 
vt 0.8723479509353638 0.4416562020778656 
vt 0.824907124042511 0.4621250331401825 
vt 0.8323988914489746 0.44806116819381714 
vt 0.8115715980529785 0.4459938704967499 
vt 0.8309215903282166 0.41706597805023193 
vt 0.8608337640762329 0.430459588766098 
vt 0.888864278793335 0.4411167800426483 
vt 0.8855237364768982 0.4835578501224518 
vt 0.8171684741973877 0.43284982442855835 
vt 0.8085935115814209 0.46203359961509705 
vt 0.8166187405586243 0.48555880784988403 
vt 0.7994245886802673 0.4392509460449219 
vt 0.7906128168106079 0.4283616244792938 
vt 0.7945758104324341 0.4526912569999695 
vt 0.7807829976081848 0.45836788415908813 
vt 0.8719123601913452 0.45983853936195374 
vt 0.8875719308853149 0.4696230888366699 
vt 0.8735276460647583 0.4746766984462738 
vt 0.8595651388168335 0.4686896502971649 
vt 0.8676444888114929 0.4951656758785248 
vt 0.8419795036315918 0.4667622148990631 
vt 0.8487178683280945 0.486470490694046 
vt 0.8457084894180298 0.5277297496795654 
vt 0.8328135013580322 0.48090219497680664 
vt 0.8330273628234863 0.5057887434959412 
vt 0.8612688183784485 0.5145412683486938 
vt 0.875511646270752 0.5357367396354675 
vt 0.846356213092804 0.5127202868461609 
vt 0.8610579371452332 0.5300660729408264 
vt 0.8632883429527283 0.5456367135047913 
vt 0.8408980965614319 0.5640230774879456 
vt 0.8784694671630859 0.5235820412635803 
vt 0.8538863062858582 0.500166654586792 
vt 0.3847697079181671 0.5004587769508362 
vt 0.3994022011756897 0.5035645961761475 
vt 0.4143478572368622 0.5058780312538147 
vt 0.38978490233421326 0.5152283906936646 
vt 0.3950751721858978 0.3144620656967163 
vt 0.07792546600103378 0.38670623302459717 
vt 0.333565354347229 0.4201613962650299 
vt 0.4358457624912262 0.4087364077568054 
vt 0.4431476294994354 0.3942376375198364 
vt 0.49168825149536133 0.44027942419052124 
vt 0.42969584465026855 0.484490305185318 
vt 0.3977035582065582 0.5467321276664734 
vt 0.46825629472732544 0.6122608780860901 
vt 0.47634419798851013 0.6396557688713074 
vt 0.4379056394100189 0.6140943765640259 
vt 0.45616617798805237 0.599359393119812 
vt 0.4691130816936493 0.6268993020057678 
vt 0.485689640045166 0.6259304881095886 
vt 0.4955552816390991 0.636051595211029 
vt 0.5778310298919678 0.6477634310722351 
vt 0.445415198802948 0.55238276720047 
vt 0.40788534283638 0.5801146626472473 
vt 0.42532458901405334 0.5522202253341675 
vt 0.4209272265434265 0.5688697099685669 
vt 0.5123329162597656 0.4800410270690918 
vt 0.5349826812744141 0.4731178283691406 
vt 0.5746718645095825 0.5797612071037292 
vt 0.5886534452438354 0.6174101829528809 
vt 0.5505397319793701 0.6041122674942017 
vt 0.6273624300956726 0.585679829120636 
vt 0.6116366982460022 0.5826032161712646 
vt 0.6363124847412109 0.5958805084228516 
vt 0.6195325255393982 0.601576566696167 
vt 0.6185416579246521 0.6245416402816772 
vt 0.6056026816368103 0.6124376654624939 
vt 0.7244004607200623 0.4668866693973541 
vt 0.6927040219306946 0.4065420627593994 
vt 0.7238890528678894 0.4381413757801056 
vt 0.7305589914321899 0.38509806990623474 
vt 0.6545122861862183 0.34254351258277893 
vt 0.6606733798980713 0.3286062777042389 
vt 0.6764362454414368 0.32009124755859375 
vt 0.6910144686698914 0.31092166900634766 
vt 0.7368599772453308 0.5173943638801575 
vt 0.749912440776825 0.5106013417243958 
vt 0.7335510849952698 0.5595516562461853 
vt 0.7996190786361694 0.4927395284175873 
vt 0.7908052802085876 0.48122498393058777 
vt 0.804405152797699 0.47599098086357117 
vt 0.8197033405303955 0.49982643127441406 
vt 0.8243118524551392 0.5254611372947693 
vt 0.8331090807914734 0.5445252656936646 
vt 0.8482832908630371 0.5427848100662231 
vt 0.816632091999054 0.5624122023582458 
vt 0.08010675013065338 0.36427563428878784 
vt 0.06492680311203003 0.3814026713371277 
vt 0.09198161959648132 0.38362282514572144 
vt 0.08856616169214249 0.39855167269706726 
vt 0.49095094203948975 0.455268532037735 
vt 0.4772506356239319 0.43706029653549194 
vt 0.4381535053253174 0.5969991087913513 
vt 0.4281226396560669 0.5838026404380798 
vt 0.45309481024742126 0.614235520362854 
vt 0.526016891002655 0.652915894985199 
vt 0.538801372051239 0.6177778244018555 
vt 0.409851610660553 0.557811975479126 
vt 0.5892640352249146 0.6028125882148743 
vt 0.5752933621406555 0.609539806842804 
vt 0.5615026354789734 0.6132746934890747 
vt 0.5640029907226562 0.5991432070732117 
vt 0.5528701543807983 0.5897029638290405 
vt 0.5382286906242371 0.5947281122207642 
vt 0.5228381156921387 0.5892406702041626 
vt 0.6375404596328735 0.3439503610134125 
vt 0.7510188817977905 0.5358157753944397 
vt 0.7680405974388123 0.5366761684417725 
vt 0.7352258563041687 0.5452266931533813 
vt 0.7513779401779175 0.5543754696846008 
vt 0.747920036315918 0.575752317905426 
vt 0.7318763136863708 0.5738766193389893 
vt 0.7670339941978455 0.5678761005401611 
vt 0.7611298561096191 0.613386869430542 
vt 0.7668561935424805 0.5522541403770447 
vt 0.7939525246620178 0.5843837261199951 
vt 0.7492175102233887 0.5964325070381165 
vt 0.7833526134490967 0.5714671611785889 
vt 0.7988652586936951 0.5627971887588501 
vt 0.7719211578369141 0.5916560292243958 
vt 0.7273563146591187 0.6171714663505554 
vt 0.7587618231773376 0.5854529142379761 
vt 0.7287788987159729 0.6026865243911743 
vt 0.7426081895828247 0.6113570928573608 
vt 0.7491834759712219 0.6368778347969055 
vt 0.8099749684333801 0.5233924388885498 
vt 0.8193751573562622 0.5484064817428589 
vt 0.5120251178741455 0.651441216468811 
vt 0.5204972624778748 0.6381716132164001 
vt 0.5415812730789185 0.6386839747428894 
vt 0.5260805487632751 0.6247715950012207 
vt 0.549610435962677 0.6269783973693848 
vt 0.5569746494293213 0.6406362652778625 
vt 0.5730570554733276 0.6286105513572693 
vt 0.5878790020942688 0.6327909231185913 
vt 0.8266273140907288 0.5954204797744751 
vt 0.7918796539306641 0.6151120066642761 
vt 0.7259336709976196 0.6316564679145813 
vt 0.7393263578414917 0.6256594657897949 
vt 0.7841283082962036 0.6743412613868713 
vt 0.827847957611084 0.5770334005355835 
vt 0.8516387343406677 0.5878467559814453 
vt 0.8118757605552673 0.5852071642875671 
vt 0.8090940117835999 0.6049848198890686 
vt 0.8323119282722473 0.6266946196556091 
vt 0.7944894433021545 0.5998539924621582 
vt 0.7797780632972717 0.605189859867096 
vt 0.7760667204856873 0.6220573782920837 
vt 0.7947941422462463 0.6432213187217712 
vt 0.7888264060020447 0.6296343207359314 
vt 0.8101911544799805 0.6265439987182617 
vt 0.7712357044219971 0.6454646587371826 
vt 0.8242950439453125 0.6119981408119202 
vt 0.8435607552528381 0.6062557101249695 
vt 0.8211655020713806 0.6392506957054138 
vt 0.8451720476150513 0.6493364572525024 
vt 0.8802337050437927 0.6113712787628174 
vt 0.8626186847686768 0.6036416888237 
vt 0.8873136639595032 0.5695134997367859 
vt 0.8617761731147766 0.6294980049133301 
vt 0.8673750758171082 0.6167385578155518 
vt 0.8805051445960999 0.6301082968711853 
vt 0.8526549935340881 0.6178874373435974 
vt 0.8466751575469971 0.631973147392273 
vt 0.9135850071907043 0.6202585697174072 
vt 0.8703666925430298 0.6535557508468628 
vt 0.8956559896469116 0.6205183267593384 
vt 0.8978801369667053 0.5991935133934021 
vt 0.9050809144973755 0.6521715521812439 
vt 0.895904541015625 0.63767409324646 
vt 0.887729287147522 0.6530016660690308 
vt 0.8978766202926636 0.6833462715148926 
vt 0.8970823287963867 0.6667429208755493 
vt 0.9269126057624817 0.6736365556716919 
vt 0.8758615851402283 0.676078736782074 
vt 0.9110252857208252 0.6743965744972229 
vt 0.9203162789344788 0.7021803855895996 
vt 0.882898211479187 0.5963579416275024 
vt 0.9246748685836792 0.5913312435150146 
vt 0.8910109400749207 0.5839070081710815 
vt 0.8728038668632507 0.5809122323989868 
vt 0.9103934168815613 0.5922492742538452 
vt 0.9184167981147766 0.605521559715271 
vt 0.953151285648346 0.6267859935760498 
vt 0.932336688041687 0.6182460188865662 
vt 0.9252362251281738 0.6404529213905334 
vt 0.8583160042762756 0.5724599957466125 
vt 0.9386467933654785 0.6325022578239441 
vt 0.9416413307189941 0.6528384685516357 
vt 0.8546155691146851 0.5579015016555786 
vt 0.9591608643531799 0.6781138181686401 
vt 0.9255684018135071 0.6570702791213989 
vt 0.9605726003646851 0.6640020608901978 
vt 0.9445577263832092 0.6695264577865601 
vt 0.9419645071029663 0.6906465291976929 
vt 0.9454427361488342 0.727442741394043 
vt 0.9377915263175964 0.7088971734046936 
vt 0.9209164977073669 0.7267102599143982 
vt 0.7284525632858276 0.6728740930557251 
vt 0.7580468058586121 0.6564573645591736 
vt 0.7736096382141113 0.6617211699485779 
vt 0.7898194789886475 0.6589040756225586 
vt 0.7576480507850647 0.6857185363769531 
vt 0.8064843416213989 0.6738155484199524 
vt 0.7409384846687317 0.6524061560630798 
vt 0.745926558971405 0.6694912910461426 
vt 0.7398359179496765 0.684852659702301 
vt 0.8050274848937988 0.6586757898330688 
vt 0.8408179879188538 0.6858280301094055 
vt 0.7962381839752197 0.7137094736099243 
vt 0.8255913257598877 0.6742764115333557 
vt 0.7957351803779602 0.692317545413971 
vt 0.834906280040741 0.6614331603050232 
vt 0.8549855351448059 0.6680688858032227 
vt 0.8156169652938843 0.691494882106781 
vt 0.7741778492927551 0.7035263180732727 
vt 0.8598852157592773 0.6865083575248718 
vt 0.7805265784263611 0.6894020438194275 
vt 0.78770512342453 0.7032082080841064 
vt 0.7812657952308655 0.7171581387519836 
vt 0.7755173444747925 0.7524826526641846 
vt 0.7448462843894958 0.7191541790962219 
vt 0.8801428079605103 0.7000881433486938 
vt 0.7630459666252136 0.717972993850708 
vt 0.7529414892196655 0.7030850648880005 
vt 0.8491455316543579 0.7199690937995911 
vt 0.8497965335845947 0.7017241716384888 
vt 0.8655364513397217 0.7114198803901672 
vt 0.8286679983139038 0.7101043462753296 
vt 0.8905859589576721 0.7286286354064941 
vt 0.8808083534240723 0.7160254716873169 
vt 0.8999112844467163 0.7072451710700989 
vt 0.867294430732727 0.7366040945053101 
vt 0.9075925350189209 0.6945551633834839 
vt 0.9206351637840271 0.6872199773788452 
vt 0.9125783443450928 0.7146419882774353 
vt 0.9057878255844116 0.7282482385635376 
vt 0.9160516858100891 0.7620514631271362 
vt 0.8985603451728821 0.7433616518974304 
vt 0.9148130416870117 0.7418491244316101 
vt 0.7638802528381348 0.631744384765625 
vt 0.8590081334114075 0.6440490484237671 
vt 0.9109318852424622 0.6352475881576538 
vt 0.9329619407653809 0.7343646883964539 
vt 0.8181377649307251 0.773823082447052 
vt 0.7937947511672974 0.7373270392417908 
vt 0.8844874501228333 0.6869270205497742 
vt 0.8297476172447205 0.6954661011695862 
vt 0.8120083808898926 0.7079067826271057 
vt 0.8174251317977905 0.7310886979103088 
vt 0.9000260233879089 0.7595196962356567 
vt 0.8700472712516785 0.7784686088562012 
vt 0.880074143409729 0.7531840801239014 
vt 0.8811689019203186 0.7391250133514404 
vt 0.8562204837799072 0.7583550214767456 
vt 0.866919994354248 0.7501079440116882 
vt 0.8705950975418091 0.7640554308891296 
vt 0.852883517742157 0.7429616451263428 
vt 0.8851833343505859 0.767207145690918 
vt 0.8406107425689697 0.7536805272102356 
vt 0.8356329798698425 0.735595703125 
vt 0.7749761939048767 0.734264612197876 
vt 0.7903639674186707 0.7517884969711304 
vt 0.809428870677948 0.748673677444458 
vt 0.8255124688148499 0.7481087446212769 
vt 0.8035489916801453 0.7264009714126587 
vt 0.856293261051178 0.7799254655838013 
vt 0.833279550075531 0.7681089639663696 
vt 0.8059369921684265 0.7700434327125549 
vt 0.8155353665351868 0.7606416940689087 
vt 0.4525819420814514 0.4134594202041626 
f 90/90 69/69 83/83 
f 104/104 100/100 91/91 
f 98/98 101/101 91/91 
f 142/142 144/144 140/140 
f 103/103 104/104 105/105 
f 90/90 109/109 69/69 
f 71/71 64/64 278/278 
f 144/144 110/110 101/101 
f 83/83 74/74 81/81 
f 90/90 94/94 86/86 
f 69/69 101/101 98/98 
f 71/71 70/70 62/62 
f 156/156 134/134 153/153 
f 84/84 88/88 281/281 
f 168/168 198/198 196/196 
f 94/94 83/83 78/78 
f 223/223 218/218 68/68 
f 79/79 73/73 76/76 
f 116/116 97/97 114/114 
f 248/248 292/292 237/237 
f 135/135 139/139 143/143 
f 160/160 164/164 177/177 
f 241/241 229/229 238/238 
f 257/257 252/252 250/250 
f 71/71 73/73 70/70 
f 238/238 212/212 228/228 
f 181/181 146/146 160/160 
f 242/242 247/247 229/229 
f 98/98 100/100 281/281 
f 166/166 160/160 180/180 
f 100/100 98/98 91/91 
f 606/606 72/72 278/278 
f 114/114 109/109 90/90 
f 62/62 70/70 1/1 
f 100/100 106/106 84/84 
f 63/63 1/1 70/70 
f 99/99 144/144 101/101 
f 101/101 69/69 99/99 
f 100/100 104/104 106/106 
f 73/73 77/77 70/70 
f 77/77 79/79 75/75 
f 79/79 77/77 73/73 
f 79/79 89/89 75/75 
f 94/94 90/90 83/83 
f 79/79 76/76 74/74 
f 119/119 4/4 103/103 
f 89/89 79/79 88/88 
f 265/265 264/264 251/251 
f 9/9 265/265 271/271 
f 264/264 265/265 9/9 
f 73/73 72/72 76/76 
f 324/324 311/311 340/340 
f 658/658 76/76 72/72 
f 314/314 272/272 312/312 
f 350/350 344/344 339/339 
f 315/315 327/327 350/350 
f 326/326 349/349 342/342 
f 87/87 281/281 88/88 
f 266/266 270/270 273/273 
f 2/2 85/85 82/82 
f 67/67 329/329 331/331 
f 61/61 279/279 656/656 
f 278/278 64/64 61/61 
f 106/106 92/92 84/84 
f 75/75 93/93 85/85 
f 97/97 130/130 138/138 
f 400/400 401/401 395/395 
f 86/86 280/280 96/96 
f 403/403 390/390 396/396 
f 87/87 74/74 83/83 
f 82/82 85/85 93/93 
f 451/451 423/423 448/448 
f 361/361 354/354 341/341 
f 361/361 366/366 355/355 
f 70/70 77/77 80/80 
f 367/367 378/378 364/364 
f 395/395 416/416 408/408 
f 71/71 62/62 64/64 
f 639/639 457/457 453/453 
f 75/75 85/85 80/80 
f 458/458 463/463 481/481 
f 123/123 134/134 126/126 
f 489/489 498/498 500/500 
f 117/117 118/118 115/115 
f 97/97 109/109 114/114 
f 491/491 493/493 464/464 
f 535/535 536/536 582/582 
f 441/441 530/530 532/532 
f 537/537 21/21 534/534 
f 441/441 526/526 530/530 
f 87/87 88/88 74/74 
f 133/133 131/131 115/115 
f 505/505 507/507 66/66 
f 543/543 645/645 541/541 
f 285/285 60/60 124/124 
f 458/458 66/66 456/456 
f 88/88 84/84 89/89 
f 71/71 72/72 73/73 
f 80/80 77/77 75/75 
f 670/670 671/671 369/369 
f 606/606 657/657 658/658 
f 76/76 81/81 74/74 
f 67/67 334/334 337/337 
f 80/80 2/2 63/63 
f 70/70 80/80 63/63 
f 88/88 79/79 74/74 
f 770/770 720/720 717/717 
f 772/772 780/780 708/708 
f 98/98 87/87 69/69 
f 80/80 85/85 2/2 
f 693/693 768/768 773/773 
f 89/89 92/92 93/93 
f 679/679 685/685 23/23 
f 334/334 67/67 331/331 
f 719/719 723/723 717/717 
f 83/83 81/81 78/78 
f 782/782 810/810 734/734 
f 75/75 89/89 93/93 
f 83/83 69/69 87/87 
f 724/724 781/781 723/723 
f 65/65 779/779 772/772 
f 734/734 739/739 743/743 
f 777/777 781/781 782/782 
f 782/782 781/781 724/724 
f 86/86 94/94 280/280 
f 280/280 78/78 657/657 
f 743/743 739/739 741/741 
f 3/3 82/82 93/93 
f 61/61 656/656 278/278 
f 544/544 550/550 551/551 
f 675/675 547/547 676/676 
f 92/92 89/89 84/84 
f 285/285 128/128 96/96 
f 372/372 361/361 341/341 
f 69/69 109/109 99/99 
f 92/92 113/113 93/93 
f 282/282 121/121 102/102 
f 91/91 110/110 105/105 
f 108/108 103/103 4/4 
f 105/105 104/104 91/91 
f 104/104 103/103 106/106 
f 120/120 105/105 121/121 
f 120/120 111/111 119/119 
f 112/112 106/106 108/108 
f 103/103 108/108 106/106 
f 4/4 107/107 108/108 
f 107/107 113/113 112/112 
f 112/112 108/108 107/107 
f 114/114 90/90 86/86 
f 99/99 109/109 97/97 
f 101/101 110/110 91/91 
f 121/121 110/110 102/102 
f 113/113 107/107 3/3 
f 105/105 119/119 103/103 
f 106/106 112/112 92/92 
f 93/93 113/113 3/3 
f 92/92 112/112 113/113 
f 118/118 117/117 86/86 
f 117/117 116/116 114/114 
f 123/123 178/178 157/157 
f 114/114 86/86 117/117 
f 154/154 178/178 186/186 
f 115/115 126/126 116/116 
f 118/118 86/86 96/96 
f 116/116 117/117 115/115 
f 285/285 96/96 280/280 
f 59/59 133/133 128/128 
f 120/120 119/119 105/105 
f 4/4 119/119 111/111 
f 105/105 110/110 121/121 
f 111/111 120/120 5/5 
f 102/102 150/150 282/282 
f 120/120 121/121 284/284 
f 97/97 138/138 140/140 
f 282/282 284/284 121/121 
f 170/170 159/159 154/154 
f 116/116 130/130 97/97 
f 129/129 125/125 58/58 
f 118/118 96/96 128/128 
f 131/131 133/133 125/125 
f 118/118 133/133 115/115 
f 136/136 130/130 116/116 
f 157/157 153/153 123/123 
f 151/151 148/148 149/149 
f 124/124 59/59 128/128 
f 133/133 118/118 128/128 
f 123/123 126/126 129/129 
f 131/131 126/126 115/115 
f 136/136 126/126 134/134 
f 139/139 138/138 130/130 
f 133/133 59/59 132/132 
f 129/129 126/126 131/131 
f 58/58 125/125 132/132 
f 131/131 125/125 129/129 
f 132/132 125/125 133/133 
f 153/153 134/134 123/123 
f 127/127 130/130 134/134 
f 127/127 145/145 139/139 
f 144/144 142/142 102/102 
f 126/126 136/136 116/116 
f 134/134 130/130 136/136 
f 161/161 137/137 159/159 
f 283/283 150/150 151/151 
f 139/139 130/130 127/127 
f 140/140 138/138 135/135 
f 145/145 143/143 139/139 
f 135/135 138/138 139/139 
f 140/140 135/135 142/142 
f 97/97 140/140 99/99 
f 146/146 145/145 127/127 
f 221/221 7/7 201/201 
f 148/148 135/135 143/143 
f 102/102 142/142 150/150 
f 143/143 141/141 149/149 
f 148/148 142/142 135/135 
f 110/110 144/144 102/102 
f 140/140 144/144 99/99 
f 155/155 156/156 153/153 
f 141/141 143/143 145/145 
f 167/167 166/166 161/161 
f 141/141 145/145 146/146 
f 187/187 291/291 149/149 
f 7/7 221/221 195/195 
f 149/149 148/148 143/143 
f 148/148 151/151 150/150 
f 149/149 141/141 187/187 
f 149/149 147/147 151/151 
f 283/283 282/282 150/150 
f 142/142 148/148 150/150 
f 151/151 147/147 289/289 
f 6/6 122/122 283/283 
f 137/137 161/161 166/166 
f 220/220 195/195 184/184 
f 185/185 158/158 178/178 
f 155/155 153/153 137/137 
f 165/165 56/56 172/172 
f 157/157 159/159 153/153 
f 180/180 155/155 137/137 
f 156/156 146/146 127/127 
f 146/146 156/156 155/155 
f 127/127 134/134 156/156 
f 178/178 129/129 185/185 
f 159/159 157/157 154/154 
f 129/129 178/178 123/123 
f 186/186 179/179 154/154 
f 162/162 169/169 175/175 
f 153/153 159/159 137/137 
f 169/169 56/56 182/182 
f 164/164 176/176 177/177 
f 161/161 170/170 163/163 
f 170/170 179/179 165/165 
f 183/183 55/55 204/204 
f 164/164 171/171 176/176 
f 157/157 178/178 154/154 
f 167/167 163/163 162/162 
f 164/164 167/167 171/171 
f 180/180 160/160 146/146 
f 181/181 141/141 146/146 
f 163/163 169/169 162/162 
f 167/167 161/161 163/163 
f 166/166 164/164 160/160 
f 198/198 171/171 167/167 
f 166/166 167/167 164/164 
f 290/290 195/195 220/220 
f 163/163 170/170 172/172 
f 183/183 175/175 173/173 
f 170/170 161/161 159/159 
f 170/170 165/165 172/172 
f 198/198 167/167 162/162 
f 168/168 206/206 176/176 
f 56/56 169/169 172/172 
f 172/172 169/169 163/163 
f 168/168 196/196 203/203 
f 182/182 173/173 175/175 
f 192/192 194/194 188/188 
f 183/183 189/189 55/55 
f 175/175 183/183 191/191 
f 168/168 176/176 171/171 
f 176/176 174/174 177/177 
f 192/192 177/177 174/174 
f 291/291 187/187 152/152 
f 186/186 178/178 158/158 
f 155/155 180/180 146/146 
f 165/165 179/179 57/57 
f 170/170 154/154 179/179 
f 166/166 180/180 137/137 
f 177/177 188/188 160/160 
f 181/181 188/188 187/187 
f 203/203 196/196 197/197 
f 169/169 182/182 175/175 
f 175/175 191/191 162/162 
f 192/192 193/193 184/184 
f 194/194 195/195 152/152 
f 129/129 58/58 185/185 
f 58/58 158/158 185/185 
f 158/158 57/57 186/186 
f 186/186 57/57 179/179 
f 141/141 181/181 187/187 
f 181/181 160/160 188/188 
f 188/188 177/177 192/192 
f 152/152 187/187 188/188 
f 216/216 215/215 217/217 
f 183/183 173/173 189/189 
f 202/202 196/196 191/191 
f 202/202 191/191 183/183 
f 198/198 168/168 171/171 
f 193/193 192/192 174/174 
f 192/192 184/184 194/194 
f 206/206 168/168 203/203 
f 210/210 286/286 200/200 
f 195/195 194/194 184/184 
f 152/152 188/188 194/194 
f 210/210 200/200 220/220 
f 197/197 214/214 203/203 
f 204/204 240/240 231/231 
f 204/204 202/202 183/183 
f 214/214 199/199 203/203 
f 174/174 206/206 207/207 
f 162/162 191/191 198/198 
f 198/198 191/191 196/196 
f 202/202 204/204 239/239 
f 215/215 199/199 214/214 
f 184/184 193/193 210/210 
f 208/208 222/222 216/216 
f 6/6 289/289 201/201 
f 291/291 195/195 221/221 
f 197/197 196/196 202/202 
f 214/214 197/197 205/205 
f 206/206 203/203 199/199 
f 213/213 190/190 204/204 
f 240/240 54/54 235/235 
f 230/230 231/231 226/226 
f 232/232 234/234 227/227 
f 207/207 206/206 199/199 
f 176/176 206/206 174/174 
f 207/207 199/199 216/216 
f 174/174 207/207 193/193 
f 287/287 200/200 286/286 
f 286/286 210/210 211/211 
f 220/220 184/184 210/210 
f 290/290 200/200 288/288 
f 211/211 210/210 193/193 
f 288/288 200/200 287/287 
f 222/222 193/193 207/207 
f 208/208 228/228 211/211 
f 228/228 217/217 219/219 
f 238/238 228/228 219/219 
f 204/204 55/55 213/213 
f 215/215 214/214 205/205 
f 218/218 215/215 205/205 
f 208/208 216/216 217/217 
f 208/208 211/211 222/222 
f 199/199 215/215 216/216 
f 223/223 215/215 218/218 
f 223/223 224/224 217/217 
f 230/230 218/218 205/205 
f 230/230 232/232 218/218 
f 241/241 224/224 225/225 
f 238/238 243/243 212/212 
f 289/289 221/221 201/201 
f 7/7 290/290 209/209 
f 291/291 221/221 147/147 
f 193/193 222/222 211/211 
f 207/207 216/216 222/222 
f 224/224 223/223 68/68 
f 215/215 223/223 217/217 
f 224/224 68/68 292/292 
f 219/219 217/217 224/224 
f 236/236 237/237 68/68 
f 246/246 244/244 250/250 
f 230/230 205/205 231/231 
f 257/257 608/608 252/252 
f 227/227 276/276 237/237 
f 68/68 218/218 236/236 
f 228/228 212/212 286/286 
f 217/217 228/228 208/208 
f 229/229 241/241 242/242 
f 263/263 261/261 264/264 
f 231/231 205/205 197/197 
f 232/232 230/230 226/226 
f 197/197 239/239 231/231 
f 240/240 204/204 190/190 
f 235/235 233/233 234/234 
f 232/232 227/227 236/236 
f 235/235 232/232 226/226 
f 232/232 235/235 234/234 
f 53/53 234/234 233/233 
f 240/240 235/235 226/226 
f 54/54 233/233 235/235 
f 232/232 236/236 218/218 
f 237/237 236/236 227/227 
f 276/276 275/275 237/237 
f 255/255 254/254 249/249 
f 241/241 238/238 219/219 
f 243/243 238/238 229/229 
f 202/202 239/239 197/197 
f 204/204 231/231 239/239 
f 54/54 240/240 190/190 
f 226/226 231/231 240/240 
f 224/224 241/241 219/219 
f 241/241 225/225 242/242 
f 246/246 242/242 225/225 
f 257/257 250/250 244/244 
f 247/247 260/260 229/229 
f 209/209 290/290 288/288 
f 248/248 254/254 246/246 
f 256/256 244/244 255/255 
f 267/267 270/270 266/266 
f 260/260 247/247 258/258 
f 248/248 246/246 225/225 
f 250/250 247/247 242/242 
f 250/250 242/242 246/246 
f 258/258 247/247 245/245 
f 292/292 248/248 225/225 
f 248/248 237/237 249/249 
f 605/605 262/262 276/276 
f 52/52 253/253 255/255 
f 244/244 256/256 257/257 
f 247/247 250/250 293/293 
f 258/258 259/259 251/251 
f 261/261 260/260 251/251 
f 298/298 299/299 295/295 
f 52/52 249/249 275/275 
f 246/246 254/254 244/244 
f 255/255 244/244 254/254 
f 248/248 249/249 254/254 
f 52/52 255/255 249/249 
f 256/256 255/255 253/253 
f 253/253 51/51 256/256 
f 51/51 609/609 256/256 
f 839/839 50/50 304/304 
f 252/252 298/298 293/293 
f 258/258 245/245 297/297 
f 258/258 251/251 260/260 
f 270/270 296/296 268/268 
f 272/272 603/603 273/273 
f 277/277 263/263 8/8 
f 243/243 229/229 260/260 
f 265/265 251/251 259/259 
f 277/277 8/8 607/607 
f 605/605 234/234 53/53 
f 251/251 264/264 261/261 
f 243/243 260/260 261/261 
f 263/263 264/264 9/9 
f 267/267 265/265 259/259 
f 267/267 271/271 265/265 
f 296/296 297/297 295/295 
f 604/604 601/601 602/602 
f 296/296 270/270 267/267 
f 601/601 271/271 266/266 
f 268/268 295/295 300/300 
f 310/310 308/308 302/302 
f 296/296 267/267 259/259 
f 601/601 269/269 271/271 
f 611/611 273/273 270/270 
f 266/266 271/271 267/267 
f 9/9 271/271 269/269 
f 305/305 307/307 300/300 
f 319/319 604/604 320/320 
f 611/611 270/270 268/268 
f 273/273 603/603 602/602 
f 308/308 312/312 272/272 
f 318/318 320/320 274/274 
f 237/237 275/275 249/249 
f 262/262 52/52 275/275 
f 227/227 234/234 605/605 
f 262/262 275/275 276/276 
f 243/243 261/261 277/277 
f 263/263 277/277 261/261 
f 606/606 656/656 655/655 
f 71/71 278/278 72/72 
f 60/60 655/655 279/279 
f 78/78 658/658 657/657 
f 78/78 280/280 94/94 
f 285/285 280/280 95/95 
f 98/98 281/281 87/87 
f 84/84 281/281 100/100 
f 284/284 5/5 120/120 
f 6/6 283/283 151/151 
f 284/284 283/283 122/122 
f 283/283 284/284 282/282 
f 122/122 5/5 284/284 
f 285/285 95/95 655/655 
f 128/128 285/285 124/124 
f 228/228 286/286 211/211 
f 287/287 286/286 212/212 
f 212/212 243/243 287/287 
f 607/607 243/243 277/277 
f 607/607 288/288 287/287 
f 8/8 209/209 288/288 
f 151/151 289/289 6/6 
f 221/221 289/289 147/147 
f 195/195 290/290 7/7 
f 290/290 220/220 200/200 
f 149/149 291/291 147/147 
f 195/195 291/291 152/152 
f 224/224 292/292 225/225 
f 68/68 237/237 292/292 
f 247/247 293/293 245/245 
f 250/250 252/252 293/293 
f 609/609 51/51 294/294 
f 300/300 295/295 299/299 
f 298/298 295/295 297/297 
f 252/252 299/299 298/298 
f 297/297 296/296 259/259 
f 268/268 296/296 295/295 
f 258/258 297/297 259/259 
f 298/298 297/297 245/245 
f 293/293 298/298 245/245 
f 252/252 608/608 299/299 
f 50/50 839/839 294/294 
f 303/303 300/300 299/299 
f 304/304 301/301 303/303 
f 305/305 300/300 303/303 
f 49/49 659/659 610/610 
f 307/307 308/308 611/611 
f 313/313 301/301 306/306 
f 352/352 340/340 311/311 
f 304/304 303/303 299/299 
f 305/305 303/303 301/301 
f 299/299 608/608 839/839 
f 304/304 50/50 660/660 
f 659/659 301/301 660/660 
f 307/307 305/305 302/302 
f 311/311 309/309 310/310 
f 302/302 305/305 313/313 
f 308/308 307/307 302/302 
f 300/300 307/307 268/268 
f 310/310 302/302 311/311 
f 272/272 273/273 611/611 
f 612/612 666/666 11/11 
f 310/310 312/312 308/308 
f 302/302 313/313 311/311 
f 310/310 309/309 312/312 
f 626/626 360/360 356/356 
f 323/323 324/324 322/322 
f 321/321 317/317 312/312 
f 603/603 314/314 274/274 
f 301/301 313/313 305/305 
f 311/311 313/313 306/306 
f 321/321 312/312 309/309 
f 274/274 314/314 318/318 
f 323/323 325/325 321/321 
f 325/325 326/326 327/327 
f 312/312 317/317 314/314 
f 623/623 621/621 351/351 
f 351/351 621/621 350/350 
f 318/318 317/317 316/316 
f 317/317 318/318 314/314 
f 316/316 612/612 320/320 
f 316/316 320/320 318/318 
f 666/666 612/612 316/316 
f 604/604 319/319 10/10 
f 323/323 321/321 309/309 
f 621/621 321/321 315/315 
f 309/309 324/324 323/323 
f 325/325 315/315 321/321 
f 324/324 309/309 311/311 
f 323/323 322/322 325/325 
f 340/340 352/352 625/625 
f 330/330 329/329 322/322 
f 326/326 322/322 329/329 
f 325/325 322/322 326/326 
f 338/338 349/349 337/337 
f 315/315 325/325 327/327 
f 326/326 329/329 349/349 
f 622/622 624/624 662/662 
f 332/332 331/331 330/330 
f 67/67 349/349 329/329 
f 330/330 322/322 324/324 
f 329/329 330/330 331/331 
f 340/340 330/330 324/324 
f 332/332 330/330 353/353 
f 356/356 341/341 354/354 
f 337/337 374/374 336/336 
f 335/335 357/357 333/333 
f 365/365 333/333 357/357 
f 334/334 331/331 335/335 
f 335/335 333/333 334/334 
f 335/335 331/331 332/332 
f 333/333 374/374 337/337 
f 354/354 332/332 358/358 
f 335/335 332/332 354/354 
f 374/374 333/333 365/365 
f 343/343 347/347 348/348 
f 333/333 337/337 334/334 
f 336/336 673/673 337/337 
f 347/347 343/343 345/345 
f 338/338 345/345 342/342 
f 342/342 327/327 326/326 
f 615/615 12/12 661/661 
f 311/311 306/306 352/352 
f 353/353 340/340 328/328 
f 341/341 356/356 360/360 
f 379/379 368/368 355/355 
f 336/336 672/672 673/673 
f 327/327 342/342 344/344 
f 663/663 617/617 13/13 
f 616/616 344/344 613/613 
f 345/345 344/344 342/342 
f 613/613 344/344 343/343 
f 338/338 673/673 347/347 
f 344/344 345/345 343/343 
f 668/668 670/670 388/388 
f 664/664 696/696 697/697 
f 338/338 347/347 345/345 
f 348/348 347/347 346/346 
f 346/346 665/665 699/699 
f 614/614 618/618 619/619 
f 337/337 349/349 67/67 
f 342/342 349/349 338/338 
f 344/344 350/350 327/327 
f 350/350 339/339 351/351 
f 339/339 661/661 662/662 
f 316/316 317/317 623/623 
f 659/659 352/352 306/306 
f 360/360 626/626 48/48 
f 353/353 328/328 358/358 
f 330/330 340/340 353/353 
f 332/332 353/353 358/358 
f 361/361 357/357 335/335 
f 360/360 376/376 341/341 
f 385/385 631/631 383/383 
f 328/328 625/625 626/626 
f 625/625 359/359 626/626 
f 361/361 335/335 354/354 
f 368/368 365/365 357/357 
f 328/328 356/356 358/358 
f 354/354 358/358 356/356 
f 625/625 49/49 359/359 
f 48/48 626/626 359/359 
f 366/366 364/364 380/380 
f 48/48 370/370 360/360 
f 367/367 364/364 372/372 
f 355/355 357/357 361/361 
f 362/362 365/365 368/368 
f 385/385 362/362 381/381 
f 377/377 367/367 376/376 
f 402/402 409/409 411/411 
f 364/364 366/366 372/372 
f 373/373 382/382 386/386 
f 368/368 357/357 355/355 
f 365/365 362/362 369/369 
f 377/377 370/370 375/375 
f 48/48 363/363 370/370 
f 363/363 375/375 370/370 
f 380/380 379/379 391/391 
f 381/381 368/368 382/382 
f 385/385 388/388 627/627 
f 627/627 388/388 670/670 
f 363/363 47/47 477/477 
f 341/341 376/376 367/367 
f 378/378 394/394 396/396 
f 430/430 431/431 419/419 
f 361/361 372/372 366/366 
f 341/341 367/367 372/372 
f 392/392 630/630 387/387 
f 362/362 368/368 381/381 
f 365/365 369/369 374/374 
f 336/336 374/374 369/369 
f 450/450 45/45 674/674 
f 393/393 378/378 377/377 
f 360/360 370/370 376/376 
f 377/377 376/376 370/370 
f 477/477 375/375 363/363 
f 367/367 377/377 378/378 
f 393/393 375/375 389/389 
f 402/402 371/371 380/380 
f 366/366 391/391 355/355 
f 381/381 382/382 373/373 
f 364/364 396/396 405/405 
f 379/379 380/380 371/371 
f 382/382 368/368 379/379 
f 630/630 631/631 373/373 
f 379/379 371/371 382/382 
f 420/420 386/386 382/382 
f 628/628 667/667 635/635 
f 388/388 385/385 667/667 
f 402/402 411/411 371/371 
f 386/386 384/384 387/387 
f 631/631 381/381 373/373 
f 383/383 667/667 385/385 
f 420/420 382/382 371/371 
f 431/431 442/442 384/384 
f 387/387 630/630 373/373 
f 373/373 386/386 387/387 
f 635/635 383/383 633/633 
f 629/629 669/669 700/700 
f 446/446 444/444 401/401 
f 397/397 399/399 403/403 
f 394/394 378/378 393/393 
f 415/415 413/413 422/422 
f 380/380 391/391 366/366 
f 379/379 355/355 391/391 
f 375/375 393/393 377/377 
f 387/387 18/18 392/392 
f 394/394 393/393 389/389 
f 397/397 394/394 389/389 
f 394/394 403/403 396/396 
f 397/397 400/400 395/395 
f 410/410 413/413 406/406 
f 396/396 390/390 402/402 
f 364/364 378/378 396/396 
f 389/389 476/476 400/400 
f 397/397 395/395 399/399 
f 477/477 476/476 375/375 
f 432/432 444/444 449/449 
f 408/408 399/399 395/395 
f 412/412 408/408 417/417 
f 389/389 400/400 397/397 
f 401/401 400/400 398/398 
f 445/445 454/454 451/451 
f 424/424 418/418 434/434 
f 380/380 364/364 405/405 
f 409/409 402/402 390/390 
f 397/397 403/403 394/394 
f 390/390 403/403 399/399 
f 460/460 427/427 433/433 
f 418/418 424/424 414/414 
f 396/396 402/402 405/405 
f 380/380 405/405 402/402 
f 412/412 410/410 390/390 
f 419/419 411/411 406/406 
f 20/20 422/422 414/414 
f 410/410 406/406 409/409 
f 416/416 395/395 401/401 
f 417/417 408/408 404/404 
f 410/410 409/409 390/390 
f 409/409 406/406 411/411 
f 412/412 390/390 399/399 
f 410/410 407/407 413/413 
f 413/413 415/415 406/406 
f 420/420 411/411 419/419 
f 408/408 412/412 399/399 
f 407/407 410/410 412/412 
f 414/414 413/413 407/407 
f 406/406 415/415 426/426 
f 418/418 407/407 417/417 
f 407/407 418/418 414/414 
f 426/426 421/421 19/19 
f 19/19 430/430 426/426 
f 427/427 416/416 401/401 
f 408/408 416/416 460/460 
f 417/417 404/404 418/418 
f 412/412 417/417 407/407 
f 433/433 404/404 460/460 
f 414/414 424/424 20/20 
f 18/18 387/387 442/442 
f 419/419 431/431 420/420 
f 386/386 420/420 384/384 
f 371/371 411/411 420/420 
f 421/421 422/422 20/20 
f 422/422 413/413 414/414 
f 427/427 443/443 423/423 
f 421/421 415/415 422/422 
f 436/436 636/636 434/434 
f 434/434 418/418 435/435 
f 429/429 20/20 424/424 
f 406/406 426/426 419/419 
f 426/426 430/430 419/419 
f 421/421 426/426 415/415 
f 444/444 443/443 427/427 
f 427/427 423/423 433/433 
f 428/428 435/435 437/437 
f 534/534 636/636 436/436 
f 19/19 425/425 430/430 
f 636/636 429/429 424/424 
f 431/431 430/430 425/425 
f 442/442 425/425 18/18 
f 420/420 431/431 384/384 
f 432/432 443/443 444/444 
f 449/449 450/450 432/432 
f 433/433 423/423 637/637 
f 434/434 435/435 428/428 
f 435/435 418/418 404/404 
f 428/428 638/638 434/434 
f 404/404 433/433 435/435 
f 437/437 435/435 433/433 
f 437/437 439/439 428/428 
f 532/532 638/638 441/441 
f 439/439 440/440 457/457 
f 437/437 637/637 439/439 
f 526/526 459/459 524/524 
f 441/441 638/638 439/439 
f 439/439 637/637 440/440 
f 439/439 438/438 441/441 
f 423/423 443/443 448/448 
f 440/440 451/451 453/453 
f 639/639 438/438 457/457 
f 526/526 438/438 459/459 
f 384/384 442/442 387/387 
f 425/425 442/442 431/431 
f 444/444 427/427 401/401 
f 448/448 443/443 468/468 
f 446/446 401/401 398/398 
f 470/470 455/455 473/473 
f 462/462 432/432 450/450 
f 470/470 473/473 454/454 
f 398/398 476/476 465/465 
f 450/450 466/466 45/45 
f 467/467 447/447 466/466 
f 46/46 447/447 467/467 
f 468/468 443/443 432/432 
f 451/451 448/448 445/445 
f 478/478 444/444 446/446 
f 398/398 465/465 494/494 
f 469/469 641/641 640/640 
f 471/471 470/470 462/462 
f 454/454 453/453 451/451 
f 451/451 440/440 637/637 
f 445/445 448/448 468/468 
f 481/481 486/486 475/475 
f 456/456 453/453 452/452 
f 439/439 457/457 438/438 
f 454/454 445/445 470/470 
f 452/452 453/453 454/454 
f 642/642 471/471 641/641 
f 452/452 463/463 458/458 
f 458/458 456/456 452/452 
f 66/66 459/459 639/639 
f 440/440 453/453 457/457 
f 639/639 453/453 456/456 
f 452/452 473/473 463/463 
f 487/487 464/464 486/486 
f 475/475 505/505 66/66 
f 66/66 507/507 459/459 
f 408/408 460/460 404/404 
f 427/427 460/460 416/416 
f 465/465 477/477 461/461 
f 461/461 46/46 494/494 
f 463/463 473/473 479/479 
f 466/466 450/450 449/449 
f 482/482 480/480 484/484 
f 464/464 487/487 491/491 
f 66/66 458/458 475/475 
f 477/477 47/47 461/461 
f 46/46 467/467 494/494 
f 466/466 478/478 467/467 
f 45/45 466/466 447/447 
f 466/466 449/449 478/478 
f 446/446 398/398 494/494 
f 432/432 462/462 468/468 
f 445/445 468/468 462/462 
f 674/674 640/640 450/450 
f 470/470 471/471 455/455 
f 445/445 462/462 470/470 
f 450/450 640/640 462/462 
f 462/462 640/640 471/471 
f 43/43 480/480 643/643 
f 641/641 44/44 642/642 
f 472/472 642/642 44/44 
f 454/454 473/473 452/452 
f 479/479 473/473 455/455 
f 480/480 482/482 479/479 
f 485/485 474/474 484/484 
f 475/475 458/458 481/481 
f 505/505 506/506 502/502 
f 400/400 476/476 398/398 
f 375/375 476/476 389/389 
f 444/444 478/478 449/449 
f 477/477 465/465 476/476 
f 446/446 467/467 478/478 
f 642/642 455/455 471/471 
f 642/642 643/643 479/479 
f 484/484 496/496 485/485 
f 474/474 481/481 482/482 
f 482/482 481/481 463/463 
f 481/481 474/474 486/486 
f 479/479 482/482 463/463 
f 495/495 483/483 484/484 
f 495/495 484/484 480/480 
f 484/484 474/474 482/482 
f 492/492 497/497 498/498 
f 496/496 42/42 485/485 
f 487/487 486/486 474/474 
f 487/487 474/474 485/485 
f 464/464 475/475 486/486 
f 490/490 42/42 488/488 
f 487/487 492/492 491/491 
f 41/41 500/500 498/498 
f 485/485 490/490 487/487 
f 514/514 512/512 504/504 
f 42/42 490/490 485/485 
f 491/491 492/492 489/489 
f 492/492 487/487 490/490 
f 493/493 491/491 489/489 
f 490/490 488/488 492/492 
f 498/498 497/497 41/41 
f 511/511 503/503 513/513 
f 506/506 505/505 475/475 
f 446/446 494/494 467/467 
f 461/461 494/494 465/465 
f 484/484 483/483 496/496 
f 480/480 43/43 495/495 
f 42/42 496/496 483/483 
f 501/501 500/500 499/499 
f 492/492 488/488 497/497 
f 492/492 498/498 489/489 
f 501/501 499/499 40/40 
f 41/41 499/499 500/500 
f 489/489 500/500 504/504 
f 504/504 512/512 511/511 
f 500/500 501/501 504/504 
f 504/504 493/493 489/489 
f 517/517 503/503 512/512 
f 525/525 528/528 509/509 
f 511/511 493/493 504/504 
f 508/508 515/515 40/40 
f 516/516 508/508 39/39 
f 506/506 475/475 464/464 
f 505/505 502/502 507/507 
f 464/464 493/493 506/506 
f 513/513 493/493 511/511 
f 513/513 555/555 527/527 
f 459/459 507/507 524/524 
f 517/517 553/553 555/555 
f 564/564 565/565 562/562 
f 21/21 636/636 534/534 
f 516/516 515/515 508/508 
f 557/557 520/520 562/562 
f 501/501 514/514 504/504 
f 555/555 513/513 503/503 
f 517/517 512/512 510/510 
f 503/503 511/511 512/512 
f 502/502 506/506 513/513 
f 493/493 513/513 506/506 
f 501/501 40/40 515/515 
f 510/510 512/512 514/514 
f 510/510 514/514 515/515 
f 515/515 514/514 501/501 
f 529/529 510/510 516/516 
f 510/510 515/515 516/516 
f 516/516 39/39 519/519 
f 507/507 527/527 525/525 
f 521/521 522/522 519/519 
f 39/39 518/518 519/519 
f 521/521 519/519 518/518 
f 519/519 522/522 529/529 
f 561/561 567/567 570/570 
f 38/38 521/521 518/518 
f 522/522 521/521 520/520 
f 522/522 559/559 556/556 
f 529/529 517/517 510/510 
f 531/531 553/553 556/556 
f 525/525 509/509 524/524 
f 525/525 524/524 507/507 
f 524/524 509/509 526/526 
f 527/527 507/507 502/502 
f 525/525 523/523 528/528 
f 530/530 526/526 509/509 
f 438/438 526/526 441/441 
f 527/527 502/502 513/513 
f 523/523 525/525 527/527 
f 531/531 552/552 553/553 
f 552/552 528/528 523/523 
f 519/519 529/529 516/516 
f 517/517 529/529 522/522 
f 554/554 580/580 528/528 
f 638/638 532/532 436/436 
f 557/557 531/531 556/556 
f 648/648 540/540 542/542 
f 535/535 532/532 530/530 
f 436/436 532/532 534/534 
f 509/509 558/558 530/530 
f 647/647 650/650 546/546 
f 535/535 534/534 532/532 
f 537/537 534/534 533/533 
f 535/535 530/530 558/558 
f 534/534 535/535 533/533 
f 554/554 528/528 552/552 
f 572/572 576/576 531/531 
f 533/533 582/582 540/540 
f 21/21 537/537 541/541 
f 645/645 545/545 547/547 
f 537/537 533/533 540/540 
f 536/536 581/581 582/582 
f 21/21 541/541 539/539 
f 541/541 537/537 543/543 
f 540/540 543/543 537/537 
f 543/543 540/540 538/538 
f 554/554 579/579 580/580 
f 542/542 581/581 577/577 
f 545/545 543/543 538/538 
f 645/645 547/547 644/644 
f 544/544 545/545 548/548 
f 550/550 544/544 548/548 
f 538/538 647/647 548/548 
f 547/547 545/545 544/544 
f 649/649 647/647 648/648 
f 650/650 651/651 546/546 
f 646/646 678/678 679/679 
f 644/644 539/539 645/645 
f 538/538 548/548 545/545 
f 694/694 550/550 548/548 
f 654/654 687/687 695/695 
f 685/685 691/691 23/23 
f 694/694 548/548 546/546 
f 551/551 550/550 549/549 
f 652/652 695/695 651/651 
f 675/675 22/22 547/547 
f 553/553 552/552 523/523 
f 552/552 531/531 554/554 
f 555/555 553/553 523/523 
f 553/553 517/517 556/556 
f 531/531 557/557 572/572 
f 571/571 579/579 576/576 
f 527/527 555/555 523/523 
f 517/517 555/555 503/503 
f 517/517 522/522 556/556 
f 559/559 520/520 557/557 
f 568/568 565/565 563/563 
f 557/557 562/562 560/560 
f 528/528 558/558 509/509 
f 535/535 558/558 536/536 
f 520/520 559/559 522/522 
f 557/557 556/556 559/559 
f 573/573 567/567 560/560 
f 560/560 567/567 561/561 
f 561/561 572/572 560/560 
f 571/571 576/576 570/570 
f 520/520 521/521 564/564 
f 565/565 564/564 38/38 
f 564/564 521/521 38/38 
f 565/565 38/38 563/563 
f 566/566 567/567 573/573 
f 562/562 520/520 564/564 
f 562/562 565/565 573/573 
f 568/568 37/37 583/583 
f 650/650 591/591 592/592 
f 560/560 562/562 573/573 
f 566/566 588/588 570/570 
f 574/574 37/37 568/568 
f 576/576 554/554 531/531 
f 585/585 586/586 583/583 
f 648/648 542/542 649/649 
f 566/566 570/570 567/567 
f 570/570 569/569 571/571 
f 577/577 571/571 569/569 
f 580/580 579/579 536/536 
f 560/560 572/572 557/557 
f 572/572 561/561 576/576 
f 565/565 568/568 573/573 
f 573/573 568/568 566/566 
f 589/589 585/585 587/587 
f 568/568 563/563 574/574 
f 568/568 583/583 566/566 
f 570/570 576/576 561/561 
f 649/649 569/569 578/578 
f 542/542 582/582 581/581 
f 583/583 586/586 566/566 
f 650/650 647/647 578/578 
f 576/576 579/579 554/554 
f 581/581 571/571 577/577 
f 536/536 558/558 580/580 
f 528/528 580/580 558/558 
f 536/536 579/579 581/581 
f 581/581 579/579 571/571 
f 540/540 582/582 542/542 
f 582/582 533/533 535/535 
f 575/575 585/585 584/584 
f 583/583 584/584 585/585 
f 587/587 575/575 36/36 
f 583/583 37/37 584/584 
f 569/569 570/570 588/588 
f 575/575 587/587 585/585 
f 566/566 586/586 588/588 
f 36/36 593/593 587/587 
f 586/586 589/589 588/588 
f 586/586 585/585 589/589 
f 569/569 588/588 591/591 
f 587/587 600/600 589/589 
f 569/569 591/591 578/578 
f 590/590 593/593 596/596 
f 598/598 652/652 653/653 
f 588/588 589/589 591/591 
f 591/591 589/589 592/592 
f 600/600 593/593 595/595 
f 592/592 595/595 651/651 
f 594/594 597/597 596/596 
f 595/595 593/593 590/590 
f 651/651 595/595 590/590 
f 599/599 594/594 596/596 
f 600/600 592/592 589/589 
f 599/599 596/596 593/593 
f 597/597 594/594 35/35 
f 755/755 758/758 35/35 
f 596/596 597/597 653/653 
f 710/710 704/704 709/709 
f 695/695 687/687 549/549 
f 593/593 600/600 587/587 
f 593/593 36/36 599/599 
f 592/592 600/600 595/595 
f 602/602 601/601 266/266 
f 10/10 269/269 601/601 
f 273/273 602/602 266/266 
f 604/604 602/602 274/274 
f 314/314 603/603 272/272 
f 274/274 602/602 603/603 
f 320/320 604/604 274/274 
f 601/601 604/604 10/10 
f 262/262 605/605 53/53 
f 227/227 605/605 276/276 
f 606/606 655/655 657/657 
f 288/288 607/607 8/8 
f 287/287 243/243 607/607 
f 609/609 608/608 257/257 
f 839/839 609/609 294/294 
f 256/256 609/609 257/257 
f 299/299 839/839 304/304 
f 307/307 611/611 268/268 
f 660/660 610/610 659/659 
f 272/272 611/611 308/308 
f 11/11 319/319 612/612 
f 320/320 612/612 319/319 
f 618/618 614/614 617/617 
f 13/13 615/615 663/663 
f 613/613 617/617 663/663 
f 613/613 618/618 617/617 
f 616/616 339/339 344/344 
f 616/616 663/663 661/661 
f 618/618 613/613 343/343 
f 614/614 13/13 617/617 
f 343/343 348/348 618/618 
f 619/619 618/618 348/348 
f 696/696 619/619 348/348 
f 614/614 619/619 14/14 
f 672/672 336/336 671/671 
f 619/619 696/696 14/14 
f 321/321 621/621 317/317 
f 350/350 621/621 315/315 
f 621/621 623/623 317/317 
f 666/666 623/623 624/624 
f 624/624 623/623 351/351 
f 351/351 339/339 662/662 
f 666/666 622/622 11/11 
f 340/340 625/625 328/328 
f 49/49 625/625 352/352 
f 626/626 356/356 328/328 
f 369/369 362/362 627/627 
f 385/385 627/627 362/362 
f 15/15 698/698 701/701 
f 623/623 666/666 316/316 
f 388/388 667/667 668/668 
f 697/697 698/698 664/664 
f 392/392 632/632 630/630 
f 630/630 632/632 633/633 
f 631/631 385/385 381/381 
f 633/633 631/631 630/630 
f 392/392 17/17 632/632 
f 633/633 632/632 17/17 
f 16/16 628/628 635/635 
f 631/631 633/633 383/383 
f 633/633 634/634 635/635 
f 633/633 17/17 634/634 
f 16/16 635/635 634/634 
f 429/429 636/636 21/21 
f 434/434 636/636 424/424 
f 433/433 637/637 437/437 
f 451/451 637/637 423/423 
f 434/434 638/638 436/436 
f 439/439 638/638 428/428 
f 66/66 639/639 456/456 
f 438/438 639/639 459/459 
f 643/643 642/642 472/472 
f 641/641 469/469 44/44 
f 471/471 640/640 641/641 
f 43/43 643/643 472/472 
f 455/455 642/642 479/479 
f 479/479 643/643 480/480 
f 541/541 645/645 539/539 
f 547/547 22/22 644/644 
f 545/545 645/645 543/543 
f 681/681 683/683 551/551 
f 677/677 22/22 675/675 
f 548/548 647/647 546/546 
f 648/648 647/647 538/538 
f 540/540 648/648 538/538 
f 542/542 577/577 649/649 
f 569/569 649/649 577/577 
f 647/647 649/649 578/578 
f 591/591 650/650 578/578 
f 651/651 650/650 592/592 
f 652/652 651/651 590/590 
f 549/549 550/550 694/694 
f 653/653 652/652 590/590 
f 598/598 654/654 695/695 
f 596/596 653/653 590/590 
f 653/653 597/597 758/758 
f 709/709 711/711 654/654 
f 551/551 686/686 681/681 
f 285/285 655/655 60/60 
f 655/655 95/95 657/657 
f 655/655 656/656 279/279 
f 278/278 656/656 606/606 
f 280/280 657/657 95/95 
f 658/658 78/78 81/81 
f 76/76 658/658 81/81 
f 72/72 606/606 658/658 
f 352/352 659/659 49/49 
f 301/301 659/659 306/306 
f 304/304 660/660 301/301 
f 50/50 610/610 660/660 
f 662/662 661/661 12/12 
f 616/616 661/661 339/339 
f 622/622 662/662 12/12 
f 662/662 624/624 351/351 
f 661/661 663/663 615/615 
f 613/613 663/663 616/616 
f 346/346 672/672 665/665 
f 702/702 701/701 700/700 
f 670/670 668/668 669/669 
f 702/702 700/700 669/669 
f 635/635 667/667 383/383 
f 622/622 666/666 624/624 
f 668/668 667/667 628/628 
f 620/620 702/702 703/703 
f 628/628 702/702 668/668 
f 669/669 668/668 702/702 
f 669/669 629/629 670/670 
f 671/671 670/670 629/629 
f 627/627 670/670 369/369 
f 672/672 671/671 629/629 
f 336/336 369/369 671/671 
f 665/665 672/672 629/629 
f 673/673 338/338 337/337 
f 672/672 346/346 673/673 
f 347/347 673/673 346/346 
f 45/45 469/469 674/674 
f 640/640 674/674 469/469 
f 676/676 547/547 544/544 
f 676/676 683/683 675/675 
f 551/551 676/676 544/544 
f 646/646 677/677 678/678 
f 646/646 679/679 680/680 
f 678/678 677/677 675/675 
f 681/681 678/678 683/683 
f 678/678 681/681 679/679 
f 686/686 687/687 684/684 
f 679/679 23/23 680/680 
f 679/679 690/690 685/685 
f 686/686 688/688 681/681 
f 707/707 689/689 692/692 
f 675/675 683/683 678/678 
f 551/551 683/683 676/676 
f 709/709 654/654 598/598 
f 688/688 714/714 715/715 
f 690/690 681/681 688/688 
f 689/689 707/707 706/706 
f 687/687 686/686 551/551 
f 686/686 684/684 688/688 
f 549/549 687/687 551/551 
f 687/687 654/654 711/711 
f 688/688 684/684 714/714 
f 682/682 685/685 688/688 
f 681/681 690/690 679/679 
f 689/689 691/691 692/692 
f 688/688 685/685 690/690 
f 685/685 682/682 692/692 
f 692/692 691/691 685/685 
f 682/682 693/693 707/707 
f 716/716 682/682 715/715 
f 773/773 24/24 706/706 
f 546/546 651/651 694/694 
f 549/549 694/694 651/651 
f 651/651 695/695 549/549 
f 598/598 695/695 652/652 
f 699/699 348/348 346/346 
f 697/697 696/696 348/348 
f 697/697 699/699 698/698 
f 700/700 698/698 665/665 
f 15/15 664/664 698/698 
f 698/698 699/699 665/665 
f 348/348 699/699 697/697 
f 700/700 665/665 629/629 
f 620/620 15/15 701/701 
f 703/703 702/702 628/628 
f 701/701 698/698 700/700 
f 628/628 16/16 703/703 
f 701/701 702/702 620/620 
f 620/620 703/703 16/16 
f 35/35 749/749 755/755 
f 705/705 719/719 718/718 
f 711/711 712/712 714/714 
f 718/718 716/716 705/705 
f 682/682 707/707 692/692 
f 773/773 706/706 693/693 
f 693/693 706/706 707/707 
f 716/716 718/718 720/720 
f 768/768 769/769 771/771 
f 710/710 709/709 598/598 
f 711/711 709/709 704/704 
f 726/726 710/710 749/749 
f 726/726 722/722 710/710 
f 712/712 711/711 704/704 
f 711/711 684/684 687/687 
f 712/712 704/704 721/721 
f 714/714 712/712 705/705 
f 721/721 704/704 722/722 
f 713/713 721/721 722/722 
f 714/714 705/705 715/715 
f 711/711 714/714 684/684 
f 716/716 715/715 705/705 
f 682/682 688/688 715/715 
f 717/717 718/718 719/719 
f 682/682 716/716 809/809 
f 769/769 768/768 720/720 
f 720/720 693/693 809/809 
f 705/705 712/712 719/719 
f 718/718 717/717 720/720 
f 721/721 719/719 712/712 
f 719/719 713/713 723/723 
f 770/770 708/708 769/769 
f 767/767 773/773 774/774 
f 722/722 704/704 710/710 
f 719/719 721/721 713/713 
f 727/727 749/749 35/35 
f 731/731 722/722 726/726 
f 724/724 723/723 713/713 
f 723/723 65/65 776/776 
f 729/729 731/731 726/726 
f 734/734 810/810 730/730 
f 751/751 736/736 750/750 
f 725/725 735/735 730/730 
f 748/748 34/34 750/750 
f 729/729 726/726 725/725 
f 34/34 748/748 727/727 
f 727/727 748/748 749/749 
f 728/728 729/729 730/730 
f 731/731 732/732 713/713 
f 730/730 729/729 725/725 
f 729/729 728/728 731/731 
f 733/733 735/735 736/736 
f 751/751 753/753 733/733 
f 732/732 731/731 728/728 
f 713/713 722/722 731/731 
f 810/810 732/732 728/728 
f 724/724 713/713 732/732 
f 751/751 33/33 753/753 
f 730/730 738/738 739/739 
f 730/730 735/735 738/738 
f 739/739 734/734 730/730 
f 736/736 735/735 725/725 
f 811/811 738/738 735/735 
f 746/746 736/736 725/725 
f 33/33 752/752 753/753 
f 741/741 744/744 740/740 
f 742/742 803/803 744/744 
f 811/811 735/735 733/733 
f 738/738 737/737 739/739 
f 733/733 753/753 754/754 
f 739/739 737/737 741/741 
f 804/804 805/805 800/800 
f 785/785 796/796 795/795 
f 737/737 760/760 744/744 
f 740/740 815/815 741/741 
f 757/757 761/761 762/762 
f 742/742 762/762 763/763 
f 740/740 802/802 800/800 
f 797/797 818/818 817/817 
f 737/737 744/744 741/741 
f 744/744 803/803 802/802 
f 763/763 31/31 765/765 
f 766/766 804/804 765/765 
f 726/726 746/746 725/725 
f 748/748 750/750 736/736 
f 749/749 748/748 746/746 
f 748/748 736/736 746/746 
f 749/749 710/710 755/755 
f 726/726 749/749 746/746 
f 34/34 747/747 750/750 
f 751/751 750/750 747/747 
f 33/33 751/751 747/747 
f 736/736 751/751 733/733 
f 756/756 757/757 754/754 
f 737/737 738/738 811/811 
f 756/756 32/32 757/757 
f 752/752 756/756 753/753 
f 760/760 754/754 757/757 
f 710/710 598/598 755/755 
f 758/758 755/755 598/598 
f 32/32 756/756 752/752 
f 754/754 753/753 756/756 
f 763/763 762/762 759/759 
f 757/757 762/762 760/760 
f 653/653 758/758 598/598 
f 35/35 758/758 597/597 
f 744/744 760/760 742/742 
f 761/761 759/759 762/762 
f 737/737 754/754 760/760 
f 763/763 759/759 31/31 
f 757/757 32/32 761/761 
f 760/760 762/762 742/742 
f 31/31 764/764 765/765 
f 803/803 763/763 745/745 
f 30/30 812/812 764/764 
f 763/763 765/765 745/745 
f 765/765 764/764 812/812 
f 808/808 30/30 806/806 
f 777/777 785/785 795/795 
f 768/768 693/693 720/720 
f 788/788 792/792 784/784 
f 770/770 769/769 720/720 
f 708/708 770/770 772/772 
f 771/771 769/769 708/708 
f 776/776 717/717 723/723 
f 772/772 770/770 776/776 
f 780/780 786/786 708/708 
f 767/767 774/774 775/775 
f 777/777 779/779 781/781 
f 708/708 786/786 771/771 
f 774/774 773/773 768/768 
f 767/767 24/24 773/773 
f 768/768 771/771 774/774 
f 767/767 775/775 25/25 
f 774/774 771/771 775/775 
f 793/793 775/775 771/771 
f 717/717 776/776 770/770 
f 65/65 772/772 776/776 
f 782/782 785/785 777/777 
f 818/818 834/834 817/817 
f 816/816 779/779 777/777 
f 814/814 788/788 778/778 
f 781/781 779/779 65/65 
f 783/783 780/780 772/772 
f 783/783 772/772 779/779 
f 780/780 778/778 787/787 
f 723/723 781/781 65/65 
f 810/810 782/782 724/724 
f 734/734 743/743 782/782 
f 782/782 743/743 785/785 
f 797/797 816/816 795/795 
f 780/780 783/783 817/817 
f 788/788 784/784 787/787 
f 790/790 792/792 26/26 
f 743/743 741/741 815/815 
f 815/815 785/785 743/743 
f 787/787 786/786 780/780 
f 771/771 786/786 784/784 
f 788/788 787/787 778/778 
f 786/786 787/787 784/784 
f 830/830 814/814 831/831 
f 792/792 788/788 830/830 
f 817/817 816/816 797/797 
f 26/26 830/830 789/789 
f 793/793 25/25 775/775 
f 784/784 792/792 793/793 
f 796/796 791/791 799/799 
f 794/794 796/796 801/801 
f 793/793 792/792 790/790 
f 25/25 793/793 790/790 
f 784/784 793/793 771/771 
f 794/794 795/795 796/796 
f 831/831 832/832 27/27 
f 796/796 785/785 791/791 
f 795/795 794/794 797/797 
f 798/798 799/799 800/800 
f 799/799 801/801 796/796 
f 828/828 829/829 826/826 
f 780/780 817/817 778/778 
f 798/798 800/800 805/805 
f 801/801 822/822 824/824 
f 800/800 799/799 791/791 
f 798/798 822/822 799/799 
f 800/800 791/791 815/815 
f 802/802 804/804 800/800 
f 807/807 821/821 822/822 
f 826/826 794/794 801/801 
f 744/744 802/802 740/740 
f 804/804 802/802 745/745 
f 763/763 803/803 742/742 
f 745/745 802/802 803/803 
f 765/765 804/804 745/745 
f 804/804 766/766 805/805 
f 808/808 766/766 812/812 
f 808/808 805/805 766/766 
f 806/806 29/29 819/819 
f 805/805 807/807 798/798 
f 808/808 807/807 805/805 
f 819/819 821/821 807/807 
f 682/682 809/809 693/693 
f 819/819 808/808 806/806 
f 716/716 720/720 809/809 
f 732/732 810/810 724/724 
f 730/730 810/810 728/728 
f 733/733 754/754 811/811 
f 737/737 811/811 754/754 
f 808/808 812/812 30/30 
f 765/765 812/812 766/766 
f 814/814 832/832 831/831 
f 801/801 824/824 826/826 
f 27/27 789/789 831/831 
f 800/800 815/815 740/740 
f 785/785 815/815 791/791 
f 779/779 816/816 783/783 
f 795/795 816/816 777/777 
f 816/816 817/817 783/783 
f 829/829 797/797 794/794 
f 838/838 813/813 837/837 
f 778/778 834/834 814/814 
f 825/825 827/827 820/820 
f 808/808 819/819 807/807 
f 827/827 819/819 29/29 
f 822/822 821/821 824/824 
f 825/825 823/823 824/824 
f 799/799 822/822 801/801 
f 807/807 822/822 798/798 
f 835/835 28/28 823/823 
f 797/797 829/829 818/818 
f 825/825 824/824 821/821 
f 826/826 824/824 823/823 
f 827/827 825/825 821/821 
f 825/825 820/820 835/835 
f 823/823 828/828 826/826 
f 833/833 829/829 828/828 
f 819/819 827/827 821/821 
f 820/820 827/827 29/29 
f 836/836 823/823 28/28 
f 823/823 836/836 828/828 
f 792/792 830/830 26/26 
f 794/794 826/826 829/829 
f 814/814 830/830 788/788 
f 830/830 831/831 789/789 
f 814/814 834/834 832/832 
f 818/818 829/829 833/833 
f 27/27 832/832 837/837 
f 833/833 828/828 836/836 
f 818/818 833/833 832/832 
f 817/817 834/834 778/778 
f 832/832 834/834 818/818 
f 28/28 813/813 836/836 
f 825/825 835/835 823/823 
f 836/836 813/813 838/838 
f 832/832 833/833 838/838 
f 838/838 837/837 832/832 
f 836/836 838/838 833/833 
f 609/609 839/839 608/608 
#s 20.286886070344 133.12241300448 598.9168719408173