v 0.00027360410270575107 0.14931001305629457 0.0 
v 0.0021846794666864327 0.15988139939701548 0.0 
v 0.005499181326646355 0.1696478226833837 0.0 
v 0.010129896369063817 0.17832121117698319 0.0 
v 0.01612297125148953 0.18567530331145596 0.0 
v 0.023568133697399775 0.19158041455235675 0.0 
v 0.03248244391585597 0.1960000579121891 0.0 
v 0.042754885508983105 0.1989064760677757 0.0 
v 0.0540298744122137 0.2001294600275393 0.0 
v 0.06558158473523028 0.19959195316088116 0.0 
v 0.07671333973124407 0.19765752793965613 0.0 
v 0.0871521863053101 0.19477864279700627 0.0 
v 0.09691118013895045 0.19118827488368373 0.0 
v 0.10611504327862081 0.18704097323883337 0.0 
v 0.11488815836480391 0.18246288063508545 0.0 
v 0.12330153315267262 0.1775250473515383 0.0 
v 0.13139039445742642 0.1722627005838005 0.0 
v 0.13924408445300396 0.16676518250688468 0.0 
v 0.14696823095413786 0.16113812093552612 0.0 
v 0.15468271835381747 0.1555014002629152 0.0 
v 0.1625826493278439 0.1500501232633432 0.0 
v 0.17088612496128097 0.1450024054525239 0.0 
v 0.17971667840627484 0.14048253788991116 0.0 
v 0.18920508210073583 0.1366372916954356 0.0 
v 0.19960995253702712 0.13387146556230173 0.0 
v 0.21085333968390232 0.13271298660275754 0.0 
v 0.22213107184257916 0.13352630670879806 0.0 
v 0.23240908215896294 0.13631451981742412 0.0 
v 0.2411958524528942 0.14084548162259664 0.0 
v 0.24862631815903916 0.1467643776644887 0.0 
v 0.255024044949763 0.15371781565828793 0.0 
v 0.2605380735231201 0.1615549947748595 0.0 
v 0.2652232184187316 0.17022105795066736 0.0 
v 0.2691507669454836 0.17964471749640615 0.0 
v 0.27249588715949347 0.18965080535488876 0.0 
v 0.27560755645943025 0.19989034412744447 0.0 
v 0.2788927104316971 0.20995639822767004 0.0 
v 0.28255446729927314 0.21964584943258658 0.0 
v 0.28656271428047303 0.22898881052387915 0.0 
v 0.29085475296809005 0.2380479799087546 0.0 
v 0.2954293919489776 0.24682454900035947 0.0 
v 0.3003315107486428 0.2552736382731868 0.0 
v 0.30560621356883994 0.2633501435254822 0.0 
v 0.31133881342602804 0.2709687517407865 0.0 
v 0.3175772457566186 0.2780815274826884 0.0 
v 0.3241465942872722 0.2848633870245273 0.0 
v 0.33088499948686284 0.2914761898974291 0.0 
v 0.3379236041823184 0.297788793274466 0.0 
v 0.34553030101738536 0.3035333045118915 0.0 
v 0.3537526591754834 0.30866215442628603 0.0 
v 0.3625103432540122 0.3132556784191448 0.0 
v 0.37180995904081576 0.31730727030395034 0.0 
v 0.38172738937200773 0.32074100155701873 0.0 
v 0.3923749094608274 0.32344265462980276 0.0 
v 0.4038539001741913 0.3252771538931942 0.0 
v 0.4160901995045443 0.3260677317258794 0.0 
v 0.42842914712520525 0.3256631286912914 0.0 
v 0.43996162633107083 0.32394831242589367 0.0 
v 0.4503511817887044 0.3209952646644122 0.0 
v 0.4597192921905427 0.3170124826618328 0.0 
v 0.4682000219405268 0.31214200897387756 0.0 
v 0.4759992592667966 0.3065900382513799 0.0 
v 0.4833416860648731 0.30058125697699734 0.0 
v 0.49012236650358626 0.294010729343218 0.0 
v 0.49637117785508855 0.2869083326222278 0.0 
v 0.502400861488775 0.2795868081834218 0.0 
v 0.5081851439643466 0.27201988258650084 0.0 
v 0.51366811367119 0.26415164422085186 0.0 
v 0.5189638233952898 0.2560961458724592 0.0 
v 0.5241036534493069 0.2478847678539837 0.0 
v 0.529074559561091 0.2395044658932754 0.0 
v 0.5339131524326707 0.2309918506923626 0.0 
v 0.5386944286669927 0.22242191885419876 0.0 
v 0.5434647645419253 0.21384104666338635 0.0 
v 0.5482464148195856 0.2052714908315488 0.0 
v 0.5530930037854929 0.19676706589296283 0.0 
v 0.5581407207565028 0.18847118757683481 0.0 
v 0.5636406130325616 0.18075188679458581 0.0 
v 0.5697888492579035 0.174655093502299 0.0 
v 0.5760588881693786 0.17244243226131245 0.0 
v 0.5809146916164862 0.17630229309426956 0.0 
v 0.5831536676793758 0.18550105078187545 0.0 
v 0.5832198468768498 0.19715650382211325 0.0 
v 0.5822998560856447 0.20930898620927763 0.0 
v 0.581050268040626 0.2213872862268243 0.0 
v 0.5796426943158797 0.23332998265337998 0.0 
v 0.5781972155985318 0.24523569579988921 0.0 
v 0.5768068279742893 0.25719651614249617 0.0 
v 0.5754602554340216 0.2692011512921237 0.0 
v 0.5741280634297048 0.2812201241518214 0.0 
v 0.5728240197197868 0.29326545323009273 0.0 
v 0.5716201498714569 0.3053798692948037 0.0 
v 0.5707117899442963 0.3175490825397063 0.0 
v 0.5705739889125748 0.32960597420197296 0.0 
v 0.5716715346053126 0.3412374128253512 0.0 
v 0.5739741678407593 0.3521432822886805 0.0 
v 0.5772898033498096 0.36216333265381195 0.0 
v 0.581483954395522 0.3713196491082993 0.0 
v 0.5863915467853078 0.3797632505636566 0.0 
v 0.5919204152564577 0.3875855900672083 0.0 
v 0.5980712595375691 0.3947859538583891 0.0 
v 0.6048184455774988 0.401389975890952 0.0 
v 0.6121546549296927 0.4074049746112505 0.0 
v 0.6200518218977752 0.4128590157156554 0.0 
v 0.62847678620821 0.4177852594724494 0.0 
v 0.6374976445596137 0.4221156078152113 0.0 
v 0.6472183638186514 0.42574597604627906 0.0 
v 0.6577626725687981 0.4285487640525362 0.0 
v 0.6692005197384554 0.4304009734570526 0.0 
v 0.6813762783982307 0.43113886161103143 0.0 
v 0.693587203715432 0.4306066786282055 0.0 
v 0.7049447174246911 0.42871690657513944 0.0 
v 0.7151086304791455 0.4255382164847767 0.0 
v 0.7241843531133604 0.421263046714739 0.0 
v 0.7322662122483556 0.4159937024117984 0.0 
v 0.7394681899997619 0.4098444721144339 0.0 
v 0.7459773129827344 0.40300238702494884 0.0 
v 0.7517245849274524 0.39539845089717446 0.0 
v 0.7565997355354562 0.3869223934337622 0.0 
v 0.7607259535911619 0.37769740379953587 0.0 
v 0.764159376921465 0.3677796623454844 0.0 
v 0.766792548136297 0.35706347188761867 0.0 
v 0.7685090848612727 0.345462286582299 0.0 
v 0.7692307692307692 0.33311822888436243 0.0 
v 0.7688715168661715 0.32067734210977794 0.0 
v 0.7672439063824804 0.30904988342545786 0.0 
v 0.764189659518132 0.2987610857112363 0.0 
v 0.759757137466592 0.28984270565360737 0.0 
v 0.7541300392866849 0.28211860032131736 0.0 
v 0.7474573786929525 0.27544005289074025 0.0 
v 0.7397673113069198 0.2697789171417324 0.0 
v 0.7310414436248921 0.26515392456300324 0.0 
v 0.7213471694569499 0.2615068720169007 0.0 
v 0.7109101430359981 0.2587178219566215 0.0 
v 0.700795490664611 0.2562486474089959 0.0 
v 0.6937409046457216 0.25242926073631433 0.0 
v 0.6917779327625039 0.24570688106246114 0.0 
v 0.6934555951474068 0.23657457805769366 0.0 
v 0.6962454870521312 0.2264041282755387 0.0 
v 0.6990580477180955 0.21589446627108808 0.0 
v 0.7016506955077106 0.20513686387369953 0.0 
v 0.7039295745089645 0.19406454894482655 0.0 
v 0.7058534735068049 0.1826373559532961 0.0 
v 0.7073757940039804 0.17081227401629484 0.0 
v 0.7084871325689638 0.15862542177378317 0.0 
v 0.7090470350330172 0.14617666089213388 0.0 
v 0.708789432503822 0.13370762825544869 0.0 
v 0.7077112445951712 0.12157739181251909 0.0 
v 0.7059644409676032 0.10998851056599908 0.0 
v 0.7035579994925947 0.09904448454500005 0.0 
v 0.7004167634369364 0.08883452675552035 0.0 
v 0.6965341135101701 0.079365968707585 0.0 
v 0.6919986820095069 0.07055019213595616 0.0 
v 0.6868222328530166 0.06237543321995566 0.0 
v 0.6809443631782789 0.054902094822199175 0.0 
v 0.6744881829670482 0.048007066960937365 0.0 
v 0.6675932656218464 0.041550776233646634 0.0 
v 0.6601225937171609 0.03567024006583974 0.0 
v 0.6519760774860552 0.030465548224653177 0.0 
v 0.6433005283314047 0.025789889404799034 0.0 
v 0.6341876729505894 0.02155155103412994 0.0 
v 0.6244872418459699 0.017901527907659476 0.0 
v 0.614006299273535 0.015047454577430999 0.0 
v 0.6027491620232018 0.013109754539873727 0.0 
v 0.5909661485590321 0.012288554123034378 0.0 
v 0.5791177196950787 0.012788446761806445 0.0 
v 0.5676964601266098 0.01447246449235525 0.0 
v 0.5570133862986781 0.01710994185262892 0.0 
v 0.5471519307353833 0.020597936372810544 0.0 
v 0.5380090996054702 0.02480627110267833 0.0 
v 0.5294356209973263 0.029584000188825652 0.0 
v 0.5213257758884402 0.034825363151362254 0.0 
v 0.5136074460338546 0.04045824136926898 0.0 
v 0.5063111706750334 0.04651317408293861 0.0 
v 0.4994054046627342 0.052958616143131944 0.0 
v 0.4926896306046544 0.059594050157544674 0.0 
v 0.4860541770861978 0.06630980471158054 0.0 
v 0.4796079701871351 0.07321480588501027 0.0 
v 0.47354063912495814 0.08049868289532416 0.0 
v 0.467818265661079 0.08812751750393912 0.0 
v 0.46226204195843296 0.09592250187378562 0.0 
v 0.4568494810091503 0.10386114899699538 0.0 
v 0.4516476252457214 0.11201050130605902 0.0 
v 0.4466267891357404 0.12034087326856378 0.0 
v 0.44175728707497003 0.1288225792739457 0.0 
v 0.4370095122844267 0.13742601079501407 0.0 
v 0.4321863455414435 0.145953888259429 0.0 
v 0.42699763549662567 0.1541104300229423 0.0 
v 0.4209964512931689 0.16136594634200152 0.0 
v 0.4135284850330107 0.16653068313092476 0.0 
v 0.4046968458598274 0.1681760146826415 0.0 
v 0.39584195252851523 0.16591565700292626 0.0 
v 0.38808496822685196 0.1607906668864335 0.0 
v 0.38145902161511963 0.15411662033318707 0.0 
v 0.37555924484880515 0.1466678255745653 0.0 
v 0.3700548754457161 0.13882104483962682 0.0 
v 0.36478046386827623 0.13074424882605878 0.0 
v 0.3596571820145939 0.12251632260852537 0.0 
v 0.35467428836930753 0.11414800818132093 0.0 
v 0.3497728730289796 0.10569821544915643 0.0 
v 0.3449111350753132 0.09720874533033033 0.0 
v 0.34011588090072464 0.0886527914324264 0.0 
v 0.33539123960586276 0.08002622465479581 0.0 
v 0.33071161078762923 0.07135464540053683 0.0 
v 0.32598154400016355 0.06273350411551004 0.0 
v 0.32109294436097396 0.054270895682207144 0.0 
v 0.31589143243427575 0.0461211995364129 0.0 
v 0.310180813189802 0.03848061070839415 0.0 
v 0.30383448373182975 0.03147573209387393 0.0 
v 0.2968254290352899 0.02513357871792133 0.0 
v 0.28913866517342046 0.01946913450729828 0.0 
v 0.28073961794001534 0.01451697366821593 0.0 
v 0.27157672321192716 0.010328660329041998 0.0 
v 0.2617213386099164 0.006832838213330684 0.0 
v 0.25121923741353425 0.0039838473601898315 0.0 
v 0.23997433391893155 0.0018813484013398937 0.0 
v 0.22801329538446374 0.0005441926433119099 0.0 
v 0.2155486070552869 0.0 0.0 
v 0.20301013730731132 0.00032169563231898167 0.0 
v 0.19082526576721176 0.001397479072081422 0.0 
v 0.17908666875785342 0.003002150693234665 0.0 
v 0.16773398505792386 0.005000372643276141 0.0 
v 0.15677367045454949 0.007391261571466414 0.0 
v 0.14622655717206673 0.010195356337947986 0.0 
v 0.13601135338183382 0.013331360620174164 0.0 
v 0.12599682365015402 0.016668038960986176 0.0 
v 0.1161715932012764 0.020194016584601706 0.0 
v 0.10661796932246012 0.023991600778277763 0.0 
v 0.0973473484426154 0.028072187970926015 0.0 
v 0.08830907838397536 0.032385125984777934 0.0 
v 0.07946400646644627 0.03689126213974137 0.0 
v 0.07086297694573931 0.04164144069152738 0.0 
v 0.06258163562037009 0.04671130743864943 0.0 
v 0.05461355157574098 0.05209443146651417 0.0 
v 0.04689581663449554 0.05772790459776052 0.0 
v 0.039406026281913885 0.06358932231767135 0.0 
v 0.032267472989726376 0.06980197709797718 0.0 
v 0.025555835540608637 0.07644154772135091 0.0 
v 0.019352140577527627 0.08358906082915554 0.0 
v 0.013843221536868839 0.09143134929419541 0.0 
v 0.009116204364394745 0.1000554770470654 0.0 
v 0.0052808546411913715 0.10956871649620849 0.0 
v 0.002456922673470435 0.12005070267888168 0.0 
v 0.0006341716522582015 0.13122117291138422 0.0 
v 0.0 0.14250993880408466 0.0 
v 0.17341032690788946 0.00400126166825538 0.0 
v 0.6874817410568322 0.43087277011961844 0.0 
v 0.7068378427813872 0.11578295118925994 0.0 
v 0.675288399068343 0.43076991753404126 0.0 
v 0.7082503385494975 0.12764251003398475 0.0 
v 0.5850419341270563 0.012538500442419605 0.0 
v 0.42225967331487557 0.3258654302085862 0.0 
v 0.40997204983936864 0.32567244280953683 0.0 
v 0.7089182337684197 0.13994214457379212 0.0 
v 0.5747941594318632 0.2752106377219726 0.0 
v 0.5711659699078766 0.31146447591725585 0.0 
v 0.6503926090817255 0.3257755942236171 0.0 
v 0.5886432717464478 0.08378494790969097 0.0 
v 0.3967196557043684 0.24066164276147758 0.0 
v 0.27155208002475145 0.07210264084626006 0.0 
v 0.08129736499173362 0.1205007701090453 0.0 
v 0.17801964597043035 0.013564294368715535 0.0 
v 0.407613713208523 0.31462900678696026 0.0 
v 0.5690014307322739 0.16243371358485273 0.0 
v 0.5884471272155217 0.02291552517888557 0.0 
v 0.6970025989547404 0.12022847197450928 0.0 
v 0.5857803690576485 0.2733866989653663 0.0 
v 0.5821793888927193 0.3092273083884643 0.0 
v 0.6839573029189598 0.42018251486365804 0.0 
v 0.17166908082450577 0.01073287799816693 0.0 
v 0.4249857854380711 0.31482750433478207 0.0 
v 0.41346511273012687 0.3191529652260653 0.0 
v 0.5853292583438341 0.16576436271910563 0.0 
v 0.5823542432008039 0.019167673976115907 0.0 
v 0.7000394202822585 0.11384463951760043 0.0 
v 0.7018209980366684 0.1251574600292118 0.0 
v 0.5810589320082445 0.2789466883391044 0.0 
v 0.5776191750308342 0.3150054238205875 0.0 
v 0.6787096472421923 0.4247284902679599 0.0 
v 0.6902423302974486 0.42403653140824477 0.0 
v 0.7032005269878674 0.13114787675117154 0.0 
v 0.6725684005604121 0.4252401511897692 0.0 
v 0.6979305568618999 0.14328773184315227 0.0 
v 0.6918914062189575 0.13059819265497413 0.0 
v 0.6644314310654432 0.4236094053081258 0.0 
v 0.674799971992001 0.414913540385481 0.0 
v 0.012191457788483705 0.14542495133427288 0.0 
v 0.6808424940210827 0.25254787853033506 0.0 
v 0.16982504326514233 0.02340638627959018 0.0 
v 0.16354082335604042 0.012095663185830828 0.0 
v 0.41636107571364983 0.30936110370197756 0.0 
v 0.57875677893189 0.03184260211358919 0.0 
v 0.5742392377250404 0.019274206291255785 0.0 
v 0.6872042357573084 0.11165310928934813 0.0 
v 0.6990089864640076 0.10578133500033929 0.0 
v 0.5932759778783038 0.2845364990549637 0.0 
v 0.5801799554996734 0.2879685635310484 0.0 
v 0.5901422866350003 0.3202003672718444 0.0 
v 0.5768800751015628 0.32364881462312467 0.0 
v 0.6939319247480665 0.41096790342179756 0.0 
v 0.6983329024037076 0.4240541210845135 0.0 
v 0.37294075152730594 0.16919961907634126 0.0 
v 0.396262408584782 0.18274311895160983 0.0 
v 0.4264181217124803 0.177186958754721 0.0 
v 0.5583386822229615 0.16925676661030165 0.0 
v 0.6549724596405456 0.4178101112711331 0.0 
v 0.6798462986391005 0.23879471352371365 0.0 
v 0.6904974787249715 0.2668447889608646 0.0 
v 0.15407775277054309 0.01848864821651426 0.0 
v 0.5647228882566956 0.025382620247235598 0.0 
v 0.6928830634972999 0.09674057617878487 0.0 
v 0.5821811014257734 0.29850374925890255 0.0 
v 0.5811416519921875 0.3344763083229244 0.0 
v 0.7072889474610798 0.41837363672799943 0.0 
v 0.3852463291161555 0.1735199487215411 0.0 
v 0.4117949761131637 0.18175117646583694 0.0 
v 0.4337755425222839 0.16582618246381972 0.0 
v 0.10921641427818403 0.04246614774171469 0.0 
v 0.07570978141979191 0.05885690769111039 0.0 
v 0.024062878662960762 0.11161111378673659 0.0 
v 0.04685007269856248 0.07935033540784064 0.0 
v 0.2514198131699721 0.024025671031047316 0.0 
v 0.28908706803504863 0.04072977582014556 0.0 
v 0.3085353739776867 0.06716833845873567 0.0 
v 0.25540365516367053 0.13063276376240826 0.0 
v 0.3423310222493339 0.12716546121506297 0.0 
v 0.12557165648539048 0.1555915157524079 0.0 
v 0.15778617596174546 0.13280649270982 0.0 
v 0.07682929384805427 0.1777128901195861 0.0 
v 0.3128583558096523 0.24235898933485606 0.0 
v 0.3455948061868797 0.28215498717547755 0.0 
v 0.5012770840186667 0.07471475602408115 0.0 
v 0.5346721890595028 0.046581199814335235 0.0 
v 0.6228669733138034 0.03692272779633156 0.0 
v 0.6654932907811945 0.06289960736285832 0.0 
v 0.4918789311037812 0.26554940824498174 0.0 
v 0.5989059266647866 0.366841642368756 0.0 
v 0.7464791130840192 0.35775368095612964 0.0 
v 0.39153690316263234 0.3044129656193743 0.0 
v 0.4479748632148025 0.30239679826759686 0.0 
v 0.5976218451133434 0.1771076368043498 0.0 
v 0.035860097252486026 0.17798762337366103 0.0 
v 0.017827905953037272 0.16001808914209117 0.0 
v 0.7305936221290058 0.39488455016923557 0.0 
v 0.2950944704791102 0.19909969944834469 0.0 
v 0.35889688256740454 0.1525021636881733 0.0 
v 0.5164033375902146 0.22667066793672608 0.0 
v 0.5527442899676852 0.17880735921652818 0.0 
v 0.46869510663888553 0.11715728040283661 0.0 
v 0.640663728397999 0.4039589403385522 0.0 
v 0.6852088206452164 0.22884449886617417 0.0 
v 0.7030939361643225 0.2687846305681966 0.0 
v 0.13691909873679708 0.03275269833253413 0.0 
v 0.6786384578749264 0.0829981492992621 0.0 
v 0.6011058957661568 0.3038685512159543 0.0 
v 0.43815056446949185 0.15547661831439932 0.0 
v 0.09750612731674867 0.04003177704001921 0.0 
v 0.11540287471252209 0.03217601298865627 0.0 
v 0.0643696054914902 0.057946584149740445 0.0 
v 0.08016028016268349 0.048313911324243036 0.0 
v 0.020547638395091296 0.10071368268923937 0.0 
v 0.013918581316983621 0.11751717817916339 0.0 
v 0.03448681410620166 0.09045921409595778 0.0 
v 0.049322163849064724 0.06854430151668058 0.0 
v 0.2628790211067379 0.019209120894158292 0.0 
v 0.29983360701512823 0.041477760197021346 0.0 
v 0.2772284841497682 0.030070613130363036 0.0 
v 0.30974181533876516 0.05578093924385098 0.0 
v 0.31908258660468464 0.0721268467139311 0.0 
v 0.24245806950715804 0.12761224606815422 0.0 
v 0.27167421579569706 0.14786155369124718 0.0 
v 0.3273461620272757 0.10143143118339257 0.0 
v 0.34289158071961046 0.11533626327415195 0.0 
v 0.35301246256769725 0.13236280905236075 0.0 
v 0.12174164045198817 0.1662793534294496 0.0 
v 0.14083312388330574 0.14464410260749144 0.0 
v 0.13699592645986364 0.15556426859349387 0.0 
v 0.18950447058334924 0.11680941369952319 0.0 
v 0.17014391100833 0.13266618150990545 0.0 
v 0.09437313172747373 0.17326928552660534 0.0 
v 0.327067018805843 0.2634661200634996 0.0 
v 0.3116023871815962 0.2536734027954178 0.0 
v 0.30236050161432865 0.2376313133491178 0.0 
v 0.3662745520551366 0.2954339585023027 0.0 
v 0.3476255089835619 0.2928503704349117 0.0 
v 0.3345536320419173 0.2809982779966878 0.0 
v 0.5032685994777686 0.06358484590389102 0.0 
v 0.4842032716149143 0.09445728974049582 0.0 
v 0.4902537609793324 0.07669180134849295 0.0 
v 0.5386560990854802 0.03604856855515079 0.0 
v 0.5204686478527633 0.05614960317220189 0.0 
v 0.616436292773426 0.026795338982374822 0.0 
v 0.6342090047140609 0.03342163430558404 0.0 
v 0.6541042635797124 0.05100162983412467 0.0 
v 0.6762078490009175 0.06467559610367245 0.0 
v 0.4915270661331367 0.2767752839375093 0.0 
v 0.5020357922029081 0.25073606261422815 0.0 
v 0.5026092540946173 0.26228981372241267 0.0 
v 0.5885185702308494 0.362558619630436 0.0 
v 0.6131519617934518 0.38612706534782926 0.0 
v 0.5973662950372526 0.37787132952875097 0.0 
v 0.7474775829366234 0.30931982169473454 0.0 
v 0.7517613759165194 0.3690407770675909 0.0 
v 0.38031491989759975 0.30878173721386704 0.0 
v 0.4051829724857737 0.30069630037071127 0.0 
v 0.4588517708802059 0.30568312070665943 0.0 
v 0.4423413238389588 0.3125676371614469 0.0 
v 0.4302192975943616 0.29703314446698914 0.0 
v 0.025742732291810188 0.1811926964223636 0.0 
v 0.04025520350103122 0.18813468677743922 0.0 
v 0.015575281246935892 0.16984106289324388 0.0 
v 0.7296041411527197 0.40558379221185803 0.0 
v 0.741433963928376 0.38383958058155915 0.0 
v 0.301121083395648 0.21721181382125027 0.0 
v 0.2850240429080387 0.1914362219475611 0.0 
v 0.3698986916186781 0.15721207569837248 0.0 
v 0.5306641312434658 0.20107972190184853 0.0 
v 0.5269679232022226 0.22149828317424297 0.0 
v 0.5174727156753803 0.23828708823017294 0.0 
v 0.5478377880592942 0.18788586481604644 0.0 
v 0.5386109200921307 0.1641147487496909 0.0 
v 0.459227763035156 0.13321401009297382 0.0 
v 0.45806605475515494 0.12155723333036747 0.0 
v 0.46812889438938265 0.10573697809901542 0.0 
v 0.6294864651080774 0.4063910893787136 0.0 
v 0.681284110223431 0.20591961576583234 0.0 
v 0.7197290884759532 0.280515672065153 0.0 
v 0.44246998824173767 0.14614220097101888 0.0 
v 0.035608115342264046 0.07989090780942448 0.0 
v 0.06724223534111962 0.0783296541052029 0.0 
v 0.28754896763172216 0.02967415390675066 0.0 
v 0.29338684095665696 0.05652704832600732 0.0 
v 0.32543239327571993 0.07980205533341096 0.0 
v 0.23030527727135172 0.12373195008688852 0.0 
v 0.2603858295124 0.14236460637907394 0.0 
v 0.2838925413856238 0.16797042766429632 0.0 
v 0.27307571539303704 0.16037625285103344 0.0 
v 0.339737208904558 0.10580858390991384 0.0 
v 0.36000626697114774 0.1396225348361611 0.0 
v 0.1525496922402853 0.14396035690227482 0.0 
v 0.18076187401120086 0.12943236801927063 0.0 
v 0.08844979277071224 0.18324750763087025 0.0 
v 0.10568297304466712 0.17551786819142726 0.0 
v 0.35817401920416525 0.28530708042779934 0.0 
v 0.34153285742657596 0.2676534443598759 0.0 
v 0.4982064030082806 0.08931334435058506 0.0 
v 0.5232617945784065 0.04558252758679096 0.0 
v 0.6646108020848189 0.05164567900399486 0.0 
v 0.6510179446264907 0.040943155446880944 0.0 
v 0.6689996353804318 0.07495430854800926 0.0 
v 0.47508429337737507 0.2852757173042047 0.0 
v 0.6146662659735052 0.39686036836771976 0.0 
v 0.6094744222077851 0.3739391983606717 0.0 
v 0.7389544867822755 0.29060811307582796 0.0 
v 0.7526183669620976 0.2989514377834321 0.0 
v 0.05604559455775663 0.17526984415903862 0.0 
v 0.02826141688626936 0.1675804986600894 0.0 
v 0.7111320770607308 0.398480094384149 0.0 
v 0.7418016970404568 0.3938723931755398 0.0 
v 0.2908600013653434 0.21097045506478976 0.0 
v 0.2800392577187816 0.18156679747662471 0.0 
v 0.5334661113052016 0.21389894307649737 0.0 
v 0.5143804790696108 0.24751294561938386 0.0 
v 0.5430822391530672 0.19669525300238225 0.0 
v 0.5394260881839493 0.17747462114781626 0.0 
v 0.47182923993381903 0.09686423443288374 0.0 
v 0.7305450315426911 0.2766344376276138 0.0 
v 0.44692213501011196 0.13728452080795844 0.0 
v 0.4568576232532765 0.15846655640699295 0.0 
v 0.33021932005867644 0.08846589844508676 0.0 
v 0.30865146239007274 0.08722090655307979 0.0 
v 0.32973103289878275 0.11440737950795253 0.0 
v 0.3471561465219019 0.14500328486739889 0.0 
v 0.16980492027136457 0.11250461829560386 0.0 
v 0.6364710142041692 0.050909438508722475 0.0 
v 0.47348014318241943 0.2960213780872315 0.0 
v 0.6300572860393842 0.38921545782133365 0.0 
v 0.29720872126317355 0.17908850948016367 0.0 
v 0.5210845289749136 0.20988943154900114 0.0 
v 0.5056868758682125 0.2394679628258878 0.0 
v 0.5372336185642714 0.18784972566220018 0.0 
v 0.47991969966071824 0.10544631097253288 0.0 
v 0.4545104232558273 0.14664636565031247 0.0 
v 0.3193801503043075 0.0888003792546168 0.0 
v 0.4579793172903275 0.28821479305476794 0.0 
v 0.5199376552128895 0.1787755295980319 0.0 
v 0.31190601377443156 0.10234156869627731 0.0 
v 0.1988247688034525 0.02246000319609062 0.0 
v 0.5987052566653469 0.25368087966774044 0.0 
v 0.6863275362036152 0.16274875120029972 0.0 
v 0.3714347876945981 0.1931741782685226 0.0 
v 0.23188310232779566 0.020093376831506467 0.0 
v 0.24351197539457106 0.014082896058425338 0.0 
v 0.06923883068892503 0.1876414166689327 0.0 
v 0.5994271977983145 0.04455737791157524 0.0 
v 0.7500062280312857 0.33818740832489613 0.0 
v 0.7563703000945129 0.34959378938120667 0.0 
v 0.604302850292065 0.20486363489395137 0.0 
v 0.596160489379886 0.19125511296858996 0.0 
v 0.09904580310445366 0.06200807069872744 0.0 
v 0.1258132231008711 0.045439473055832354 0.0 
v 0.02942381022166356 0.13248407727263195 0.0 
v 0.03280570212043364 0.10277521626704876 0.0 
v 0.25393864574263575 0.01397854740599961 0.0 
v 0.26257357092451167 0.03452217310600292 0.0 
v 0.2542854069479701 0.10617355279845615 0.0 
v 0.2038454929956718 0.11983919270106877 0.0 
v 0.10471006068264788 0.15414587273646024 0.0 
v 0.3251120799482053 0.2494461439584678 0.0 
v 0.5553355936959066 0.04837725763386675 0.0 
v 0.5170221506004312 0.07178894865458241 0.0 
v 0.601304866220773 0.3462862135648985 0.0 
v 0.7574585581752121 0.31634728118910155 0.0 
v 0.3810161632824423 0.29398577136964293 0.0 
v 0.7364227337928589 0.3693395536109152 0.0 
v 0.3135959666877478 0.22670198087221502 0.0 
v 0.35953222055127976 0.16622251970558985 0.0 
v 0.5530285028996085 0.14921511731713283 0.0 
v 0.6911474932280782 0.19720444401584208 0.0 
v 0.6648885739842861 0.22431333401776854 0.0 
v 0.6933569034119783 0.29014475386507227 0.0 
v 0.21734981799478345 0.12122774705619273 0.0 
v 0.27343943644656965 0.12989730293692775 0.0 
v 0.28666672273721616 0.15251839401196815 0.0 
v 0.14609749744464637 0.13412506258484208 0.0 
v 0.3548912895938015 0.27173134280507716 0.0 
v 0.6595595360011359 0.09606320217906694 0.0 
v 0.47798442126513596 0.2707323496303988 0.0 
v 0.04423808792378003 0.1638928785411244 0.0 
v 0.4462227651586775 0.16498843942270433 0.0 
v 0.16385095752959733 0.12268835796982078 0.0 
v 0.6458768033666157 0.0751427396472027 0.0 
v 0.6236818201901152 0.3763010497897531 0.0 
v 0.4961912690577851 0.1054596561244323 0.0 
v 0.4766379606726185 0.14839552294680064 0.0 
v 0.515778916355928 0.1945069109037184 0.0 
v 0.19779537851143228 0.010800604092816711 0.0 
v 0.18446624745189086 0.02726427629336028 0.0 
v 0.587260246554401 0.2523504524928661 0.0 
v 0.6015175873538082 0.22985387435177732 0.0 
v 0.6979888305915329 0.16381216330319667 0.0 
v 0.3755688031764457 0.18139927856338128 0.0 
v 0.22126730205940506 0.012037188655184834 0.0 
v 0.590885100947741 0.03528492577970301 0.0 
v 0.6102076370607905 0.037855773744227356 0.0 
v 0.76044779307967 0.3387978651514036 0.0 
v 0.75584121783752 0.3279869219846299 0.0 
v 0.7568212867400869 0.35997032288785563 0.0 
v 0.5926744435599 0.20398331869441602 0.0 
v 0.08774329398069187 0.05772575647125927 0.0 
v 0.10137519159927513 0.05080278971994144 0.0 
v 0.023789349465018806 0.12280628822364371 0.0 
v 0.0389268611165013 0.1175752109093389 0.0 
v 0.016662456481245872 0.13343470477215913 0.0 
v 0.05364541335533405 0.09934706364332867 0.0 
v 0.251395149042508 0.11856086023113528 0.0 
v 0.10189923441263071 0.16498197188355257 0.0 
v 0.08409523307555698 0.15458110274580394 0.0 
v 0.6125039633935522 0.35801091372322186 0.0 
v 0.3724180335829106 0.2822164971136009 0.0 
v 0.5588961224527679 0.15838475903182 0.0 
v 0.5702637160558841 0.14464852346064658 0.0 
v 0.6707662064361224 0.18407697279960555 0.0 
v 0.69521308937361 0.2780915184994411 0.0 
v 0.22826680878100636 0.09951339325015943 0.0 
v 0.12481795455357324 0.13005230053571912 0.0 
v 0.6672564862179188 0.08684005378730225 0.0 
v 0.4838861016010113 0.23862964859279948 0.0 
v 0.032721171078379296 0.15044905558358523 0.0 
v 0.44087964542684077 0.17848969332904102 0.0 
v 0.15060624282188426 0.12162618703953557 0.0 
v 0.6574116457099148 0.07178760611612096 0.0 
v 0.4653275154984174 0.15064149997293416 0.0 
v 0.20953451929466418 0.01010550991546173 0.0 
v 0.5892134715468428 0.24053258033612354 0.0 
v 0.591794269426062 0.263239593302543 0.0 
v 0.5900899195652562 0.2285070022267724 0.0 
v 0.6908287559890759 0.17785885478513885 0.0 
v 0.6930442514722811 0.15356390367975484 0.0 
v 0.38530773967789606 0.1914316432345899 0.0 
v 0.3594620853363291 0.18235756720319274 0.0 
v 0.21598031999698641 0.030026370891331877 0.0 
v 0.6015888560101723 0.02675028690297582 0.0 
v 0.5787186497012495 0.05506393308415968 0.0 
v 0.6178645901179297 0.05539752386589272 0.0 
v 0.7382186216554419 0.32467539798993017 0.0 
v 0.5975545836573652 0.21676184749187483 0.0 
v 0.08679552141193919 0.07728402974930722 0.0 
v 0.11534163463401592 0.05608330958585111 0.0 
v 0.042697771255834766 0.09785273032853178 0.0 
v 0.046772000384187176 0.10885345373199859 0.0 
v 0.26683780680703295 0.11563316794548577 0.0 
v 0.6791055365104941 0.19351499753225576 0.0 
v 0.7073636435534882 0.28039021399467084 0.0 
v 0.6729179351722359 0.280827630531631 0.0 
v 0.23962739922123377 0.10928432288265667 0.0 
v 0.22587059947552177 0.11191014850314739 0.0 
v 0.1348833611033052 0.13508964805131532 0.0 
v 0.6775064098346726 0.0984253458690971 0.0 
v 0.6547820994101943 0.08425308686642127 0.0 
v 0.49466826472315906 0.24212327931948588 0.0 
v 0.023692685276278 0.14288489114913794 0.0 
v 0.4622076905689388 0.17912236834896514 0.0 
v 0.15800789953201108 0.11243981804286733 0.0 
v 0.6484705444746719 0.06255416178702604 0.0 
v 0.4690076450409007 0.13957220242146642 0.0 
v 0.6121947253922418 0.27071151035119045 0.0 
v 0.5975992331707762 0.27353571641009894 0.0 
v 0.6955297030989747 0.18745682251507076 0.0 
v 0.6734036929748877 0.14624944418477404 0.0 
v 0.22204348655037479 0.022036815072124263 0.0 
v 0.22951915569320416 0.034005405654128566 0.0 
v 0.2116310847867475 0.0204303890100352 0.0 
v 0.5820125232011693 0.043458644807588605 0.0 
v 0.6094352179431276 0.04863493428054791 0.0 
v 0.601661698266991 0.0669591805585476 0.0 
v 0.6007048114693757 0.05574228355024288 0.0 
v 0.08257121228746458 0.06727722369039851 0.0 
v 0.06419204777853825 0.11421064505787144 0.0 
v 0.6598240750153993 0.2032949400784593 0.0 
v 0.681441954446298 0.18304728509998455 0.0 
v 0.6748661533045585 0.1707273653892432 0.0 
v 0.7133239634654241 0.30237346566660783 0.0 
v 0.6836796496363831 0.27631538053480786 0.0 
v 0.21191677113925525 0.10770446804472643 0.0 
v 0.1295571777607714 0.1450361255141856 0.0 
v 0.13593759181832923 0.12040833015194899 0.0 
v 0.6362347412703945 0.09862722166422722 0.0 
v 0.49013092579206086 0.25346214789904725 0.0 
v 0.4954704266651526 0.22126266317715018 0.0 
v 0.45637552461651 0.1696121920488351 0.0 
v 0.4704068490059255 0.1646358653591537 0.0 
v 0.16402128287357506 0.09155935480006108 0.0 
v 0.6334553387236156 0.06602193525763839 0.0 
v 0.4884641160904656 0.13045741801684024 0.0 
v 0.6071231523483915 0.2836284720926466 0.0 
v 0.6855374396051817 0.1436946234764188 0.0 
v 0.5686789199220527 0.04594431824549879 0.0 
v 0.5894974679993612 0.0623476187304734 0.0 
v 0.05233951780588116 0.121750577150619 0.0 
v 0.6677924370037746 0.19510784168183776 0.0 
v 0.7134440111581435 0.2905412804058846 0.0 
v 0.6728415758578565 0.2655560462206207 0.0 
v 0.11576522544217382 0.14585866280253604 0.0 
v 0.14427387481229903 0.10894903865695624 0.0 
v 0.6424086523949993 0.08744043483591957 0.0 
v 0.16395927713095 0.10284762916364876 0.0 
v 0.48002130115536995 0.13775867637983197 0.0 
v 0.4728092568560675 0.12830955541564748 0.0 
v 0.49718582552860885 0.14907482898925958 0.0 
v 0.6812484673613521 0.15341591447652456 0.0 
v 0.6691465101463081 0.15878644300887942 0.0 
v 0.6765836264759068 0.13126093616844672 0.0 
v 0.5923407852966419 0.0731965969695609 0.0 
v 0.6063327252460492 0.08402243559610434 0.0 
v 0.5740547837015932 0.07275079122883402 0.0 
v 0.6492947890977754 0.1850756832781323 0.0 
v 0.7261966857553677 0.2915530929325025 0.0 
v 0.703281781056923 0.29635487746796757 0.0 
v 0.6479464470582215 0.09779376889983656 0.0 
v 0.15140021072639684 0.09713433556608937 0.0 
v 0.18357332116045555 0.09731106032850984 0.0 
v 0.4819315304228452 0.11860928003352599 0.0 
v 0.6490504611822489 0.14497113285547722 0.0 
v 0.6244561305697496 0.08482962392107965 0.0 
v 0.6601493285393681 0.18713108756338476 0.0 
v 0.6576327665707516 0.17073200942156297 0.0 
v 0.7335593881571412 0.304362524996915 0.0 
v 0.6976335757112732 0.3171661906768023 0.0 
v 0.6568208089203845 0.11751528857414514 0.0 
v 0.6610468020846936 0.14904472472640112 0.0 
v 0.6914031433122159 0.3043031267534808 0.0 
v 0.7033926123671181 0.30755707726241294 0.0 
v 0.7175474012913373 0.32257081723568387 0.0 
v 0.6551648728683801 0.10640301395051345 0.0 
v 0.6511145124152552 0.15859353598674786 0.0 
v 0.6597472379862254 0.13317097964138325 0.0 
v 0.667443982812022 0.10551810093763223 0.0 
v 0.6408964824836325 0.11420879006203834 0.0 
v 0.5926262778226327 0.31002201592397266 0.0 
v 0.6052469665430417 0.31849433141069017 0.0 
v 0.41735958619693914 0.29653036152846973 0.0 
v 0.40388621901663246 0.27702755395834067 0.0 
v 0.4078725017970204 0.2886790513514527 0.0 
v 0.3955479989053344 0.292230347418576 0.0 
v 0.42526471613458994 0.2762210641432245 0.0 
v 0.424153058837326 0.28748149920839206 0.0 
v 0.41469665201646433 0.2798366759907627 0.0 
v 0.4139651549573996 0.26044609290353976 0.0 
v 0.4410335233739723 0.2834628890875157 0.0 
v 0.7503079602427398 0.3790294217114827 0.0 
v 0.7045694435549855 0.40753028171949784 0.0 
v 0.6939832520412751 0.39294933273974364 0.0 
v 0.71734597693264 0.40989052914556295 0.0 
v 0.17876843593006222 0.11871270550618213 0.0 
v 0.17976653758247277 0.1076965942049828 0.0 
v 0.1906712437530868 0.10580322970245903 0.0 
v 0.2021765560525514 0.08897448633713795 0.0 
v 0.5292324060452119 0.17139179506110755 0.0 
v 0.513012370937282 0.1605158324916537 0.0 
v 0.5264084404110234 0.15807037843228458 0.0 
v 0.6195197385338969 0.18651878065459082 0.0 
v 0.2739541139964093 0.04563949771075296 0.0 
v 0.32523527143947883 0.23509619423776992 0.0 
v 0.30327202958770494 0.22732862089896114 0.0 
v 0.3241819732047927 0.19984237067104324 0.0 
v 0.34585496391644593 0.15998097385683976 0.0 
v 0.28238371892665687 0.13984504799683709 0.0 
v 0.2995096582817136 0.1627991990466772 0.0 
v 0.46462165919379717 0.2756284937138688 0.0 
v 0.649763235903427 0.3714563116316319 0.0 
v 0.5263561348402597 0.19069447255333793 0.0 
v 0.18857571519894542 0.01696381098322067 0.0 
v 0.6178805106060015 0.3672857766619411 0.0 
v 0.631634010367034 0.35311721019365794 0.0 
v 0.6303534033953951 0.3656336979018535 0.0 
v 0.6424571854823921 0.3605483238622068 0.0 
v 0.6373863213061847 0.3774521799136248 0.0 
v 0.646430930397643 0.3431633358496313 0.0 
v 0.6614332588216506 0.35573910838154843 0.0 
v 0.652801103814776 0.36152083101046345 0.0 
v 0.6652390839076374 0.3707560308377179 0.0 
v 0.4313394945500926 0.20347461813888648 0.0 
v 0.40552460713108496 0.20567128540129626 0.0 
v 0.19870550893021602 0.045962349956119454 0.0 
v 0.6148084517190496 0.21868486064806603 0.0 
v 0.2642272819676706 0.12550108133207136 0.0 
v 0.2730824234479472 0.09428891108292085 0.0 
v 0.29063735590996653 0.11327815109308982 0.0 
v 0.24381481934213597 0.09292573557075806 0.0 
v 0.684493505742603 0.09118292598746404 0.0 
v 0.6033048176375194 0.2638953246490687 0.0 
v 0.6198329884081002 0.25154406347789726 0.0 
v 0.24031819576012808 0.02868353338465013 0.0 
v 0.25014748732435604 0.03655200096993254 0.0 
v 0.25870173397812507 0.049869340404881723 0.0 
v 0.11328167414296345 0.10551826600777657 0.0 
v 0.6281197714257376 0.05710009593418433 0.0 
v 0.6211537412071525 0.06732236820066664 0.0 
v 0.6244820709718087 0.04727468515429662 0.0 
v 0.6114741371577523 0.06357619490131693 0.0 
v 0.6127117129749747 0.07475694582557212 0.0 
v 0.6325571486821208 0.2861604911520437 0.0 
v 0.6007681765800021 0.29275366221416865 0.0 
v 0.6177438856089862 0.29780044075047896 0.0 
v 0.5644694637312679 0.0606646303935694 0.0 
v 0.5601410317545806 0.036925576231857285 0.0 
v 0.5492916226883537 0.03910695526403045 0.0 
v 0.06729531402106936 0.13217474285671074 0.0 
v 0.042342033838195875 0.13023517390477107 0.0 
v 0.05456238803005432 0.1345021723584653 0.0 
v 0.03743898883947924 0.14029803499094723 0.0 
v 0.046211720162823565 0.150547118661966 0.0 
v 0.06389282292633397 0.14955378650306733 0.0 
v 0.6819614704510291 0.26220076746049314 0.0 
v 0.6577483258629593 0.24730801754090434 0.0 
v 0.09808341939401014 0.13378849422573186 0.0 
v 0.6838738367692856 0.12252944164001908 0.0 
v 0.6706299374566654 0.11888084178362601 0.0 
v 0.13944601475825114 0.06932462891311444 0.0 
v 0.4954000585319536 0.11890824776193251 0.0 
v 0.6342496636358873 0.07795884836661036 0.0 
v 0.7426122367933077 0.2999781531058896 0.0 
v 0.7379524339402971 0.31404566568342407 0.0 
v 0.7282920242264623 0.31960577887242236 0.0 
v 0.7267338741927694 0.3349099493785066 0.0 
v 0.7202634517530753 0.31146261385431456 0.0 
v 0.7236198945244869 0.3015549114811445 0.0 
v 0.6738784232606826 0.32073194461060767 0.0 
v 0.6786504082131878 0.29532934588981613 0.0 
v 0.6420602316893149 0.17127496508697243 0.0 
v 0.6687571864738258 0.13743207181157407 0.0 
v 0.5991009048192538 0.3317980738617613 0.0 
v 0.20107131383687687 0.10924235495397308 0.0 
v 0.5161090499345108 0.1395650670214004 0.0 
v 0.5383048413151051 0.14939319187598507 0.0 
v 0.6086755330331906 0.19300717340413823 0.0 
v 0.608892786922216 0.18106398903171547 0.0 
v 0.6222227993672191 0.2033427566495742 0.0 
v 0.6102708370922355 0.15910554236509644 0.0 
v 0.6208779569894397 0.17079367989209387 0.0 
v 0.6064851025065088 0.16989042494567727 0.0 
v 0.5973139684803959 0.16061427216044769 0.0 
v 0.5855224609618876 0.14969418364317624 0.0 
v 0.601923575219653 0.14381054354367764 0.0 
v 0.3554410624983481 0.24601157849264152 0.0 
v 0.3151010694923654 0.21177927477304323 0.0 
v 0.3069915671663639 0.13858913678514223 0.0 
v 0.4519836592129454 0.27700474428702215 0.0 
v 0.4388965428353187 0.26732717442320636 0.0 
v 0.45625762830058514 0.2575372622361784 0.0 
v 0.45739591618587644 0.2679900697068171 0.0 
v 0.46874174875016117 0.2614661510742352 0.0 
v 0.46734645977497463 0.2441009970485986 0.0 
v 0.4801386339641939 0.25934090390258796 0.0 
v 0.6507455235651456 0.38925638848134764 0.0 
v 0.42284907673476196 0.19145962825255744 0.0 
v 0.3975146367131391 0.19557215106907977 0.0 
v 0.4098418309442839 0.19402108833100856 0.0 
v 0.384387078015872 0.21421012743530513 0.0 
v 0.4183667188771006 0.20380518083310212 0.0 
v 0.3882042216629821 0.20295656112615265 0.0 
v 0.4254391031793007 0.22663705200122466 0.0 
v 0.37576713695685554 0.2050121345007203 0.0 
v 0.41383221918048135 0.217721088228996 0.0 
v 0.36397296780460214 0.22470319897134877 0.0 
v 0.37268172496079943 0.2165417474549596 0.0 
v 0.38175386589249616 0.2315385056085983 0.0 
v 0.35443487909911076 0.2057983792844902 0.0 
v 0.3649845854966184 0.20224650085276438 0.0 
v 0.3563159539363501 0.1939423188087356 0.0 
v 0.36198044194477014 0.21384994637371635 0.0 
v 0.34450223910957506 0.22266826105833287 0.0 
v 0.3403582829019866 0.19748774040272013 0.0 
v 0.34593505886746867 0.18490354354832894 0.0 
v 0.19476684993529114 0.03419088773278196 0.0 
v 0.20520172514721638 0.031233199277234926 0.0 
v 0.21197819138297316 0.043019061617093034 0.0 
v 0.17943771802948982 0.04586457783473 0.0 
v 0.2659286597031751 0.10378157031122741 0.0 
v 0.25760315351564816 0.09278963557660046 0.0 
v 0.27914126010612755 0.10629681537503942 0.0 
v 0.29613736237395466 0.09782500868789824 0.0 
v 0.2869883205849935 0.12671003422398563 0.0 
v 0.2693245265260671 0.05855986124339656 0.0 
v 0.23751306413564666 0.054073616765918896 0.0 
v 0.12250974842134162 0.11615836905086335 0.0 
v 0.13040571076913907 0.0925275399248968 0.0 
v 0.6201972307585123 0.2813076296339669 0.0 
v 0.629031898006369 0.2663155003631689 0.0 
v 0.6513905089532847 0.2732992865688332 0.0 
v 0.6122605151496326 0.3086094188799382 0.0 
v 0.6334178042708932 0.3125471245315652 0.0 
v 0.6234169655552305 0.3074737213915628 0.0 
v 0.6294409982458778 0.2974406292201792 0.0 
v 0.6211806593018919 0.32427566537768043 0.0 
v 0.650995646447667 0.29732463526835473 0.0 
v 0.6402019641963936 0.29434286878173727 0.0 
v 0.6441813346082825 0.2829624594634221 0.0 
v 0.6428720858891146 0.30570419066581783 0.0 
v 0.635833053620623 0.2753429546638328 0.0 
v 0.6575515228563256 0.2854164635261297 0.0 
v 0.657433158952379 0.31169295308134126 0.0 
v 0.6437216474162395 0.31683049815716685 0.0 
v 0.6355366268856705 0.32989466134923495 0.0 
v 0.6421876403380286 0.2634798253715132 0.0 
v 0.5478366947212432 0.08369983885082909 0.0 
v 0.061993539445123175 0.12384052428594763 0.0 
v 0.055540766274457094 0.15874555566665646 0.0 
v 0.07022349657275126 0.16369653508195942 0.0 
v 0.670092724157607 0.24641386462638976 0.0 
v 0.6646522985745918 0.25696358034442746 0.0 
v 0.6631615665424704 0.23638299546192146 0.0 
v 0.6616196904649112 0.268052624653993 0.0 
v 0.6528139022487052 0.25813229513456043 0.0 
v 0.6410878959032414 0.23224932410788415 0.0 
v 0.651541776538072 0.2374291188489937 0.0 
v 0.6453642157152408 0.24819937636617598 0.0 
v 0.6516109192166427 0.22415064746356533 0.0 
v 0.636106633771723 0.21489102777924018 0.0 
v 0.6583657339145925 0.2147656920538199 0.0 
v 0.6698459596862555 0.21039715807788179 0.0 
v 0.6471950176516817 0.2075174166440202 0.0 
v 0.6794313791415073 0.21803519516922004 0.0 
v 0.6353321102697415 0.20170218295788767 0.0 
v 0.6505354324587445 0.19651086440322083 0.0 
v 0.6888422399417864 0.2132748661632131 0.0 
v 0.10486684792068979 0.14283760974166912 0.0 
v 0.09427560245156973 0.14834598224793688 0.0 
v 0.11131340309968407 0.13093805522620053 0.0 
v 0.08154634943340722 0.13899088261544312 0.0 
v 0.6767748891841868 0.1103545885420228 0.0 
v 0.12926119354900817 0.059304627571407684 0.0 
v 0.15162280839753633 0.08056449991058648 0.0 
v 0.7383873501065309 0.33642584334781345 0.0 
v 0.7427306532924094 0.3469769206196155 0.0 
v 0.733156663582497 0.35634731296384753 0.0 
v 0.7313184277123467 0.3452172228422245 0.0 
v 0.712506966279732 0.35404095299328997 0.0 
v 0.7194283145389855 0.3443325904076762 0.0 
v 0.6998617192429916 0.3377044348547517 0.0 
v 0.7086461833452856 0.3439671114685177 0.0 
v 0.6938643335864866 0.3554089707603735 0.0 
v 0.7104373049604676 0.3321625729209811 0.0 
v 0.6852004439815 0.315247941332518 0.0 
v 0.6895303775783224 0.3284352716779007 0.0 
v 0.67456044229332 0.307710546675977 0.0 
v 0.6649191711820195 0.29765954681859824 0.0 
v 0.6838128726720615 0.28652272451030064 0.0 
v 0.6343262566880222 0.18412583309470584 0.0 
v 0.6320034742505466 0.15452164611098648 0.0 
v 0.5912059754532685 0.3404107695635999 0.0 
v 0.5914124196737632 0.35167278837038596 0.0 
v 0.5896316189210415 0.32985371512634526 0.0 
v 0.5181172970500836 0.1505661397169064 0.0 
v 0.5278120703983471 0.14311251847951692 0.0 
v 0.5282492129789883 0.12059256593825632 0.0 
v 0.5248547453218158 0.13179089378706646 0.0 
v 0.5105143644642034 0.12446482548895006 0.0 
v 0.5436448895128694 0.13137297943632034 0.0 
v 0.3515390233739498 0.25879392843528337 0.0 
v 0.339672617609366 0.2423956396580313 0.0 
v 0.30478420698634406 0.2059342457310435 0.0 
v 0.30848770267990866 0.19039745641554834 0.0 
v 0.3269099332618985 0.22050757103517132 0.0 
v 0.2948647590438461 0.1426874361085142 0.0 
v 0.3044520670187181 0.15106546690162753 0.0 
v 0.3259328322187433 0.1489411618821838 0.0 
v 0.314864614394656 0.14668827657568612 0.0 
v 0.32302274783512497 0.1308816795561047 0.0 
v 0.31707094752155285 0.16416377488369982 0.0 
v 0.6404048439011403 0.38749764445311613 0.0 
v 0.6579006362959579 0.37993439550301905 0.0 
v 0.6758315361510076 0.3867479593412116 0.0 
v 0.6636648555364671 0.39176568891491886 0.0 
v 0.6745092824975821 0.40080121284901704 0.0 
v 0.6548085403955263 0.4028503766433172 0.0 
v 0.43621457603423264 0.19102225085240915 0.0 
v 0.42564455293292447 0.21435663932460347 0.0 
v 0.4473116119784668 0.22086105139940537 0.0 
v 0.4355607919490211 0.2206644616639046 0.0 
v 0.4416151831646156 0.2100644569752239 0.0 
v 0.4410877025952057 0.24159371878738822 0.0 
v 0.4636027810679283 0.2053645573536937 0.0 
v 0.4353726801434713 0.23190852772263762 0.0 
v 0.4532717896468488 0.21081532774429723 0.0 
v 0.42360643517111485 0.2453802865252896 0.0 
v 0.4482515539338974 0.19789535663558 0.0 
v 0.4671336723960319 0.22457243831610488 0.0 
v 0.410980373435037 0.23344660365353012 0.0 
v 0.3987176739911433 0.21925295517530066 0.0 
v 0.33035792467300945 0.18552821851359155 0.0 
v 0.3484348224047786 0.1724340963805935 0.0 
v 0.3325046046414359 0.1692404991432657 0.0 
v 0.21026153803524514 0.06667591072021468 0.0 
v 0.17470319814466673 0.03460474234943626 0.0 
v 0.15710987598198514 0.048627657752895403 0.0 
v 0.16008412760267857 0.034311333519707325 0.0 
v 0.16788413119905554 0.044097313980466644 0.0 
v 0.1705280533293891 0.06546226811149608 0.0 
v 0.1661930805769935 0.05515265251949359 0.0 
v 0.15530930055995446 0.06579523856426275 0.0 
v 0.250512605938284 0.07296231492044213 0.0 
v 0.2663044575791892 0.0836105207547368 0.0 
v 0.2795438381540502 0.08269730736763739 0.0 
v 0.2557129594951127 0.0822840938721162 0.0 
v 0.24492276508286523 0.08219218072079806 0.0 
v 0.23182262523442249 0.08626390981741329 0.0 
v 0.23488071673830188 0.06980285390687489 0.0 
v 0.28611670814978696 0.06942776601059752 0.0 
v 0.28502517154248147 0.09334939223407152 0.0 
v 0.2943955918633723 0.08179124533881903 0.0 
v 0.2785184995170471 0.11825106780230656 0.0 
v 0.3023254784629883 0.12366506723444204 0.0 
v 0.28118473698056734 0.05551996571989891 0.0 
v 0.24727971343797078 0.04780011690349928 0.0 
v 0.25094667947143673 0.06011776078675697 0.0 
v 0.23705934910084958 0.04262810839548463 0.0 
v 0.26077483181219524 0.06687950862709797 0.0 
v 0.22461275788209972 0.04885325478978758 0.0 
v 0.14012235599105313 0.09838837936173446 0.0 
v 0.1318023796672248 0.1077553944478007 0.0 
v 0.1408331929484442 0.08622488846075657 0.0 
v 0.1291523155519714 0.07867659848756492 0.0 
v 0.613215781093228 0.3370625990545243 0.0 
v 0.662037206741997 0.32279599039526624 0.0 
v 0.6710385994940027 0.3394381085012515 0.0 
v 0.6590053796876949 0.3351912424913601 0.0 
v 0.6622292627794112 0.3452276860557943 0.0 
v 0.6725226110335389 0.35129302667085455 0.0 
v 0.6850539848440365 0.3437039915056487 0.0 
v 0.630461995342145 0.32171131065958675 0.0 
v 0.644560820710156 0.33359205248863927 0.0 
v 0.6366199495068975 0.3401119396887666 0.0 
v 0.6252350281018644 0.33615299504211904 0.0 
v 0.6200710406550866 0.3477817898148068 0.0 
v 0.5460029547625886 0.06485325056110842 0.0 
v 0.5594016400176274 0.07452788568753001 0.0 
v 0.073587117955775 0.15370262395858902 0.0 
v 0.08210332779489778 0.16666247210778992 0.0 
v 0.09167990716391045 0.1620365108062511 0.0 
v 0.06674178576311374 0.17390224537449178 0.0 
v 0.10147236652529992 0.11738996040250126 0.0 
v 0.07135527959101513 0.14199220186219005 0.0 
v 0.07718532314729283 0.12980287474788876 0.0 
v 0.0881503713983118 0.1290901024835315 0.0 
v 0.7216073417471283 0.36615729611331466 0.0 
v 0.6282111354896 0.1932927435047 0.0 
v 0.6314103833812205 0.1736183031662312 0.0 
v 0.6423260281093565 0.15295758433607498 0.0 
v 0.635089001976061 0.14004000738307887 0.0 
v 0.6216837958248271 0.15940526111971318 0.0 
v 0.6163287242652666 0.1458741810652977 0.0 
v 0.5455752646602124 0.14174635225392687 0.0 
v 0.5590148793357723 0.13387908424902878 0.0 
v 0.37494045984776414 0.25895087383301535 0.0 
v 0.3393575692723382 0.25511624877353484 0.0 
v 0.3348195639773617 0.2288059666062137 0.0 
v 0.33742226458129965 0.15170302098988345 0.0 
v 0.33455090557010286 0.13836882315849078 0.0 
v 0.6833046591093314 0.3945399278353867 0.0 
v 0.6871053552771982 0.3834151087685846 0.0 
v 0.6844467781208033 0.40545247000122103 0.0 
v 0.6781133793151776 0.3737325668829282 0.0 
v 0.7056178875170499 0.37730828345708556 0.0 
v 0.6738410792893955 0.36288076752879855 0.0 
v 0.6920643115564646 0.3697932270610783 0.0 
v 0.6826814270152083 0.3560060222967378 0.0 
v 0.665306312657455 0.4080499356996569 0.0 
v 0.39606317569616817 0.209425957394783 0.0 
v 0.40689287634928384 0.22458397898447757 0.0 
v 0.397572097962974 0.22994362025432313 0.0 
v 0.3197520583584751 0.18944164265559393 0.0 
v 0.3130550855598562 0.17737084010155435 0.0 
v 0.3378664438597799 0.17823249907282268 0.0 
v 0.20758158495331921 0.054590731781732196 0.0 
v 0.19043561578944004 0.06473267860564563 0.0 
v 0.20066617369909276 0.06246399765856499 0.0 
v 0.20054800211614918 0.07576900010364776 0.0 
v 0.2143432877470981 0.08077087276531113 0.0 
v 0.18874543568668184 0.08392770334309631 0.0 
v 0.14356384504275962 0.05495288730521987 0.0 
v 0.1481140825514421 0.03929164334447229 0.0 
v 0.1473154053578399 0.027806372578771013 0.0 
v 0.297213610630427 0.067182486342244 0.0 
v 0.3042987852281006 0.07721948501325741 0.0 
v 0.2960443149220713 0.1321758067844652 0.0 
v 0.30298874931575837 0.11114908009111304 0.0 
v 0.31603552028504056 0.1154404825284631 0.0 
v 0.31214674385099134 0.1287858703861235 0.0 
v 0.12323947710565114 0.10086278992180919 0.0 
v 0.11000770081333601 0.08553809033525062 0.0 
v 0.1196994671346811 0.0689371783833387 0.0 
v 0.6112006791755851 0.32693331212046756 0.0 
v 0.680341043346172 0.3340317382133537 0.0 
v 0.5543105129355013 0.05867779237761148 0.0 
v 0.5439811474160896 0.05345779076838488 0.0 
v 0.532967359411421 0.061288967705588254 0.0 
v 0.5692323724543124 0.09428755151309601 0.0 
v 0.5495776816431338 0.07401793989489043 0.0 
v 0.5346258789089564 0.07632680600787631 0.0 
v 0.11194566216342093 0.11599874642792221 0.0 
v 0.7262839059778194 0.38046354557755846 0.0 
v 0.6127844097800311 0.11930600694329044 0.0 
v 0.6265927420086501 0.1457992813623366 0.0 
v 0.6213574477239022 0.13168282578664645 0.0 
v 0.5607036189444334 0.14337467785554708 0.0 
v 0.36321426083776237 0.26267172689636753 0.0 
v 0.3721247687650997 0.27041515115284165 0.0 
v 0.3890916111551033 0.2685043897555187 0.0 
v 0.7094723019488005 0.36579597557254245 0.0 
v 0.3078935629247846 0.1685872973550679 0.0 
v 0.22224011274156608 0.07084554053812363 0.0 
v 0.21950021991215635 0.05942581659578724 0.0 
v 0.22090849377457275 0.09043672704485163 0.0 
v 0.17606716477741519 0.08671915823286505 0.0 
v 0.16560644309520273 0.07809487394849736 0.0 
v 0.17998953563599346 0.07434693377023971 0.0 
v 0.12111357095874442 0.08638621978975156 0.0 
v 0.10944834520910782 0.06524695468219358 0.0 
v 0.10050481647795184 0.07564677403764418 0.0 
v 0.5596565207376155 0.08672638058396374 0.0 
v 0.5702146998702092 0.08319922360495632 0.0 
v 0.551040576411651 0.10748230948644591 0.0 
v 0.5582756719365174 0.09831941625845271 0.0 
v 0.5709014061329016 0.11572669131824544 0.0 
v 0.5459891559868278 0.09605577460434599 0.0 
v 0.562133662563815 0.10880360919980787 0.0 
v 0.5594602966828671 0.12120279524121283 0.0 
v 0.5358168205511984 0.10738256948863921 0.0 
v 0.526983653210146 0.06955928720012283 0.0 
v 0.524184160550796 0.08041937034952218 0.0 
v 0.533912885331688 0.08987440106743606 0.0 
v 0.5111390718384189 0.08395798916331071 0.0 
v 0.7196820437241216 0.3902909930934516 0.0 
v 0.716426903660259 0.375768212319444 0.0 
v 0.6079409888014221 0.13181844215963356 0.0 
v 0.6271577825255817 0.1185075660902785 0.0 
v 0.38692051086664975 0.28183664275471615 0.0 
v 0.6997713628758677 0.363452920669947 0.0 
v 0.09528689896236014 0.09017029514397987 0.0 
v 0.5732719193078788 0.1302469043605999 0.0 
v 0.5433581918693344 0.11819417472527081 0.0 
v 0.5160803462886965 0.10484876511387294 0.0 
v 0.5917703533608383 0.11836533947183127 0.0 
v 0.6190766723190797 0.10280554732523159 0.0 
v 0.6315716263173875 0.1085104878197429 0.0 
v 0.6373506656305808 0.12698004442100663 0.0 
v 0.10538484966015682 0.09655392200879481 0.0 
v 0.09297324981202322 0.10500868829887142 0.0 
v 0.07780199034538923 0.09245111858958481 0.0 
v 0.5805049550894523 0.13927272295856266 0.0 
v 0.5850398454587166 0.12822750559519316 0.0 
v 0.5966616177848066 0.12893114430477695 0.0 
v 0.5254240388484887 0.11020148408223608 0.0 
v 0.5259346428963189 0.09847865254247586 0.0 
v 0.5159555247652453 0.09384852368464508 0.0 
v 0.5059609954042334 0.0994627621298078 0.0 
v 0.5063152505340202 0.11099641954820691 0.0 
v 0.6196129789933325 0.1124600329466669 0.0 
v 0.6085297452283909 0.1082335678514551 0.0 
v 0.6089011568100492 0.09599461485719535 0.0 
v 0.5931015674778223 0.10164026183764362 0.0 
v 0.11529517897831623 0.09463504075037227 0.0 
v 0.1030793959612308 0.10717907321865516 0.0 
v 0.09086358282370598 0.11556461072517445 0.0 
v 0.08095267510325962 0.10809507768072205 0.0 
v 0.08598944034490212 0.08705601558714339 0.0 
v 0.08673667332158619 0.09710006285756656 0.0 
v 0.07687548806495244 0.08213501748436675 0.0 
v 0.5917442151229293 0.13904025690805374 0.0 
v 0.3969137188615358 0.3137094840058739 0.0 
v 0.644773278022462 0.4140299244136288 0.0 
v 0.1262744716923586 0.028230213048319523 0.0 
v 0.024743971952392797 0.0918166890332237 0.0 
v 0.2728736506989737 0.020914409932242882 0.0 
v 0.31690678518932075 0.2624039224116593 0.0 
v 0.3563369298544954 0.2985676922260627 0.0 
v 0.32704471825466985 0.27384019529514714 0.0 
v 0.483172265799364 0.08419308616918228 0.0 
v 0.5102028309536843 0.05601372354878898 0.0 
v 0.6820143696810884 0.07322781724811306 0.0 
v 0.6031124410842351 0.3861038455982336 0.0 
v 0.37003509230230364 0.30553662782276736 0.0 
v 0.43285326305048566 0.3074746179401349 0.0 
v 0.06078963295876642 0.06884507529827197 0.0 
v 0.3013303168050603 0.05102438257162628 0.0 
v 0.4853321313028999 0.28494535751062633 0.0 
v 0.7486380368689772 0.29010968782292096 0.0 
v 0.05289507934352857 0.1875259167807074 0.0 
v 0.046312624092082005 0.17930087931236038 0.0 
v 0.7393416458524203 0.280857845949959 0.0 
v 0.640693519251914 0.04147307154329529 0.0 
v 0.6246441414799663 0.3976328566962196 0.0 
v 0.4634227364865907 0.29669887323946303 0.0 
v 0.6020448564342495 0.3567902743658818 0.0 
v 0.03496719012213879 0.16017996772976353 0.0 
v 0.6011807561128574 0.24189359182672798 0.0 
v 0.6159072853970008 0.23628102067730677 0.0 
v 0.6089729068527167 0.24968364431129741 0.0 
v 0.611087646296593 0.22774960475447786 0.0 
v 0.6222862448999404 0.2270502818754655 0.0 
v 0.6291991667177746 0.23864697876018162 0.0 
v 0.5044748736359607 0.20701205290671504 0.0 
v 0.5049120544140027 0.22793349402653987 0.0 
v 0.509566321550624 0.21737094875808377 0.0 
v 0.4927996806417662 0.18001674189878697 0.0 
v 0.5902715649382524 0.05111339600519145 0.0 
v 0.48649018339380456 0.1614911850749389 0.0 
v 0.4478633054238305 0.2916983632351315 0.0 
v 0.2933054633190448 0.17022999308889866 0.0 
v 0.054757250184599274 0.14479913464570898 0.0 
v 0.6136497583210779 0.20866229081282447 0.0 
v 0.578481717634217 0.1576457877133192 0.0 
v 0.5952519963371486 0.15101451193907586 0.0 
v 0.4348822325476681 0.27606818730490307 0.0 
v 0.4265805873352247 0.26334410454365076 0.0 
v 0.4363558168770747 0.2541508213788975 0.0 
v 0.4471243987684864 0.2510386316973784 0.0 
v 0.454521501324016 0.23965916192380896 0.0 
v 0.44655280291558647 0.23193379517005958 0.0 
v 0.4635325800083659 0.23437711524858407 0.0 
v 0.47447623076587137 0.2328328848026932 0.0 
v 0.45656057454523313 0.22625276659171062 0.0 
v 0.48092687390790173 0.21970547168336904 0.0 
v 0.4873516983697637 0.22839426340390573 0.0 
v 0.471126649340935 0.21390995501628765 0.0 
v 0.4818451171831138 0.1968878627302298 0.0 
v 0.4810674824224426 0.20828384936361816 0.0 
v 0.49253722183619664 0.20334199155591368 0.0 
v 0.4922857684562344 0.19167506072987767 0.0 
v 0.5048403171502103 0.18638799342744214 0.0 
v 0.4962448385583396 0.232468973541265 0.0 
v 0.5017709177488827 0.19664887331348885 0.0 
v 0.5046878256984167 0.1721131225901824 0.0 
v 0.49418486968040704 0.16920773605302084 0.0 
v 0.4824655349894301 0.1731991469824609 0.0 
v 0.5019989313577672 0.16139670374948362 0.0 
v 0.4820690298433796 0.18504124472007338 0.0 
v 0.46956103621708783 0.19073025650333023 0.0 
v 0.47311229958584583 0.17881366250854744 0.0 
v 0.5145225642838729 0.17038617870118178 0.0 
v 0.45914374939578 0.19501901144277867 0.0 
v 0.4508815678127178 0.1857931873008479 0.0 
v 0.47789024831095145 0.24823942530413445 0.0 
v 0.34241524268615253 0.21008047229414964 0.0 
v 0.6189951671717896 0.26231584456964235 0.0 
v 0.6636087238065828 0.2776771187695017 0.0 
v 0.6330797710811806 0.2535446600805355 0.0 
v 0.6249859963043991 0.21414073167328196 0.0 
v 0.6407044695997692 0.1925777790803373 0.0 
v 0.5024803614369416 0.13602799284324646 0.0 
v 0.3498003196863309 0.2344202066002734 0.0 
v 0.2982619699550729 0.18931707271695214 0.0 
v 0.3135149634299627 0.1998055964670851 0.0 
v 0.33188045252604853 0.12488556336781223 0.0 
v 0.42085081753713643 0.2356496347387702 0.0 
v 0.40990531962644255 0.2472301781332621 0.0 
v 0.39933615293736985 0.2577084849183036 0.0 
v 0.40525998169373245 0.26650864771671046 0.0 
v 0.38703462800814237 0.256293838572125 0.0 
v 0.37826366591907534 0.24522393636500953 0.0 
v 0.38679166276096916 0.24011106543562322 0.0 
v 0.36699537738504184 0.2497616863691199 0.0 
v 0.3646432610037174 0.23733386855476324 0.0 
v 0.327061726391389 0.15978914201982408 0.0 
v 0.7047777400081008 0.3888310892093622 0.0 
v 0.3889600479590943 0.22376929369653697 0.0 
v 0.3240798061857576 0.1764154553078929 0.0 
v 0.13761637435867982 0.04473326385248755 0.0 
v 0.22972657464272495 0.06085540348712477 0.0 
v 0.2110302655502028 0.09626787133138165 0.0 
v 0.6263065818872939 0.09517627583304726 0.0 
v 0.6493979457469694 0.12700415794691952 0.0 
v 0.6444047546937106 0.13589443638482987 0.0 
v 0.06716016645191299 0.10093104358568591 0.0 
v 0.06163681777573977 0.0896101437716704 0.0 
v 0.5984462854555309 0.11048118585036203 0.0 
v 0.5823281393404199 0.10919827977857183 0.0 
v 0.5804491693875973 0.1191738620104743 0.0 
v 0.5815690014392557 0.09665878690108798 0.0 
v 0.5793162124209682 0.08704026099587765 0.0 
v 0.597391588930609 0.09108483261147551 0.0 
v 0.632917510278151 0.225200079349234 0.0 
v 0.5135725259658582 0.20387416542275003 0.0 
v 0.477463947324435 0.15802798932141945 0.0 
v 0.48683781974994345 0.15097577019783456 0.0 
v 0.49034096928262005 0.14092980515533446 0.0 
v 0.33075745805429174 0.20948701347846455 0.0 
v 0.6023667767795267 0.12017171048722229 0.0 
v 0.5723132381275917 0.10478792161030419 0.0 
v 0.714349148503177 0.27048444911932845 0.0 
v 0.1802234028024179 0.058045910386754766 0.0 
v 0.18904397066641487 0.05136098760312221 0.0 
vt 0.040901657193899155 0.4445247948169708 
vt 0.043191876262426376 0.4571934938430786 
vt 0.0471639558672905 0.4688974916934967 
vt 0.05271337181329727 0.4792916476726532 
vt 0.059895433485507965 0.4881047308444977 
vt 0.06881766766309738 0.4951813817024231 
vt 0.07950051873922348 0.5004778504371643 
vt 0.09181094914674759 0.503960907459259 
vt 0.10532281547784805 0.5054265260696411 
vt 0.1191663146018982 0.5047823786735535 
vt 0.13250653445720673 0.5024641752243042 
vt 0.1450163722038269 0.49901410937309265 
vt 0.15671148896217346 0.49471142888069153 
vt 0.1677413433790207 0.48974135518074036 
vt 0.17825499176979065 0.48425498604774475 
vt 0.1883375197649002 0.47833752632141113 
vt 0.19803115725517273 0.4720311462879181 
vt 0.207442969083786 0.465442955493927 
vt 0.2166995406150818 0.4586995244026184 
vt 0.22594451904296875 0.4519445300102234 
vt 0.23541174829006195 0.445411741733551 
vt 0.24536257982254028 0.4393625855445862 
vt 0.2559450566768646 0.43394601345062256 
vt 0.26731589436531067 0.42933788895606995 
vt 0.27978503704071045 0.42602336406707764 
vt 0.29325902462005615 0.42463505268096924 
vt 0.30677419900894165 0.4256097078323364 
vt 0.3190912902355194 0.42895108461380005 
vt 0.329621285200119 0.43438097834587097 
vt 0.3385259211063385 0.44147413969039917 
vt 0.3461929261684418 0.4498070776462555 
vt 0.3528008759021759 0.45919910073280334 
vt 0.35841554403305054 0.46958446502685547 
vt 0.36312228441238403 0.48087772727012634 
vt 0.3671310544013977 0.49286895990371704 
vt 0.3708600699901581 0.505139946937561 
vt 0.37479695677757263 0.5172030329704285 
vt 0.37918519973754883 0.5288147926330566 
vt 0.3839886486530304 0.5400113463401794 
vt 0.38913220167160034 0.5508677959442139 
vt 0.39461442828178406 0.5613855719566345 
vt 0.40048909187316895 0.571510910987854 
vt 0.4068102538585663 0.581189751625061 
vt 0.41368016600608826 0.590319812297821 
vt 0.42115625739097595 0.5988437533378601 
vt 0.4290289282798767 0.6069710850715637 
vt 0.437104195356369 0.6148958206176758 
vt 0.4455392062664032 0.6224607825279236 
vt 0.4546550214290619 0.6293449997901917 
vt 0.46450862288475037 0.6354913711547852 
vt 0.47500377893447876 0.6409962177276611 
vt 0.4861483871936798 0.6458516120910645 
vt 0.4980333745479584 0.6499665975570679 
vt 0.5107932686805725 0.6532042026519775 
vt 0.5245496034622192 0.655402660369873 
vt 0.5392135381698608 0.6563500761985779 
vt 0.5540004372596741 0.6558651924133301 
vt 0.5678209066390991 0.6538102030754089 
vt 0.5802716612815857 0.6502712965011597 
vt 0.5914983749389648 0.6454983353614807 
vt 0.6016616225242615 0.6396616101264954 
vt 0.6110081672668457 0.6330081820487976 
vt 0.619807243347168 0.6258072853088379 
vt 0.6279332041740417 0.6179332137107849 
vt 0.6354217529296875 0.6094217300415039 
vt 0.6426476836204529 0.6006476879119873 
vt 0.6495795249938965 0.5915794968605042 
vt 0.6561502814292908 0.5821502804756165 
vt 0.6624966263771057 0.5724965929985046 
vt 0.6686561703681946 0.5626561641693115 
vt 0.6746132373809814 0.5526132583618164 
vt 0.6804117560386658 0.5424118041992188 
vt 0.6861416101455688 0.5321416258811951 
vt 0.6918583512306213 0.5218583941459656 
vt 0.6975886821746826 0.5115886926651001 
vt 0.7033967971801758 0.5013970136642456 
vt 0.7094459533691406 0.4914552867412567 
vt 0.7160369753837585 0.4822045564651489 
vt 0.7234050035476685 0.47489818930625916 
vt 0.7309189438819885 0.47224655747413635 
vt 0.7367381453514099 0.47687217593193054 
vt 0.7394213080406189 0.4878959059715271 
vt 0.7395005822181702 0.5018637180328369 
vt 0.7383980751037598 0.5164271593093872 
vt 0.7369005680084229 0.5309017300605774 
vt 0.7352137565612793 0.5452137589454651 
vt 0.7334815263748169 0.5594815015792847 
vt 0.7318152785301208 0.5738152861595154 
vt 0.7302015423774719 0.5882015824317932 
vt 0.7286050915718079 0.6026050448417664 
vt 0.7270423173904419 0.6170400381088257 
vt 0.7255995869636536 0.6315578818321228 
vt 0.7245110273361206 0.6461414098739624 
vt 0.724345862865448 0.6605902910232544 
vt 0.7256611585617065 0.6745293140411377 
vt 0.728420615196228 0.6875988841056824 
vt 0.7323940992355347 0.6996068358421326 
vt 0.7374203205108643 0.7105796933174133 
vt 0.7433015704154968 0.7206984758377075 
vt 0.749927282333374 0.7300726771354675 
vt 0.7572984099388123 0.738701581954956 
vt 0.7653841972351074 0.7466157674789429 
vt 0.7741758823394775 0.7538241147994995 
vt 0.7836397886276245 0.7603601813316345 
vt 0.7937362194061279 0.7662637829780579 
vt 0.8045467734336853 0.7714532613754272 
vt 0.8161960244178772 0.7758038640022278 
vt 0.82883220911026 0.7791627049446106 
vt 0.8425392508506775 0.7813823819160461 
vt 0.8571306467056274 0.7822666764259338 
vt 0.8717641234397888 0.7816289067268372 
vt 0.885374903678894 0.7793641686439514 
vt 0.8975552320480347 0.775554895401001 
vt 0.9084315299987793 0.7704315185546875 
vt 0.9181168079376221 0.7641167640686035 
vt 0.9267476201057434 0.7567476034164429 
vt 0.9345480799674988 0.7485480904579163 
vt 0.9414355754852295 0.7394355535507202 
vt 0.9472779035568237 0.7292779088020325 
vt 0.9522227644920349 0.7182227373123169 
vt 0.9563373327255249 0.7063373923301697 
vt 0.9594929218292236 0.6934952139854431 
vt 0.9615499973297119 0.6795924305915833 
vt 0.9624148607254028 0.6647993922233582 
vt 0.9619843363761902 0.6498903036117554 
vt 0.9600338339805603 0.6359559893608093 
vt 0.9563736319541931 0.6236259937286377 
vt 0.9510617256164551 0.6129382848739624 
vt 0.9443182349205017 0.603681743144989 
vt 0.9363217949867249 0.5956782102584839 
vt 0.9271060824394226 0.5888939499855042 
vt 0.9166490435600281 0.5833513736724854 
vt 0.9050315022468567 0.5789808034896851 
vt 0.8925238251686096 0.5756384134292603 
vt 0.8804025053977966 0.572679340839386 
vt 0.8719483017921448 0.568102240562439 
vt 0.8695958852767944 0.5600461959838867 
vt 0.8716064095497131 0.5491020679473877 
vt 0.8749498128890991 0.5369138717651367 
vt 0.8783203363418579 0.5243191719055176 
vt 0.8814273476600647 0.5114273428916931 
vt 0.8841583728790283 0.49815833568573 
vt 0.8864639401435852 0.4844640791416168 
vt 0.8882882595062256 0.47029298543930054 
vt 0.8896200656890869 0.45568832755088806 
vt 0.8902910947799683 0.44076982140541077 
vt 0.8899823427200317 0.4258270263671875 
vt 0.8886902928352356 0.4112902283668518 
vt 0.8865969181060791 0.39740216732025146 
vt 0.8837130665779114 0.38428694009780884 
vt 0.879948616027832 0.3720513880252838 
vt 0.8752956986427307 0.36070433259010315 
vt 0.8698604702949524 0.3501395583152771 
vt 0.8636569976806641 0.3403429687023163 
vt 0.856613039970398 0.3313869833946228 
vt 0.8488759994506836 0.3231240212917328 
vt 0.8406131267547607 0.3153868317604065 
vt 0.8316603302955627 0.3083396553993225 
vt 0.8218976259231567 0.30210238695144653 
vt 0.8115009069442749 0.296499103307724 
vt 0.8005800843238831 0.2914198935031891 
vt 0.7889551520347595 0.28704574704170227 
vt 0.7763949036598206 0.28362545371055603 
vt 0.7629044055938721 0.2813033163547516 
vt 0.7487837076187134 0.2803191840648651 
vt 0.734584629535675 0.28091827034950256 
vt 0.7208974957466125 0.28293636441230774 
vt 0.7080949544906616 0.28609710931777954 
vt 0.6962770223617554 0.2902770936489105 
vt 0.6853203177452087 0.2953203320503235 
vt 0.6750459671020508 0.3010459542274475 
vt 0.6653271317481995 0.30732715129852295 
vt 0.6560775637626648 0.31407755613327026 
vt 0.6473337411880493 0.32133376598358154 
vt 0.6390579342842102 0.3290579319000244 
vt 0.6310097575187683 0.3370097875595093 
vt 0.6230579018592834 0.3450579047203064 
vt 0.6153327822685242 0.3533328175544739 
vt 0.6080617904663086 0.3620617687702179 
vt 0.6012040972709656 0.37120410799980164 
vt 0.5945455431938171 0.38054555654525757 
vt 0.5880591869354248 0.3900591731071472 
vt 0.581825315952301 0.3998253047466278 
vt 0.5758084058761597 0.40980836749076843 
vt 0.569972813129425 0.41997280716896057 
vt 0.5642830729484558 0.4302830994129181 
vt 0.5585030317306519 0.4405028522014618 
vt 0.5522849559783936 0.4502775967121124 
vt 0.5450931787490845 0.4589725732803345 
vt 0.5361436009407043 0.4651619493961334 
vt 0.5255597829818726 0.46713370084762573 
vt 0.5149481892585754 0.46442490816116333 
vt 0.5056522488594055 0.4582831561565399 
vt 0.49771174788475037 0.45028501749038696 
vt 0.4906415045261383 0.44135841727256775 
vt 0.4840450882911682 0.43195489048957825 
vt 0.4777242839336395 0.42227572202682495 
vt 0.47158458828926086 0.41241541504859924 
vt 0.46561309695243835 0.4023869037628174 
vt 0.4597392976284027 0.39226073026657104 
vt 0.45391300320625305 0.38208699226379395 
vt 0.4481664001941681 0.37183359265327454 
vt 0.4425044357776642 0.36149558424949646 
vt 0.4368963837623596 0.35110360383987427 
vt 0.4312279224395752 0.3407720923423767 
vt 0.4253694415092468 0.3306305408477783 
vt 0.4191359877586365 0.3208640217781067 
vt 0.4122924208641052 0.31170758605003357 
vt 0.4046870172023773 0.3033129870891571 
vt 0.3962874114513397 0.29571259021759033 
vt 0.38707566261291504 0.28892436623573303 
vt 0.3770102858543396 0.2829897105693817 
vt 0.3660295307636261 0.27797046303749084 
vt 0.35421890020370483 0.27378109097480774 
vt 0.34163326025009155 0.2703668773174286 
vt 0.3281574249267578 0.2678472697734833 
vt 0.313823401927948 0.2662448287010193 
vt 0.2988857924938202 0.26559266448020935 
vt 0.2838597893714905 0.2659781873226166 
vt 0.269257515668869 0.2672674059867859 
vt 0.25519004464149475 0.2691904306411743 
vt 0.24158507585525513 0.271585077047348 
vt 0.22845031321048737 0.27445030212402344 
vt 0.21581071615219116 0.2778107225894928 
vt 0.20356889069080353 0.28156888484954834 
vt 0.1915675401687622 0.2855675518512726 
vt 0.17979304492473602 0.2897930443286896 
vt 0.16834405064582825 0.294344037771225 
vt 0.15723419189453125 0.29923418164253235 
vt 0.14640279114246368 0.30440279841423035 
vt 0.13580290973186493 0.30980291962623596 
vt 0.12549549341201782 0.31549549102783203 
vt 0.11557119339704514 0.3215712010860443 
vt 0.10602229088544846 0.328022301197052 
vt 0.0967734083533287 0.3347734212875366 
vt 0.08779769390821457 0.34179770946502686 
vt 0.07924290001392365 0.3492428958415985 
vt 0.07119971513748169 0.3571997284889221 
vt 0.06376525014638901 0.365765243768692 
vt 0.05716339871287346 0.37516340613365173 
vt 0.051498573273420334 0.3854984939098358 
vt 0.04690231382846832 0.39689910411834717 
vt 0.04351813346147537 0.4094606339931488 
vt 0.04133376106619835 0.42284727096557617 
vt 0.04057377204298973 0.4363756477832794 
vt 0.24838757514953613 0.27038776874542236 
vt 0.8644473552703857 0.7819477915763855 
vt 0.887643575668335 0.40434619784355164 
vt 0.8498349785804749 0.78182452917099 
vt 0.889336347579956 0.41855862736701965 
vt 0.7416841983795166 0.28061872720718384 
vt 0.5466070175170898 0.6561076641082764 
vt 0.53188157081604 0.6558763980865479 
vt 0.89013671875 0.43329840898513794 
vt 0.7294033169746399 0.5954033136367798 
vt 0.7250553369522095 0.638849675655365 
vt 0.8199999928474426 0.656000018119812 
vt 0.7459999918937683 0.3659999966621399 
vt 0.515999972820282 0.5540000200271606 
vt 0.3659999966621399 0.35199999809265137 
vt 0.1379999965429306 0.4099999964237213 
vt 0.2539113461971283 0.2818480432033539 
vt 0.5290553569793701 0.6426420211791992 
vt 0.7224613428115845 0.46025216579437256 
vt 0.745764970779419 0.2930544912815094 
vt 0.8758571147918701 0.40967369079589844 
vt 0.742569088935852 0.5932174921035767 
vt 0.7382537126541138 0.6361686587333679 
vt 0.8602237105369568 0.7691366076469421 
vt 0.24630087614059448 0.27845486998558044 
vt 0.549873948097229 0.6428799033164978 
vt 0.5360676646232605 0.6480634808540344 
vt 0.742028534412384 0.4642435908317566 
vt 0.738463282585144 0.288563072681427 
vt 0.8794963955879211 0.4020233452320099 
vt 0.8816314339637756 0.41558054089546204 
vt 0.7369109988212585 0.599880576133728 
vt 0.7327888011932373 0.6430931091308594 
vt 0.8539349436759949 0.7745844721794128 
vt 0.867755651473999 0.7737552523612976 
vt 0.8832846879959106 0.42275941371917725 
vt 0.8465753197669983 0.7751976847648621 
vt 0.8769691586494446 0.437307745218277 
vt 0.8697319030761719 0.422100692987442 
vt 0.8368240594863892 0.7732433676719666 
vt 0.8492496013641357 0.7628223299980164 
vt 0.05518393591046333 0.4398689866065979 
vt 0.856490969657898 0.5682443976402283 
vt 0.2440909892320633 0.29364272952079773 
vt 0.23656001687049866 0.28008803725242615 
vt 0.5395381450653076 0.6363289952278137 
vt 0.73415207862854 0.3037526309490204 
vt 0.7287383079528809 0.2886907458305359 
vt 0.8641148209571838 0.39939701557159424 
vt 0.8782615661621094 0.3923603296279907 
vt 0.7515518069267273 0.6065793633460999 
vt 0.7358576059341431 0.6106923222541809 
vt 0.7477964162826538 0.6493186950683594 
vt 0.731903076171875 0.6534512639045715 
vt 0.872177243232727 0.7580938935279846 
vt 0.8774513602256775 0.7737763524055481 
vt 0.4875035285949707 0.46836039423942566 
vt 0.5154520273208618 0.4845908284187317 
vt 0.5515904426574707 0.4779323637485504 
vt 0.7096831798553467 0.4684288799762726 
vt 0.8254884481430054 0.7662935853004456 
vt 0.8552970886230469 0.5517627000808716 
vt 0.8680614233016968 0.5853776931762695 
vt 0.22521953284740448 0.28774935007095337 
vt 0.717333972454071 0.2960110306739807 
vt 0.8709203004837036 0.3815259337425232 
vt 0.7382557988166809 0.6233175992965698 
vt 0.73701012134552 0.6664268970489502 
vt 0.8881841897964478 0.7669689059257507 
vt 0.5022504329681396 0.4735378324985504 
vt 0.5340661406517029 0.4834020733833313 
vt 0.5604075193405151 0.4643176794052124 
vt 0.17145800590515137 0.31648382544517517 
vt 0.13130387663841248 0.3361263871192932 
vt 0.06941056996583939 0.3993466794490814 
vt 0.09671859443187714 0.3606855869293213 
vt 0.3418736159801483 0.2943848669528961 
vt 0.38701382279396057 0.3144029676914215 
vt 0.41032055020332336 0.3460867702960968 
vt 0.34664782881736755 0.4221421182155609 
vt 0.45082101225852966 0.4179869294166565 
vt 0.19105802476406097 0.4520525336265564 
vt 0.22966368496418 0.424747109413147 
vt 0.13264548778533936 0.4785626232624054 
vt 0.4155011773109436 0.5560340881347656 
vt 0.45473232865333557 0.6037253737449646 
vt 0.6413009166717529 0.3551303446292877 
vt 0.681321382522583 0.3214152753353119 
vt 0.7870134711265564 0.3098406195640564 
vt 0.838096559047699 0.3409711420536041 
vt 0.6300382614135742 0.5838253498077393 
vt 0.7582986950874329 0.7052133083343506 
vt 0.9351494312286377 0.6943223476409912 
vt 0.5097890496253967 0.6303991675376892 
vt 0.5774239301681519 0.627983033657074 
vt 0.7567598819732666 0.47783729434013367 
vt 0.08354827761650085 0.47889187932014465 
vt 0.06193861737847328 0.4573572874069214 
vt 0.9161123633384705 0.7388197183609009 
vt 0.3942130506038666 0.5041924118995667 
vt 0.47067344188690186 0.4483502507209778 
vt 0.6594281196594238 0.537233293056488 
vt 0.7029789090156555 0.47987422347068787 
vt 0.6022549271583557 0.40599319338798523 
vt 0.8083409667015076 0.7496944069862366 
vt 0.8617235422134399 0.539838433265686 
vt 0.8831568956375122 0.5877023935317993 
vt 0.204656720161438 0.3048432767391205 
vt 0.8538496494293213 0.365057110786438 
vt 0.7609351277351379 0.6297467350959778 
vt 0.5656505227088928 0.45191481709480286 
vt 0.15742447972297668 0.3135664761066437 
vt 0.17887182533740997 0.3041521906852722 
vt 0.11771388351917267 0.3350354731082916 
vt 0.13663733005523682 0.32349175214767456 
vt 0.06519792973995209 0.38628727197647095 
vt 0.05725370720028877 0.40642449259757996 
vt 0.08190254122018814 0.37399840354919434 
vt 0.09968113154172897 0.3477357029914856 
vt 0.3556062579154968 0.2886127531528473 
vt 0.3998923897743225 0.3152993321418762 
vt 0.3728025555610657 0.30162909626960754 
vt 0.41176632046699524 0.33244016766548157 
vt 0.4229602515697479 0.3520289957523346 
vt 0.3311339318752289 0.41852235794067383 
vt 0.36614635586738586 0.4427889883518219 
vt 0.4328632652759552 0.3871474266052246 
vt 0.4514927864074707 0.40381088852882385 
vt 0.463621586561203 0.4242153763771057 
vt 0.18646815419197083 0.4648607671260834 
vt 0.20934726297855377 0.43893322348594666 
vt 0.20474879443645477 0.4520198702812195 
vt 0.26767468452453613 0.40557628870010376 
vt 0.24447311460971832 0.4245789349079132 
vt 0.15366990864276886 0.47323745489120483 
vt 0.4325287342071533 0.5813287496566772 
vt 0.41399601101875305 0.5695931911468506 
vt 0.40292060375213623 0.5503684878349304 
vt 0.4795147776603699 0.6196388006210327 
vt 0.4571658968925476 0.616542637348175 
vt 0.44150063395500183 0.6023391485214233 
vt 0.6436875462532043 0.34179234504699707 
vt 0.6208397746086121 0.37878966331481934 
vt 0.6280906796455383 0.3574996292591095 
vt 0.6860957145690918 0.3087930381298065 
vt 0.6642999649047852 0.33288198709487915 
vt 0.779306948184967 0.2977040410041809 
vt 0.8006056547164917 0.3056449294090271 
vt 0.8244480490684509 0.3267126977443695 
vt 0.8509368300437927 0.3430994749069214 
vt 0.6296165585517883 0.597278356552124 
vt 0.6422101855278015 0.5660731196403503 
vt 0.6428974270820618 0.5799190402030945 
vt 0.7458505630493164 0.7000805139541626 
vt 0.7753710746765137 0.728324830532074 
vt 0.7564536333084106 0.7184311747550964 
vt 0.9363459944725037 0.6362795233726501 
vt 0.9414796829223633 0.7078487277030945 
vt 0.49634066224098206 0.6356346607208252 
vt 0.5261423587799072 0.6259451508522034 
vt 0.5904586911201477 0.6319212913513184 
vt 0.5706726908683777 0.6401716470718384 
vt 0.5561457276344299 0.6215552091598511 
vt 0.07142369449138641 0.4827328026294708 
vt 0.0888153463602066 0.4910520315170288 
vt 0.059239085763692856 0.4691290855407715 
vt 0.9149265885353088 0.7516416311264038 
vt 0.9291033744812012 0.7255834937095642 
vt 0.4014352858066559 0.5258978605270386 
vt 0.3821447193622589 0.49500858783721924 
vt 0.4838579297065735 0.45399460196495056 
vt 0.6765182018280029 0.506565272808075 
vt 0.6720886826515198 0.5310347676277161 
vt 0.6607096791267395 0.551154375076294 
vt 0.697098970413208 0.4907538592815399 
vt 0.686041533946991 0.4622667133808136 
vt 0.5909093022346497 0.42523545026779175 
vt 0.5895171165466309 0.4112660586833954 
vt 0.6015763878822327 0.3923071622848511 
vt 0.7949461936950684 0.7526090741157532 
vt 0.8570201992988586 0.5123654007911682 
vt 0.9030923843383789 0.6017608046531677 
vt 0.5708268880844116 0.4407285153865814 
vt 0.08324630558490753 0.3613334000110626 
vt 0.12115642428398132 0.3594624102115631 
vt 0.385170578956604 0.3011539876461029 
vt 0.3921666443347931 0.3333343267440796 
vt 0.4305698275566101 0.3612269163131714 
vt 0.31657010316848755 0.41387221217155457 
vt 0.35261842608451843 0.4362014830112457 
vt 0.3807887136936188 0.46688732504844666 
vt 0.3678259253501892 0.45778653025627136 
vt 0.44771260023117065 0.39239299297332764 
vt 0.47200292348861694 0.4329153895378113 
vt 0.22338831424713135 0.438113808631897 
vt 0.25719761848449707 0.42070356011390686 
vt 0.14657142758369446 0.4851952791213989 
vt 0.16722355782985687 0.47593212127685547 
vt 0.46980714797973633 0.607502818107605 
vt 0.4498645067214966 0.5863468050956726 
vt 0.6376210451126099 0.3726252019405365 
vt 0.6676472425460815 0.3202184736728668 
vt 0.8370389938354492 0.32748451828956604 
vt 0.8207494020462036 0.31465867161750793 
vt 0.8422985672950745 0.3554174304008484 
vt 0.6099116802215576 0.6074652075767517 
vt 0.7771857976913452 0.7411875128746033 
vt 0.7709639072418213 0.7137189507484436 
vt 0.9261319637298584 0.6138555407524109 
vt 0.9425066709518433 0.6238541007041931 
vt 0.1077384427189827 0.475634902715683 
vt 0.0744420662522316 0.4664200246334076 
vt 0.8927897810935974 0.7431285977363586 
vt 0.9295440316200256 0.7376067638397217 
vt 0.38913848996162415 0.5184182524681091 
vt 0.3761709928512573 0.4831811189651489 
vt 0.6798760294914246 0.5219277739524841 
vt 0.6570039391517639 0.5622105598449707 
vt 0.6913999319076538 0.5013109445571899 
vt 0.6870184540748596 0.4782770872116089 
vt 0.6060108542442322 0.3816741406917572 
vt 0.9160541296005249 0.5971095561981201 
vt 0.5761623382568359 0.4301135241985321 
vt 0.588068962097168 0.45549795031547546 
vt 0.4363064467906952 0.371609628200531 
vt 0.4104596674442291 0.3701176345348358 
vt 0.4357212781906128 0.40269771218299866 
vt 0.45660340785980225 0.43936365842819214 
vt 0.24406687915325165 0.4004174768924713 
vt 0.8033164739608765 0.32660219073295593 
vt 0.6079892516136169 0.6203427314758301 
vt 0.7956302762031555 0.7320259213447571 
vt 0.39674675464630127 0.48021116852760315 
vt 0.6650380492210388 0.5171228051185608 
vt 0.6465855836868286 0.5525695085525513 
vt 0.6843910217285156 0.4907105565071106 
vt 0.6157063841819763 0.3919588327407837 
vt 0.5852560997009277 0.44133269786834717 
vt 0.4233168363571167 0.3720104694366455 
vt 0.5894131660461426 0.6109873652458191 
vt 0.6636636257171631 0.4798360764980316 
vt 0.4143598973751068 0.3882381319999695 
vt 0.27884405851364136 0.292508602142334 
vt 0.7580581903457642 0.5696021914482117 
vt 0.863064169883728 0.4606297016143799 
vt 0.48569878935813904 0.4970913231372833 
vt 0.31846097111701965 0.2896724343299866 
vt 0.332396924495697 0.2824695110321045 
vt 0.12354913353919983 0.49046090245246887 
vt 0.7589234113693237 0.31898993253707886 
vt 0.9393762946128845 0.6708742380142212 
vt 0.9470029473304749 0.6845435500144958 
vt 0.7647663354873657 0.5110998749732971 
vt 0.7550085783004761 0.49479153752326965 
vt 0.15926961600780487 0.33990272879600525 
vt 0.19134750962257385 0.3200470209121704 
vt 0.07583507150411606 0.4243607223033905 
vt 0.07988791167736053 0.3887578248977661 
vt 0.3448921740055084 0.2823444604873657 
vt 0.35524022579193115 0.30696380138397217 
vt 0.34530773758888245 0.39283034205436707 
vt 0.28486087918281555 0.40920716524124146 
vt 0.16605761647224426 0.4503200650215149 
vt 0.4301859438419342 0.5645272731781006 
vt 0.7060843110084534 0.323567658662796 
vt 0.6601697206497192 0.351624071598053 
vt 0.7611735463142395 0.6805797815322876 
vt 0.9483071565628052 0.6447011828422546 
vt 0.4971810281276703 0.6179032921791077 
vt 0.9230979084968567 0.7082067728042603 
vt 0.41638511419296265 0.5372708439826965 
vt 0.4714348316192627 0.4647926390171051 
vt 0.7033194899559021 0.44441109895706177 
vt 0.8688403964042664 0.5019211769104004 
vt 0.8373718857765198 0.5344082713127136 
vt 0.8714881539344788 0.6133002638816833 
vt 0.30104437470436096 0.4108712077140808 
vt 0.36826178431510925 0.4212607443332672 
vt 0.38411328196525574 0.44836971163749695 
vt 0.21565605700016022 0.42632725834846497 
vt 0.4658731520175934 0.5912337303161621 
vt 0.8309856057167053 0.38071417808532715 
vt 0.6133871674537659 0.5900365114212036 
vt 0.09358840435743332 0.4620008170604706 
vt 0.5753241777420044 0.4633137285709381 
vt 0.2369316816329956 0.4126215875148773 
vt 0.8145883083343506 0.35564324259757996 
vt 0.7879899740219116 0.7165493965148926 
vt 0.6352061033248901 0.3919748365879059 
vt 0.6117735505104065 0.4434288740158081 
vt 0.6586798429489136 0.4986884593963623 
vt 0.2776104509830475 0.2785360515117645 
vt 0.2616369128227234 0.2982659935951233 
vt 0.744342565536499 0.56800776720047 
vt 0.7614284753799438 0.5410480499267578 
vt 0.8770390152931213 0.4619040787220001 
vt 0.4906529486179352 0.4829803705215454 
vt 0.30573904514312744 0.2800179421901703 
vt 0.7486866116523743 0.30787789821624756 
vt 0.7718425989151001 0.31095877289772034 
vt 0.9518893957138062 0.6716058254241943 
vt 0.946368932723999 0.6586500406265259 
vt 0.9475434422492981 0.696978747844696 
vt 0.7508309483528137 0.5100449323654175 
vt 0.14572475850582123 0.3347708284854889 
vt 0.16206113994121552 0.3264743983745575 
vt 0.06908277422189713 0.41276291012763977 
vt 0.08722347021102905 0.40649402141571045 
vt 0.06054195016622543 0.42549994587898254 
vt 0.10486208647489548 0.3846495449542999 
vt 0.3418440520763397 0.40767523646354675 
vt 0.16268914937973022 0.4633059799671173 
vt 0.14135295152664185 0.45084163546562195 
vt 0.7745944857597351 0.6946306228637695 
vt 0.48687708377838135 0.603799045085907 
vt 0.7103512287139893 0.45539993047714233 
vt 0.7239740490913391 0.4389384984970093 
vt 0.8444156050682068 0.4861893057823181 
vt 0.8737125396728516 0.59885573387146 
vt 0.31412720680236816 0.38484886288642883 
vt 0.1901547908782959 0.4214465022087097 
vt 0.8402095437049866 0.36966121196746826 
vt 0.6204596757888794 0.5515648722648621 
vt 0.07978660613298416 0.44588983058929443 
vt 0.5689210295677185 0.47949355840682983 
vt 0.22105930745601654 0.41134870052337646 
vt 0.8284115791320801 0.35162246227264404 
vt 0.5982192158699036 0.4461204409599304 
vt 0.2916785776615143 0.27770304679870605 
vt 0.7466832995414734 0.5538453459739685 
vt 0.7497761249542236 0.5810572504997253 
vt 0.7477336525917053 0.5394339561462402 
vt 0.8684583902359009 0.47873756289482117 
vt 0.8711134195327759 0.44962263107299805 
vt 0.5023240447044373 0.4950031042098999 
vt 0.471350759267807 0.48412877321243286 
vt 0.2994031608104706 0.30157607793807983 
vt 0.761513888835907 0.2976500391960144 
vt 0.7341064214706421 0.3315809369087219 
vt 0.7810186147689819 0.33198070526123047 
vt 0.9252501130104065 0.6546815037727356 
vt 0.7566792368888855 0.5253586173057556 
vt 0.14458894729614258 0.3582093417644501 
vt 0.17879842221736908 0.33280253410339355 
vt 0.09174250066280365 0.3828587234020233 
vt 0.09662503004074097 0.3960419297218323 
vt 0.36035045981407166 0.40416669845581055 
vt 0.854409396648407 0.4974997639656067 
vt 0.8882737159729004 0.6016104817390442 
vt 0.8469942212104797 0.602134644985199 
vt 0.32774168252944946 0.3965582847595215 
vt 0.3112556040287018 0.39970505237579346 
vt 0.20221710205078125 0.4274832010269165 
vt 0.8524929881095886 0.3835449516773224 
vt 0.82526034116745 0.36656102538108826 
vt 0.6333809494972229 0.555751621723175 
vt 0.06896693259477615 0.4368249773979187 
vt 0.5944804549217224 0.4802517294883728 
vt 0.22992940247058868 0.400339812040329 
vt 0.8176966309547424 0.34055715799331665 
vt 0.6026294231414795 0.4328550696372986 
vt 0.7742239236831665 0.5900115370750427 
vt 0.7567327618598938 0.5933960676193237 
vt 0.8740919828414917 0.490239679813385 
vt 0.8475763201713562 0.44085705280303955 
vt 0.3066692352294922 0.2920014560222626 
vt 0.3156280219554901 0.30634450912475586 
vt 0.29419106245040894 0.2900763154029846 
vt 0.7380537390708923 0.3176732361316681 
vt 0.7709169387817383 0.32387644052505493 
vt 0.7616012096405029 0.3458361029624939 
vt 0.7604544758796692 0.3323938548564911 
vt 0.1395265758037567 0.34621724486351013 
vt 0.11750110238790512 0.4024619460105896 
vt 0.8313025832176208 0.5092200040817261 
vt 0.857209324836731 0.4849553406238556 
vt 0.8493289351463318 0.47019121050834656 
vt 0.8954164981842041 0.6279550194740295 
vt 0.8598909974098206 0.596727192401886 
vt 0.2945334315299988 0.394665002822876 
vt 0.19583424925804138 0.4394029974937439 
vt 0.20348048210144043 0.40988922119140625 
vt 0.8030332922935486 0.3837868869304657 
vt 0.6279434561729431 0.5693400502204895 
vt 0.6343422532081604 0.5307523608207703 
vt 0.5874912142753601 0.4688548147678375 
vt 0.6043062210083008 0.46289122104644775 
vt 0.23713579773902893 0.3753167986869812 
vt 0.7997024655342102 0.34471291303634644 
vt 0.6259459853172302 0.4219319820404053 
vt 0.7681461572647095 0.6054911613464355 
vt 0.862117350101471 0.43779537081718445 
vt 0.7220748662948608 0.320652037858963 
vt 0.7470236420631409 0.34030964970588684 
vt 0.10329710692167282 0.4114977717399597 
vt 0.8408518433570862 0.49940863251686096 
vt 0.8955603837966919 0.6137754321098328 
vt 0.8469026684761047 0.5838332772254944 
vt 0.1793060600757599 0.4403887391090393 
vt 0.21347063779830933 0.3961564898490906 
vt 0.8104320764541626 0.370380699634552 
vt 0.2370614856481552 0.3888445794582367 
vt 0.6158281564712524 0.4306817650794983 
vt 0.6071853041648865 0.4193579852581024 
vt 0.6363980174064636 0.4442429542541504 
vt 0.8569774627685547 0.44944530725479126 
vt 0.8424745798110962 0.4558812975883484 
vt 0.8513871431350708 0.4228949248790741 
vt 0.7504310607910156 0.3533110022544861 
vt 0.767198920249939 0.3662846088409424 
vt 0.7285172343254089 0.35277673602104187 
vt 0.8186843991279602 0.48738613724708557 
vt 0.9108431339263916 0.6149879693984985 
vt 0.8833820223808289 0.6207423806190491 
vt 0.8170685172080994 0.3827880918979645 
vt 0.2220107913017273 0.38199782371520996 
vt 0.2605668306350708 0.3822095990180969 
vt 0.6181173324584961 0.4077332615852356 
vt 0.8183915615081787 0.43932512402534485 
vt 0.7889178991317749 0.3672519326210022 
vt 0.8316923975944519 0.489849328994751 
vt 0.8286765813827515 0.47019678354263306 
vt 0.9196665287017822 0.630338728427887 
vt 0.8766132593154907 0.6456825733184814 
vt 0.8277035355567932 0.4064222276210785 
vt 0.832767903804779 0.4442068934440613 
vt 0.8691467642784119 0.6302675604820251 
vt 0.8835148811340332 0.6341670751571655 
vt 0.9004778861999512 0.6521593928337097 
vt 0.8257190585136414 0.39310532808303833 
vt 0.8208650946617126 0.45565012097358704 
vt 0.8312105536460876 0.42518389225006104 
vt 0.8404342532157898 0.39204487204551697 
vt 0.8086199164390564 0.4024597406387329 
vt 0.7507731914520264 0.6371210217475891 
vt 0.7658977508544922 0.6472741961479187 
vt 0.5407347679138184 0.6209527254104614 
vt 0.5245883464813232 0.5975806713104248 
vt 0.5293654799461365 0.6115437746047974 
vt 0.5145958662033081 0.615799605846405 
vt 0.5502082109451294 0.5966141819953918 
vt 0.5488759875297546 0.6101086139678955 
vt 0.537543535232544 0.6009470820426941 
vt 0.5366668701171875 0.5777095556259155 
vt 0.5691054463386536 0.6052927374839783 
vt 0.9397379159927368 0.7198190093040466 
vt 0.8849251866340637 0.7539742588996887 
vt 0.8722387552261353 0.7365005612373352 
vt 0.9002364873886108 0.7568027973175049 
vt 0.2548086941242218 0.407857209444046 
vt 0.25600481033325195 0.3946555554866791 
vt 0.269072949886322 0.3923865556716919 
vt 0.28286081552505493 0.37221911549568176 
vt 0.6748024225234985 0.470987468957901 
vt 0.655364453792572 0.4579537808895111 
vt 0.6714181900024414 0.4550231695175171 
vt 0.7830021381378174 0.48911553621292114 
vt 0.368878573179245 0.32028675079345703 
vt 0.43033358454704285 0.547330379486084 
vt 0.4040129780769348 0.5380218029022217 
vt 0.429071307182312 0.5050824284553528 
vt 0.45504409074783325 0.45731282234191895 
vt 0.3789805769920349 0.4331820607185364 
vt 0.3995041847229004 0.4606901705265045 
vt 0.5973733067512512 0.5959040522575378 
vt 0.8192457556724548 0.7107434868812561 
vt 0.6713554859161377 0.49411967396736145 
vt 0.2665616571903229 0.28592199087142944 
vt 0.7810376882553101 0.70574551820755 
vt 0.7975198030471802 0.6887660026550293 
vt 0.7959851622581482 0.7037656903266907 
vt 0.8104902505874634 0.6976714134216309 
vt 0.804413378238678 0.7179288864135742 
vt 0.8152523636817932 0.6768373847007751 
vt 0.8332310318946838 0.691908061504364 
vt 0.8228863477706909 0.6988368630409241 
vt 0.837791919708252 0.7099042534828186 
vt 0.557488203048706 0.5094352960586548 
vt 0.5265517830848694 0.5120677947998047 
vt 0.27870115637779236 0.3206736445426941 
vt 0.7773562073707581 0.5276631712913513 
vt 0.3572220206260681 0.4159923493862152 
vt 0.3678339421749115 0.37858787178993225 
vt 0.3888716697692871 0.4013444483280182 
vt 0.3327598571777344 0.37695425748825073 
vt 0.8608663082122803 0.37486568093299866 
vt 0.7635703086853027 0.5818430781364441 
vt 0.7833775281906128 0.5670413970947266 
vt 0.32856953144073486 0.29996681213378906 
vt 0.34034886956214905 0.309396356344223 
vt 0.3506002426147461 0.32535576820373535 
vt 0.17632979154586792 0.3920450508594513 
vt 0.7933083772659302 0.33402106165885925 
vt 0.7849603295326233 0.3462713658809662 
vt 0.7889489531517029 0.32224634289741516 
vt 0.7733603715896606 0.34178197383880615 
vt 0.7748434543609619 0.35518088936805725 
vt 0.7986261248588562 0.6085255146026611 
vt 0.760530412197113 0.6164267063140869 
vt 0.7808740139007568 0.6224747896194458 
vt 0.7170302867889404 0.33829277753829956 
vt 0.7118430733680725 0.309844046831131 
vt 0.6988412141799927 0.31245818734169006 
vt 0.12122003734111786 0.42399001121520996 
vt 0.09131618589162827 0.42166563868522644 
vt 0.10596098005771637 0.426779180765152 
vt 0.08544041216373444 0.43372491002082825 
vt 0.09595359116792679 0.4460073411464691 
vt 0.11714251339435577 0.4448169469833374 
vt 0.8578318953514099 0.5798123478889465 
vt 0.8288150429725647 0.5619649887084961 
vt 0.15811629593372345 0.4259239137172699 
vt 0.8601236939430237 0.41243115067481995 
vt 0.8442522883415222 0.40805870294570923 
vt 0.2076849639415741 0.3486708402633667 
vt 0.634257972240448 0.40809154510498047 
vt 0.800654411315918 0.3590180277824402 
vt 0.9305154085159302 0.6250845193862915 
vt 0.9249311089515686 0.6419429183006287 
vt 0.9133541584014893 0.6486061215400696 
vt 0.9114868640899658 0.666946530342102 
vt 0.9037327766418457 0.6388474106788635 
vt 0.9077550768852234 0.6269741058349609 
vt 0.8481452465057373 0.6499557495117188 
vt 0.8538639545440674 0.6195133924484253 
vt 0.810014545917511 0.4708474576473236 
vt 0.8420079946517944 0.4302903711795807 
vt 0.7585323452949524 0.663217306137085 
vt 0.2815363109111786 0.39650797843933105 
vt 0.6590754389762878 0.4328465163707733 
vt 0.6856747269630432 0.44462448358535767 
vt 0.770006537437439 0.49689120054244995 
vt 0.7702668905258179 0.4825785756111145 
vt 0.7862414717674255 0.5092772841453552 
vt 0.7719183564186096 0.4562636911869049 
vt 0.7846298217773438 0.47027069330215454 
vt 0.7673815488815308 0.46918824315071106 
vt 0.7563909292221069 0.458071768283844 
vt 0.7422600388526917 0.44498518109321594 
vt 0.7619150280952454 0.4379342794418335 
vt 0.46653199195861816 0.5604113340377808 
vt 0.41818881034851074 0.5193875432014465 
vt 0.4084704518318176 0.431676983833313 
vt 0.5822280049324036 0.5975533127784729 
vt 0.5665445327758789 0.585955798625946 
vt 0.5873498916625977 0.5742236375808716 
vt 0.5887140035629272 0.5867502093315125 
vt 0.6023107767105103 0.578931987285614 
vt 0.6006386876106262 0.5581216812133789 
vt 0.6159687638282776 0.5763850808143616 
vt 0.8204229474067688 0.7320749759674072 
vt 0.5473133325576782 0.49503663182258606 
vt 0.5169526934623718 0.49996504187583923 
vt 0.5317255258560181 0.4981062710285187 
vt 0.501220703125 0.522300660610199 
vt 0.5419417023658752 0.509831428527832 
vt 0.5057951807975769 0.5088144540786743 
vt 0.5504171848297119 0.5371930003166199 
vt 0.49089065194129944 0.5112778544425964 
vt 0.5365076065063477 0.5265082120895386 
vt 0.47675657272338867 0.5348755121231079 
vt 0.48719310760498047 0.5250948667526245 
vt 0.4980650842189789 0.5430669188499451 
vt 0.465326189994812 0.5122200846672058 
vt 0.47796890139579773 0.5079635381698608 
vt 0.4675804674625397 0.49801185727119446 
vt 0.47436875104904175 0.5218690633773804 
vt 0.45342299342155457 0.5324368476867676 
vt 0.44845691323280334 0.502260684967041 
vt 0.455140084028244 0.48717984557151794 
vt 0.27398109436035156 0.3065668046474457 
vt 0.2864861786365509 0.3030223250389099 
vt 0.2946070432662964 0.3171464204788208 
vt 0.25561076402664185 0.32055649161338806 
vt 0.3592609167098999 0.389963835477829 
vt 0.34928369522094727 0.3767911493778229 
vt 0.37509483098983765 0.39297807216644287 
vt 0.39546284079551697 0.3828255236148834 
vt 0.3844986855983734 0.41744112968444824 
vt 0.36333051323890686 0.3357704281806946 
vt 0.3252078592777252 0.3303941488265991 
vt 0.18738864362239838 0.4047960937023163 
vt 0.19685111939907074 0.37647706270217896 
vt 0.7838140726089478 0.6027098894119263 
vt 0.7944014668464661 0.5847434401512146 
vt 0.8211959004402161 0.5931127667427063 
vt 0.7743027210235596 0.6354281902313232 
vt 0.7996575236320496 0.6401470899581909 
vt 0.7876725792884827 0.634067177772522 
vt 0.7948917150497437 0.6220435500144958 
vt 0.7849925756454468 0.6542025208473206 
vt 0.8207226991653442 0.6219045519828796 
vt 0.8077875971794128 0.618331253528595 
vt 0.8125564455986023 0.6046929955482483 
vt 0.8109874725341797 0.6319465637207031 
vt 0.8025519251823425 0.5955618619918823 
vt 0.8285791873931885 0.6076338887214661 
vt 0.828437328338623 0.6391234397888184 
vt 0.8120055794715881 0.6452802419662476 
vt 0.8021966814994812 0.6609362363815308 
vt 0.8101671934127808 0.5813451409339905 
vt 0.697097659111023 0.3658980131149292 
vt 0.11486642062664032 0.41400232911109924 
vt 0.10713346302509308 0.455832302570343 
vt 0.12472914904356003 0.4617655277252197 
vt 0.8436084985733032 0.5608934164047241 
vt 0.8370887041091919 0.5735361576080322 
vt 0.8353022336959839 0.5488724708557129 
vt 0.8334544897079468 0.5868251919746399 
vt 0.8229016661643982 0.5749366879463196 
vt 0.8088492751121521 0.5439187288284302 
vt 0.821377158164978 0.5501261353492737 
vt 0.8139740228652954 0.5630331635475159 
vt 0.8214600086212158 0.5342133045196533 
vt 0.802879810333252 0.5231166481971741 
vt 0.8295549154281616 0.5229664444923401 
vt 0.8433127403259277 0.517731249332428 
vt 0.8161680102348328 0.5142802000045776 
vt 0.8547998666763306 0.5268846154212952 
vt 0.8019515872001648 0.507311224937439 
vt 0.8201711773872375 0.5010899901390076 
vt 0.8660777807235718 0.5211798548698425 
vt 0.16624552011489868 0.4367683231830597 
vt 0.1535530388355255 0.4433695077896118 
vt 0.173971027135849 0.42250797152519226 
vt 0.1382983773946762 0.4321584403514862 
vt 0.8516163229942322 0.3978408873081207 
vt 0.19547954201698303 0.3366629481315613 
vt 0.22227755188941956 0.36214062571525574 
vt 0.9254522919654846 0.6687631607055664 
vt 0.9306573271751404 0.6814075112342834 
vt 0.9191839098930359 0.6926369667053223 
vt 0.9169809818267822 0.6792986989021301 
vt 0.8944374322891235 0.6898730397224426 
vt 0.9027319550514221 0.678238570690155 
vt 0.8792834281921387 0.6702954173088074 
vt 0.8898106813430786 0.6778005957603455 
vt 0.8720962405204773 0.6915124654769897 
vt 0.89195716381073 0.663654088973999 
vt 0.8617134690284729 0.6433837413787842 
vt 0.8669024705886841 0.6591873168945312 
vt 0.8489625453948975 0.6343509554862976 
vt 0.8374085426330566 0.6223059296607971 
vt 0.860050618648529 0.6089596152305603 
vt 0.8007462024688721 0.48624786734580994 
vt 0.7979626059532166 0.45077040791511536 
vt 0.7490711212158203 0.6735386848449707 
vt 0.749318540096283 0.6870350241661072 
vt 0.7471844553947449 0.6608871817588806 
vt 0.6614821553230286 0.4460301399230957 
vt 0.6731002926826477 0.4370977580547333 
vt 0.6736241579055786 0.4101099967956543 
vt 0.6695562601089478 0.4235300123691559 
vt 0.652370810508728 0.41475048661231995 
vt 0.6920742392539978 0.42302918434143066 
vt 0.46185582876205444 0.5757296085357666 
vt 0.4476352035999298 0.5560780167579651 
vt 0.4058251678943634 0.5123829245567322 
vt 0.41026341915130615 0.4937637150287628 
vt 0.43234047293663025 0.5298475027084351 
vt 0.39393776655197144 0.4365883469581604 
vt 0.40542712807655334 0.44662854075431824 
vt 0.4311695396900177 0.44408276677131653 
vt 0.41790544986724854 0.4413829445838928 
vt 0.427682101726532 0.42244040966033936 
vt 0.42054951190948486 0.46232545375823975 
vt 0.8080307245254517 0.7299672961235046 
vt 0.8289975523948669 0.7209035754203796 
vt 0.8504858613014221 0.7290688753128052 
vt 0.8359053730964661 0.7350820899009705 
vt 0.8489012718200684 0.7459102272987366 
vt 0.8252920508384705 0.7483659386634827 
vt 0.5633304715156555 0.4945124685764313 
vt 0.550663411617279 0.5224762558937073 
vt 0.5766290426254272 0.5302711129188538 
vt 0.562546968460083 0.5300354957580566 
vt 0.5698025226593018 0.5173325538635254 
vt 0.569170355796814 0.5551170110702515 
vt 0.5961523056030273 0.5117002129554749 
vt 0.5623215436935425 0.5435103178024292 
vt 0.5837717056274414 0.5182323455810547 
vt 0.5482209324836731 0.5596547722816467 
vt 0.5777555108070374 0.5027491450309753 
vt 0.6003836989402771 0.5347188115119934 
vt 0.5330899357795715 0.5453535318374634 
vt 0.518394410610199 0.5283439755439758 
vt 0.4364725351333618 0.48792847990989685 
vt 0.45813578367233276 0.4722365438938141 
vt 0.43904510140419006 0.46840935945510864 
vt 0.29254981875419617 0.34549665451049805 
vt 0.24993693828582764 0.3070627748966217 
vt 0.22885321080684662 0.3238677382469177 
vt 0.2324175387620926 0.3067111372947693 
vt 0.24176500737667084 0.3184385895729065 
vt 0.24493347108364105 0.34404221177101135 
vt 0.23973846435546875 0.33168724179267883 
vt 0.22669541835784912 0.3444412648677826 
vt 0.3407864272594452 0.3530302345752716 
vt 0.35971128940582275 0.3657909631729126 
vt 0.37557727098464966 0.36469659209251404 
vt 0.3470185101032257 0.3642013967037201 
vt 0.334087610244751 0.36409124732017517 
vt 0.3183884918689728 0.3689707815647125 
vt 0.32205328345298767 0.3492439389228821 
vt 0.3834541440010071 0.34879446029663086 
vt 0.38214606046676636 0.3774619698524475 
vt 0.3933755159378052 0.36361077427864075 
vt 0.374348521232605 0.40730395913124084 
vt 0.40287864208221436 0.41379207372665405 
vt 0.37754371762275696 0.3321274220943451 
vt 0.3369121551513672 0.3228760063648224 
vt 0.3413066267967224 0.33763739466667175 
vt 0.3246641457080841 0.31667792797088623 
vt 0.35308462381362915 0.3457406461238861 
vt 0.30974823236465454 0.3241380751132965 
vt 0.20849548280239105 0.3835006654262543 
vt 0.19852487742900848 0.394726037979126 
vt 0.20934733748435974 0.36892402172088623 
vt 0.1953490525484085 0.35987818241119385 
vt 0.7754475474357605 0.6695262789726257 
vt 0.8339548110961914 0.6524292826652527 
vt 0.8447420001029968 0.6723730564117432 
vt 0.8303214907646179 0.6672836542129517 
vt 0.8341849446296692 0.6793112754821777 
vt 0.8465204238891602 0.6865799427032471 
vt 0.8615379929542542 0.6774852871894836 
vt 0.7961152791976929 0.6511293649673462 
vt 0.8130112290382385 0.6653671860694885 
vt 0.803494930267334 0.6731805801391602 
vt 0.7898513078689575 0.6684362292289734 
vt 0.7836628556251526 0.6823720932006836 
vt 0.6949000954627991 0.3433123826980591 
vt 0.7109570503234863 0.3549064099788666 
vt 0.12876008450984955 0.449788898229599 
vt 0.13896586000919342 0.4653198719024658 
vt 0.15044237673282623 0.4597761631011963 
vt 0.12055668979883194 0.47399598360061646 
vt 0.16217759251594543 0.4062720239162445 
vt 0.12608547508716583 0.43575519323349 
vt 0.1330721527338028 0.42114758491516113 
vt 0.1462125927209854 0.420293390750885 
vt 0.9053432941436768 0.7043931484222412 
vt 0.7934178709983826 0.49723342061042786 
vt 0.79725182056427 0.47365570068359375 
vt 0.8103330731391907 0.44889602065086365 
vt 0.8016602396965027 0.4334156811237335 
vt 0.7855955362319946 0.4566228985786438 
vt 0.7791780829429626 0.44040733575820923 
vt 0.6943875551223755 0.43546056747436523 
vt 0.7104935050010681 0.42603248357772827 
vt 0.48989996314048767 0.5759177207946777 
vt 0.4472576379776001 0.5713223218917847 
vt 0.44181933999061584 0.5397922396659851 
vt 0.44493839144706726 0.4473925828933716 
vt 0.4414973855018616 0.4314129650592804 
vt 0.8594415783882141 0.7384067177772522 
vt 0.8639963269233704 0.725074827671051 
vt 0.8608102798461914 0.751484215259552 
vt 0.8532204031944275 0.7134712934494019 
vt 0.8861815929412842 0.717756450176239 
vt 0.848100483417511 0.7004665732383728 
vt 0.8699390888214111 0.7087504267692566 
vt 0.8586947321891785 0.6922279596328735 
vt 0.8378725051879883 0.754597008228302 
vt 0.5152132511138916 0.5165673494338989 
vt 0.5281915068626404 0.5347326397895813 
vt 0.5170215368270874 0.5411555767059326 
vt 0.4237625300884247 0.49261829257011414 
vt 0.41573694348335266 0.47815272212028503 
vt 0.4454706907272339 0.4791853129863739 
vt 0.2893381714820862 0.33101382851600647 
vt 0.2687905728816986 0.34316787123680115 
vt 0.28105080127716064 0.34044912457466125 
vt 0.2809091806411743 0.3563937544822693 
vt 0.29744136333465576 0.3623879551887512 
vt 0.2667650580406189 0.36617109179496765 
vt 0.21261973679065704 0.3314478397369385 
vt 0.21807271242141724 0.3126795291900635 
vt 0.217115581035614 0.29891565442085266 
vt 0.39675259590148926 0.3461037278175354 
vt 0.4052434265613556 0.358132004737854 
vt 0.3953513205051422 0.42399129271507263 
vt 0.4036734998226166 0.39879298210144043 
vt 0.4193086624145508 0.4039357900619507 
vt 0.4146483838558197 0.41992881894111633 
vt 0.1882631480693817 0.38646596670150757 
vt 0.17240627110004425 0.36810094118118286 
vt 0.18402083218097687 0.3482065200805664 
vt 0.7730326652526855 0.657387375831604 
vt 0.8558900356292725 0.665894091129303 
vt 0.7048558592796326 0.33591175079345703 
vt 0.6924772262573242 0.32965612411499023 
vt 0.6792783737182617 0.33904096484184265 
vt 0.7227380871772766 0.3785862624645233 
vt 0.6991840600967407 0.3542952835559845 
vt 0.6812658905982971 0.3570622205734253 
vt 0.17472872138023376 0.40460479259490967 
vt 0.9109476208686829 0.721537709236145 
vt 0.7749305963516235 0.40856820344924927 
vt 0.7914783954620361 0.4403175711631775 
vt 0.7852044701576233 0.42340049147605896 
vt 0.7125173211097717 0.43741193413734436 
vt 0.47584736347198486 0.5803767442703247 
vt 0.48652565479278564 0.589656412601471 
vt 0.5068585872650146 0.5873665809631348 
vt 0.8908007144927979 0.7039601802825928 
vt 0.40955138206481934 0.46762657165527344 
vt 0.3069048523902893 0.35049349069595337 
vt 0.303621381521225 0.3368081748485565 
vt 0.3053090572357178 0.37397146224975586 
vt 0.25157150626182556 0.3695163428783417 
vt 0.2390354424715042 0.3591810464859009 
vt 0.2562720477581024 0.3546895384788513 
vt 0.1857154816389084 0.3691173493862152 
vt 0.171735942363739 0.3437841832637787 
vt 0.16101808845996857 0.35624727606773376 
vt 0.7112624645233154 0.3695249855518341 
vt 0.7239153385162354 0.3652980625629425 
vt 0.7009371519088745 0.3943987488746643 
vt 0.7096076607704163 0.3834180235862732 
vt 0.7247382402420044 0.40427878499031067 
vt 0.6948835849761963 0.3807052671909332 
vt 0.7142310738563538 0.39598220586776733 
vt 0.7110273241996765 0.41084131598472595 
vt 0.6826931238174438 0.39427924156188965 
vt 0.6721075177192688 0.348952054977417 
vt 0.6687526106834412 0.36196669936180115 
vt 0.6804114580154419 0.3732975721359253 
vt 0.6531195044517517 0.3662073612213135 
vt 0.9030359983444214 0.7333148121833801 
vt 0.8991350531578064 0.7159108519554138 
vt 0.7691262364387512 0.42356303334236145 
vt 0.7921555638313293 0.4076113700866699 
vt 0.5042567849159241 0.6033438444137573 
vt 0.8791751861572266 0.7011522650718689 
vt 0.15476496517658234 0.3736521601676941 
vt 0.7275790572166443 0.42167970538139343 
vt 0.6917306780815125 0.4072358012199402 
vt 0.6590410470962524 0.39124274253845215 
vt 0.7497474551200867 0.4074409008026123 
vt 0.7824711799621582 0.3887941539287567 
vt 0.7974450588226318 0.39563092589378357 
vt 0.804370641708374 0.41776472330093384 
vt 0.16686628758907318 0.38130226731300354 
vt 0.1519923061132431 0.3914344012737274 
vt 0.13381116092205048 0.37638548016548157 
vt 0.7362471222877502 0.43249619007110596 
vt 0.741681694984436 0.4192596673965454 
vt 0.7556091547012329 0.42010289430618286 
vt 0.6702384948730469 0.3976573944091797 
vt 0.670850396156311 0.3836088478565216 
vt 0.658891499042511 0.37806013226509094 
vt 0.6469141244888306 0.3847881853580475 
vt 0.6473386287689209 0.39861005544662476 
vt 0.7831138968467712 0.4003640413284302 
vt 0.7698318362236023 0.3952990770339966 
vt 0.7702769041061401 0.3806319832801819 
vt 0.7513427734375 0.3873976767063141 
vt 0.17874275147914886 0.3790026903152466 
vt 0.1641034483909607 0.39403536915779114 
vt 0.14946408569812775 0.40408453345298767 
vt 0.13758692145347595 0.3951331079006195 
vt 0.14362294971942902 0.369920015335083 
vt 0.1445184350013733 0.3819567561149597 
vt 0.1327008455991745 0.36402273178100586 
vt 0.7497161626815796 0.4322175979614258 
vt 0.5162325501441956 0.6415400505065918 
vt 0.813265860080719 0.7617633938789368 
vt 0.19190026819705963 0.29942357540130615 
vt 0.07022678852081299 0.3756251931190491 
vt 0.3675837516784668 0.29065635800361633 
vt 0.4203527867794037 0.580055832862854 
vt 0.4676056206226349 0.623394250869751 
vt 0.43250200152397156 0.5937609672546387 
vt 0.619604229927063 0.36648911237716675 
vt 0.6519975066184998 0.3327191472053528 
vt 0.8578953146934509 0.35334840416908264 
vt 0.7633397579193115 0.7282969951629639 
vt 0.48402139544487 0.6317457556724548 
vt 0.5593022704124451 0.6340682506561279 
vt 0.1134236678481102 0.34809616208076477 
vt 0.40168604254722595 0.32673996686935425 
vt 0.6221926212310791 0.6070693135261536 
vt 0.9377366900444031 0.6132581830024719 
vt 0.10396289080381393 0.4903225004673004 
vt 0.09607451409101486 0.4804656505584717 
vt 0.92659592628479 0.6021708846092224 
vt 0.808376669883728 0.31529372930526733 
vt 0.7891432046890259 0.7421132922172546 
vt 0.5959365367889404 0.6211546659469604 
vt 0.7620603442192078 0.6931678056716919 
vt 0.08247822523117065 0.4575513005256653 
vt 0.7610248327255249 0.5554763674736023 
vt 0.778672993183136 0.5487502813339233 
vt 0.770362913608551 0.5648118853569031 
vt 0.7728971838951111 0.5385262966156006 
vt 0.7863175272941589 0.5376882553100586 
vt 0.7946019172668457 0.5515856146812439 
vt 0.6451331377029419 0.5136745572090149 
vt 0.6456570625305176 0.5387466549873352 
vt 0.6512346863746643 0.5260885953903198 
vt 0.6311416625976562 0.4813235402107239 
vt 0.747951328754425 0.3268466293811798 
vt 0.6235803961753845 0.4591226577758789 
vt 0.5772902369499207 0.6151620745658875 
vt 0.39206910133361816 0.46959516406059265 
vt 0.10619450360536575 0.43911901116371155 
vt 0.7759675979614258 0.5156521797180176 
vt 0.7338224649429321 0.45451435446739197 
vt 0.7539198398590088 0.44656747579574585 
vt 0.5617337822914124 0.5964309573173523 
vt 0.5517851710319519 0.5811825394630432 
vt 0.5634996891021729 0.5701653361320496 
vt 0.5764046907424927 0.566435694694519 
vt 0.5852693319320679 0.5527986288070679 
vt 0.5757197141647339 0.5435405969619751 
vt 0.5960681438446045 0.5464686751365662 
vt 0.6091829538345337 0.5446180701255798 
vt 0.5877129435539246 0.5367324948310852 
vt 0.616913378238678 0.5288862586021423 
vt 0.6246128678321838 0.5392988324165344 
vt 0.605168879032135 0.5219409465789795 
vt 0.6180137991905212 0.501541793346405 
vt 0.617081880569458 0.5151986479759216 
vt 0.6308271288871765 0.5092763900756836 
vt 0.6305258274078369 0.49529480934143066 
vt 0.6455711126327515 0.48895880579948425 
vt 0.6352702975273132 0.5441819429397583 
vt 0.6418927311897278 0.5012553930282593 
vt 0.6453883647918701 0.4718519151210785 
vt 0.6328016519546509 0.46837010979652405 
vt 0.6187573075294495 0.47315338253974915 
vt 0.642166018486023 0.45900940895080566 
vt 0.6182821393013 0.487344890832901 
vt 0.6032926440238953 0.49416255950927734 
vt 0.6075484156608582 0.47988179326057434 
vt 0.6571742296218872 0.46978235244750977 
vt 0.590808629989624 0.4993021786212921 
vt 0.5809072852134705 0.48824599385261536 
vt 0.6132742762565613 0.5630811452865601 
vt 0.4509219527244568 0.5173517465591431 
vt 0.7823734879493713 0.5799502730369568 
vt 0.8358380794525146 0.5983591079711914 
vt 0.7992523908615112 0.5694389343261719 
vt 0.7895528674125671 0.5222175121307373 
vt 0.8083897829055786 0.4963766038417816 
vt 0.642742931842804 0.4286077320575714 
vt 0.45977216958999634 0.5465202927589417 
vt 0.39800894260406494 0.49246901273727417 
vt 0.4162880480289459 0.5050383806228638 
vt 0.4382971227169037 0.41525471210479736 
vt 0.5449185967445374 0.5479936599731445 
vt 0.5318016409873962 0.5618717074394226 
vt 0.519135594367981 0.5744287967681885 
vt 0.5262346863746643 0.5849748849868774 
vt 0.5043935179710388 0.5727335214614868 
vt 0.4938824772834778 0.5594674348831177 
vt 0.504102349281311 0.5533401966094971 
vt 0.4803786277770996 0.5649054050445557 
vt 0.4775598645210266 0.5500119924545288 
vt 0.43252238631248474 0.45708292722702026 
vt 0.8851748108863831 0.7315652966499329 
vt 0.5067009329795837 0.5337563157081604 
vt 0.42894887924194336 0.47700777649879456 
vt 0.20549233257770538 0.319200724363327 
vt 0.3158766031265259 0.33852139115333557 
vt 0.2934710681438446 0.3809594511985779 
vt 0.7911354899406433 0.37965127825737 
vt 0.8188080191612244 0.4177936315536499 
vt 0.8128241896629333 0.4284476637840271 
vt 0.12105807662010193 0.3865477740764618 
vt 0.11443892866373062 0.37298086285591125 
vt 0.7577478885650635 0.3979926109313965 
vt 0.738431990146637 0.39645516872406006 
vt 0.7361802458763123 0.40840983390808105 
vt 0.7375222444534302 0.38142791390419006 
vt 0.7348225116729736 0.3699011504650116 
vt 0.7564839124679565 0.3747481405735016 
vt 0.7990579605102539 0.5354709625244141 
vt 0.6560357213020325 0.5099141001701355 
vt 0.6127634048461914 0.45497238636016846 
vt 0.6239970326423645 0.4465210437774658 
vt 0.6281951665878296 0.43448200821876526 
vt 0.43695133924484253 0.5166405439376831 
vt 0.7624461650848389 0.40960565209388733 
vt 0.7264301776885986 0.39116981625556946 
vt 0.8966450691223145 0.5897394418716431 
vt 0.2565523087978363 0.3351545035839081 
vt 0.2671228349208832 0.3271433413028717 
f 229/229 228/228 318/318 
f 386/386 331/331 47/47 
f 227/227 358/358 228/228 
f 14/14 443/443 15/15 
f 997/997 509/509 902/902 
f 318/318 357/357 229/229 
f 233/233 232/232 319/319 
f 39/39 38/38 414/414 
f 360/360 230/230 357/357 
f 381/381 1119/1119 1117/1117 
f 39/39 705/705 40/40 
f 230/230 229/229 357/357 
f 225/225 353/353 1114/1114 
f 509/509 382/382 330/330 
f 221/221 220/220 713/713 
f 376/376 19/19 377/377 
f 537/537 220/220 219/219 
f 328/328 440/440 525/525 
f 626/626 377/377 327/327 
f 262/262 270/270 246/246 
f 223/223 222/222 290/290 
f 23/23 441/441 24/24 
f 246/246 270/270 222/222 
f 696/696 378/378 695/695 
f 531/531 379/379 328/328 
f 290/290 309/309 223/223 
f 1024/1024 225/225 224/224 
f 441/441 695/695 378/378 
f 981/981 869/869 508/508 
f 25/25 378/378 507/507 
f 241/241 240/240 361/361 
f 387/387 175/175 1121/1121 
f 320/320 362/362 361/361 
f 386/386 1119/1119 445/445 
f 173/173 447/447 1121/1121 
f 237/237 429/429 238/238 
f 362/362 242/242 361/361 
f 388/388 466/466 1120/1120 
f 554/554 362/362 552/552 
f 424/424 349/349 182/182 
f 446/446 389/389 332/332 
f 243/243 242/242 362/362 
f 363/363 1115/1115 429/429 
f 391/391 333/333 1038/1038 
f 503/503 320/320 361/361 
f 384/384 1124/1124 1118/1118 
f 234/234 359/359 1126/1126 
f 339/339 1112/1112 404/404 
f 444/444 385/385 331/331 
f 233/233 359/359 234/234 
f 287/287 245/245 244/244 
f 319/319 359/359 233/233 
f 285/285 306/306 1009/1009 
f 1126/1126 321/321 364/364 
f 223/223 309/309 224/224 
f 108/108 107/107 306/306 
f 23/23 22/22 379/379 
f 240/240 1115/1115 361/361 
f 1119/1119 46/46 45/45 
f 22/22 21/21 328/328 
f 537/537 219/219 574/574 
f 1118/1118 444/444 384/384 
f 216/216 492/492 217/217 
f 519/519 141/141 867/867 
f 493/493 216/216 215/215 
f 458/458 1075/1075 412/412 
f 517/517 346/346 416/416 
f 504/504 214/214 365/365 
f 214/214 213/213 365/365 
f 322/322 504/504 365/365 
f 210/210 431/431 211/211 
f 305/305 561/561 264/264 
f 601/601 480/480 397/397 
f 505/505 365/365 1116/1116 
f 405/405 682/682 291/291 
f 434/434 370/370 28/28 
f 366/366 431/431 209/209 
f 227/227 1114/1114 358/358 
f 323/323 431/431 366/366 
f 748/748 333/333 390/390 
f 692/692 314/314 300/300 
f 368/368 206/206 324/324 
f 324/324 206/206 205/205 
f 459/459 116/116 412/412 
f 366/366 1127/1127 323/323 
f 393/393 1133/1133 740/740 
f 312/312 268/268 92/92 
f 323/323 1127/1127 432/432 
f 317/317 189/189 188/188 
f 367/367 211/211 431/431 
f 204/204 369/369 205/205 
f 202/202 201/201 372/372 
f 204/204 433/433 369/369 
f 136/136 135/135 308/308 
f 200/200 199/199 373/373 
f 494/494 329/329 442/442 
f 270/270 289/289 290/290 
f 28/28 370/370 29/29 
f 147/147 281/281 250/250 
f 27/27 26/26 522/522 
f 152/152 151/151 731/731 
f 27/27 434/434 28/28 
f 370/370 325/325 29/29 
f 109/109 282/282 249/249 
f 326/326 373/373 199/199 
f 200/200 373/373 438/438 
f 146/146 145/145 579/579 
f 279/279 282/282 286/286 
f 423/423 183/183 349/349 
f 579/579 490/490 651/651 
f 282/282 285/285 286/286 
f 183/183 423/423 184/184 
f 437/437 32/32 371/371 
f 278/278 268/268 298/298 
f 275/275 266/266 294/294 
f 281/281 147/147 254/254 
f 317/317 304/304 189/189 
f 281/281 283/283 284/284 
f 109/109 108/108 285/285 
f 197/197 439/439 374/374 
f 482/482 349/349 424/424 
f 471/471 1026/1026 369/369 
f 274/274 292/292 293/293 
f 346/346 196/196 195/195 
f 627/627 525/525 598/598 
f 220/220 537/537 713/713 
f 327/327 644/644 626/626 
f 166/166 274/274 293/293 
f 308/308 352/352 564/564 
f 287/287 1/1 245/245 
f 299/299 894/894 313/313 
f 17/17 16/16 375/375 
f 18/18 17/17 327/327 
f 375/375 327/327 17/17 
f 538/538 289/289 262/262 
f 3/3 2/2 343/343 
f 580/580 491/491 542/542 
f 2/2 287/287 343/343 
f 14/14 13/13 380/380 
f 375/375 508/508 327/327 
f 350/350 477/477 912/912 
f 938/938 936/936 939/939 
f 263/263 1112/1112 405/405 
f 19/19 376/376 20/20 
f 111/111 280/280 301/301 
f 29/29 325/325 30/30 
f 90/90 277/277 297/297 
f 284/284 266/266 276/276 
f 137/137 136/136 288/288 
f 344/344 1043/1043 413/413 
f 292/292 638/638 747/747 
f 36/36 415/415 345/345 
f 31/31 371/371 32/32 
f 295/295 294/294 311/311 
f 435/435 31/31 30/30 
f 19/19 18/18 377/377 
f 440/440 20/20 376/376 
f 328/328 379/379 22/22 
f 354/354 567/567 450/450 
f 3/3 343/343 411/411 
f 8/8 7/7 410/410 
f 342/342 410/410 409/409 
f 375/375 443/443 557/557 
f 608/608 296/296 267/267 
f 671/671 610/610 652/652 
f 5/5 409/409 6/6 
f 10/10 494/494 11/11 
f 6/6 409/409 7/7 
f 7/7 409/409 410/410 
f 98/98 97/97 399/399 
f 484/484 369/369 433/433 
f 72/72 71/71 347/347 
f 422/422 185/185 184/184 
f 442/442 11/11 494/494 
f 395/395 335/335 448/448 
f 579/579 637/637 283/283 
f 13/13 442/442 380/380 
f 277/277 296/296 297/297 
f 301/301 300/300 314/314 
f 1151/1151 709/709 1052/1052 
f 851/851 307/307 288/288 
f 705/705 39/39 414/414 
f 34/34 461/461 35/35 
f 76/76 420/420 77/77 
f 437/437 33/33 32/32 
f 237/237 236/236 321/321 
f 13/13 12/12 442/442 
f 25/25 24/24 378/378 
f 198/198 374/374 326/326 
f 567/567 354/354 599/599 
f 1136/1136 399/399 893/893 
f 330/330 41/41 383/383 
f 193/193 192/192 315/315 
f 291/291 271/271 272/272 
f 416/416 346/346 195/195 
f 41/41 330/330 42/42 
f 360/360 232/232 231/231 
f 330/330 382/382 42/42 
f 20/20 440/440 21/21 
f 42/42 382/382 43/43 
f 1117/1117 43/43 382/382 
f 366/366 209/209 208/208 
f 331/331 445/445 526/526 
f 192/192 303/303 315/315 
f 88/88 576/576 89/89 
f 313/313 94/94 299/299 
f 303/303 191/191 316/316 
f 412/412 116/116 115/115 
f 270/270 262/262 289/289 
f 407/407 406/406 59/59 
f 193/193 315/315 302/302 
f 190/190 304/304 316/316 
f 190/190 316/316 191/191 
f 251/251 165/165 265/265 
f 250/250 276/276 148/148 
f 190/190 189/189 304/304 
f 187/187 356/356 188/188 
f 37/37 460/460 38/38 
f 416/416 195/195 194/194 
f 44/44 1117/1117 45/45 
f 1074/1074 511/511 1072/1072 
f 404/404 514/514 339/339 
f 1118/1118 1124/1124 51/51 
f 385/385 48/48 47/47 
f 49/49 385/385 1118/1118 
f 155/155 154/154 395/395 
f 37/37 36/36 345/345 
f 385/385 49/49 48/48 
f 469/469 530/530 356/356 
f 51/51 50/50 1118/1118 
f 55/55 1112/1112 263/263 
f 183/183 182/182 349/349 
f 386/386 46/46 1119/1119 
f 529/529 457/457 1137/1137 
f 271/271 57/57 252/252 
f 1112/1112 55/55 54/54 
f 113/113 314/314 694/694 
f 271/271 58/58 57/57 
f 52/52 404/404 53/53 
f 318/318 228/228 358/358 
f 67/67 336/336 398/398 
f 404/404 1112/1112 53/53 
f 589/589 551/551 318/318 
f 263/263 272/272 253/253 
f 272/272 56/56 253/253 
f 198/198 197/197 374/374 
f 252/252 56/56 272/272 
f 561/561 421/421 518/518 
f 504/504 493/493 215/215 
f 396/396 65/65 1128/1128 
f 340/340 406/406 407/407 
f 515/515 403/403 691/691 
f 186/186 428/428 187/187 
f 47/47 331/331 385/385 
f 291/291 272/272 263/263 
f 477/477 718/718 912/912 
f 181/181 466/466 424/424 
f 455/455 1129/1129 128/128 
f 561/561 562/562 264/264 
f 1113/1113 105/105 425/425 
f 177/177 176/176 332/332 
f 297/297 296/296 312/312 
f 352/352 135/135 134/134 
f 176/176 175/175 387/387 
f 177/177 389/389 178/178 
f 476/476 1135/1135 451/451 
f 177/177 332/332 389/389 
f 278/278 298/298 299/299 
f 576/576 608/608 267/267 
f 389/389 1120/1120 178/178 
f 175/175 174/174 1121/1121 
f 460/460 414/414 38/38 
f 747/747 748/748 169/169 
f 161/161 393/393 162/162 
f 171/171 390/390 333/333 
f 554/554 552/552 502/502 
f 403/403 548/548 121/121 
f 167/167 310/310 168/168 
f 172/172 171/171 333/333 
f 529/529 456/456 1131/1131 
f 390/390 171/171 170/170 
f 199/199 198/198 326/326 
f 611/611 612/612 582/582 
f 1121/1121 447/447 391/391 
f 172/172 447/447 173/173 
f 383/383 41/41 40/40 
f 918/918 797/797 304/304 
f 166/166 293/293 167/167 
f 148/148 276/276 266/266 
f 78/78 348/348 305/305 
f 388/388 1120/1120 446/446 
f 305/305 264/264 79/79 
f 74/74 417/417 75/75 
f 256/256 92/92 268/268 
f 274/274 265/265 292/292 
f 317/317 356/356 530/530 
f 222/222 270/270 290/290 
f 317/317 188/188 356/356 
f 347/347 418/418 72/72 
f 252/252 272/272 271/271 
f 78/78 305/305 79/79 
f 73/73 72/72 418/418 
f 23/23 379/379 441/441 
f 80/80 79/79 264/264 
f 246/246 221/221 262/262 
f 81/81 273/273 341/341 
f 1154/1154 80/80 264/264 
f 253/253 55/55 263/263 
f 84/84 549/549 587/587 
f 247/247 269/269 280/280 
f 84/84 83/83 549/549 
f 87/87 539/539 88/88 
f 164/164 265/265 165/165 
f 307/307 351/351 138/138 
f 499/499 82/82 341/341 
f 407/407 59/59 58/58 
f 77/77 348/348 78/78 
f 60/60 59/59 406/406 
f 274/274 166/166 251/251 
f 419/419 70/70 463/463 
f 310/310 167/167 293/293 
f 453/453 533/533 400/400 
f 162/162 392/392 163/163 
f 374/374 439/439 473/473 
f 16/16 15/15 375/375 
f 392/392 162/162 393/393 
f 544/544 292/292 265/265 
f 545/545 583/583 392/392 
f 393/393 334/334 392/392 
f 373/373 326/326 1196/1196 
f 200/200 438/438 201/201 
f 394/394 158/158 157/157 
f 439/439 197/197 196/196 
f 274/274 251/251 265/265 
f 157/157 448/448 394/394 
f 372/372 438/438 472/472 
f 1133/1133 475/475 740/740 
f 471/471 487/487 823/823 
f 461/461 478/478 415/415 
f 156/156 155/155 395/395 
f 354/354 1122/1122 152/152 
f 26/26 25/25 507/507 
f 150/150 311/311 151/151 
f 203/203 433/433 204/204 
f 203/203 470/470 433/433 
f 395/395 154/154 1122/1122 
f 820/820 592/592 506/506 
f 156/156 448/448 157/157 
f 592/592 523/523 727/727 
f 150/150 295/295 311/311 
f 142/142 141/141 519/519 
f 324/324 1025/1025 368/368 
f 322/322 365/365 505/505 
f 341/341 82/82 81/81 
f 275/275 149/149 248/248 
f 351/351 867/867 139/139 
f 224/224 309/309 1024/1024 
f 307/307 138/138 137/137 
f 418/418 462/462 73/73 
f 138/138 351/351 139/139 
f 864/864 867/867 351/351 
f 96/96 95/95 313/313 
f 550/550 618/618 319/319 
f 295/295 150/150 149/149 
f 266/266 248/248 148/148 
f 71/71 70/70 419/419 
f 266/266 284/284 758/758 
f 140/140 867/867 141/141 
f 182/182 181/181 424/424 
f 254/254 146/146 283/283 
f 1130/1130 494/494 10/10 
f 578/578 541/541 144/144 
f 306/306 107/107 1113/1113 
f 263/263 405/405 291/291 
f 578/578 490/490 541/541 
f 254/254 283/283 281/281 
f 276/276 250/250 281/281 
f 176/176 387/387 332/332 
f 409/409 411/411 457/457 
f 248/248 266/266 275/275 
f 575/575 489/489 539/539 
f 18/18 327/327 377/377 
f 207/207 368/368 1127/1127 
f 81/81 80/80 273/273 
f 76/76 464/464 420/420 
f 288/288 307/307 137/137 
f 290/290 289/289 309/309 
f 66/66 65/65 396/396 
f 1155/1155 780/780 783/783 
f 67/67 66/66 336/336 
f 336/336 66/66 396/396 
f 2/2 1/1 287/287 
f 194/194 193/193 302/302 
f 60/60 406/406 61/61 
f 680/680 298/298 268/268 
f 476/476 451/451 1128/1128 
f 62/62 476/476 63/63 
f 298/298 894/894 299/299 
f 293/293 292/292 310/310 
f 419/419 480/480 1145/1145 
f 276/276 281/281 284/284 
f 93/93 278/278 299/299 
f 255/255 89/89 267/267 
f 277/277 267/267 296/296 
f 149/149 275/275 295/295 
f 277/277 255/255 267/267 
f 92/92 91/91 312/312 
f 543/543 217/217 492/492 
f 297/297 91/91 90/90 
f 541/541 145/145 144/144 
f 306/306 285/285 108/108 
f 255/255 277/277 90/90 
f 91/91 297/297 312/312 
f 280/280 269/269 300/300 
f 408/408 1125/1125 291/291 
f 265/265 583/583 544/544 
f 68/68 67/67 398/398 
f 280/280 300/300 301/301 
f 399/399 401/401 98/98 
f 312/312 355/355 680/680 
f 275/275 294/294 295/295 
f 94/94 93/93 299/299 
f 104/104 425/425 105/105 
f 893/893 96/96 892/892 
f 296/296 744/744 312/312 
f 337/337 401/401 399/399 
f 94/94 313/313 95/95 
f 308/308 564/564 624/624 
f 93/93 256/256 278/278 
f 798/798 799/799 724/724 
f 241/241 361/361 242/242 
f 99/99 98/98 401/401 
f 542/542 302/302 315/315 
f 401/401 100/100 99/99 
f 1123/1123 100/100 401/401 
f 324/324 205/205 369/369 
f 121/121 120/120 403/403 
f 452/452 102/102 1123/1123 
f 917/917 796/796 915/915 
f 1123/1123 102/102 101/101 
f 186/186 468/468 428/428 
f 415/415 478/478 1194/1194 
f 452/452 103/103 102/102 
f 8/8 1130/1130 9/9 
f 269/269 279/279 286/286 
f 393/393 161/161 160/160 
f 256/256 268/268 278/278 
f 169/169 168/168 310/310 
f 577/577 86/86 85/85 
f 397/397 69/69 68/68 
f 296/296 608/608 636/636 
f 192/192 191/191 303/303 
f 134/134 133/133 1232/1232 
f 420/420 348/348 77/77 
f 83/83 82/82 499/499 
f 755/755 136/136 308/308 
f 467/467 131/131 1132/1132 
f 1232/1232 132/132 467/467 
f 1129/1129 130/130 129/129 
f 236/236 235/235 364/364 
f 151/151 311/311 731/731 
f 127/127 455/455 128/128 
f 580/580 542/542 315/315 
f 576/576 88/88 539/539 
f 125/125 513/513 126/126 
f 386/386 47/47 46/46 
f 513/513 455/455 126/126 
f 415/415 36/36 35/35 
f 335/335 395/395 450/450 
f 135/135 352/352 308/308 
f 547/547 124/124 546/546 
f 497/497 123/123 122/122 
f 123/123 546/546 124/124 
f 207/207 1127/1127 208/208 
f 368/368 207/207 206/206 
f 367/367 212/212 211/211 
f 703/703 505/505 367/367 
f 126/126 455/455 127/127 
f 435/435 371/371 31/31 
f 548/548 497/497 122/122 
f 551/551 357/357 318/318 
f 107/107 106/106 1113/1113 
f 230/230 360/360 231/231 
f 110/110 249/249 279/279 
f 279/279 249/249 282/282 
f 301/301 112/112 111/111 
f 1114/1114 227/227 226/226 
f 279/279 269/269 247/247 
f 1126/1126 319/319 430/430 
f 280/280 111/111 247/247 
f 110/110 279/279 247/247 
f 358/358 1114/1114 501/501 
f 364/364 321/321 236/236 
f 360/360 319/319 232/232 
f 1115/1115 503/503 361/361 
f 459/459 413/413 118/118 
f 235/235 1126/1126 364/364 
f 117/117 459/459 118/118 
f 1003/1003 269/269 286/286 
f 1126/1126 235/235 234/234 
f 239/239 1115/1115 240/240 
f 314/314 112/112 301/301 
f 694/694 692/692 458/458 
f 113/113 112/112 314/314 
f 243/243 362/362 554/554 
f 362/362 320/320 552/552 
f 412/412 344/344 459/459 
f 429/429 1115/1115 238/238 
f 321/321 430/430 1217/1217 
f 338/338 497/497 548/548 
f 564/564 352/352 594/594 
f 357/357 551/551 550/550 
f 212/212 1116/1116 213/213 
f 109/109 285/285 282/282 
f 587/587 577/577 85/85 
f 428/428 469/469 356/356 
f 1116/1116 367/367 505/505 
f 1120/1120 180/180 179/179 
f 14/14 380/380 443/443 
f 1034/1034 681/681 836/836 
f 170/170 169/169 390/390 
f 747/747 169/169 310/310 
f 978/978 1040/1040 1036/1036 
f 1121/1121 511/511 387/387 
f 392/392 334/334 545/545 
f 163/163 392/392 583/583 
f 449/449 1133/1133 159/159 
f 158/158 394/394 449/449 
f 572/572 335/335 450/450 
f 158/158 449/449 159/159 
f 1122/1122 154/154 153/153 
f 395/395 1122/1122 450/450 
f 64/64 1128/1128 65/65 
f 63/63 476/476 1128/1128 
f 629/629 601/601 397/397 
f 419/419 347/347 71/71 
f 629/629 398/398 336/336 
f 397/397 68/68 398/398 
f 96/96 893/893 97/97 
f 313/313 894/894 892/892 
f 1123/1123 453/453 400/400 
f 425/425 350/350 1113/1113 
f 453/453 401/401 337/337 
f 1123/1123 400/400 452/452 
f 595/595 624/624 889/889 
f 134/134 1232/1232 352/352 
f 119/119 691/691 120/120 
f 413/413 119/119 118/118 
f 1124/1124 52/52 51/51 
f 404/404 1124/1124 514/514 
f 405/405 685/685 684/684 
f 407/407 1125/1125 340/340 
f 485/485 451/451 1135/1135 
f 61/61 406/406 1135/1135 
f 58/58 271/271 407/407 
f 1125/1125 407/407 271/271 
f 682/682 408/408 291/291 
f 451/451 485/485 710/710 
f 5/5 4/4 409/409 
f 411/411 4/4 3/3 
f 1131/1131 1130/1130 410/410 
f 8/8 410/410 1130/1130 
f 411/411 343/343 457/457 
f 409/409 4/4 411/411 
f 114/114 694/694 115/115 
f 114/114 113/113 694/694 
f 1076/1076 1075/1075 1207/1207 
f 691/691 413/413 515/515 
f 581/581 811/811 815/815 
f 383/383 705/705 516/516 
f 436/436 34/34 33/33 
f 35/35 461/461 415/415 
f 194/194 302/302 416/416 
f 517/517 416/416 302/302 
f 1145/1145 347/347 419/419 
f 428/428 356/356 187/187 
f 479/479 418/418 347/347 
f 73/73 462/462 74/74 
f 463/463 70/70 69/69 
f 419/419 463/463 480/480 
f 464/464 76/76 75/75 
f 348/348 465/465 421/421 
f 305/305 348/348 421/421 
f 348/348 420/420 465/465 
f 761/761 663/663 534/534 
f 699/699 465/465 481/481 
f 649/649 423/423 349/349 
f 422/422 184/184 423/423 
f 466/466 181/181 180/180 
f 424/424 466/466 482/482 
f 1134/1134 103/103 452/452 
f 1134/1134 477/477 350/350 
f 520/520 351/351 307/307 
f 541/541 579/579 145/145 
f 467/467 132/132 131/131 
f 586/586 402/402 513/513 
f 468/468 186/186 185/185 
f 468/468 483/483 428/428 
f 237/237 321/321 429/429 
f 321/321 363/363 429/429 
f 360/360 550/550 319/319 
f 591/591 503/503 590/590 
f 431/431 210/210 209/209 
f 323/323 367/367 431/431 
f 1026/1026 324/324 369/369 
f 955/955 950/950 260/260 
f 470/470 203/203 202/202 
f 484/484 433/433 470/470 
f 596/596 506/506 556/556 
f 27/27 522/522 434/434 
f 30/30 325/325 435/435 
f 435/435 325/325 727/727 
f 523/523 708/708 371/371 
f 326/326 374/374 473/473 
f 524/524 437/437 371/371 
f 436/436 33/33 437/437 
f 472/472 438/438 373/373 
f 372/372 201/201 438/438 
f 196/196 346/346 439/439 
f 473/473 439/439 346/346 
f 525/525 440/440 376/376 
f 328/328 21/21 440/440 
f 379/379 531/531 695/695 
f 378/378 24/24 441/441 
f 11/11 442/442 12/12 
f 980/980 442/442 329/329 
f 557/557 443/443 380/380 
f 375/375 15/15 443/443 
f 331/331 386/386 445/445 
f 526/526 560/560 444/444 
f 1117/1117 509/509 381/381 
f 444/444 331/331 526/526 
f 387/387 511/511 332/332 
f 606/606 648/648 535/535 
f 172/172 333/333 447/447 
f 333/333 391/391 447/447 
f 395/395 448/448 156/156 
f 335/335 394/394 448/448 
f 1133/1133 394/394 475/475 
f 1133/1133 160/160 159/159 
f 599/599 527/527 567/567 
f 572/572 450/450 600/600 
f 408/408 690/690 1150/1150 
f 1128/1128 528/528 396/396 
f 1134/1134 400/400 477/477 
f 1134/1134 104/104 103/103 
f 559/559 337/337 1136/1136 
f 350/350 425/425 1134/1134 
f 764/764 765/765 668/668 
f 1232/1232 467/467 427/427 
f 763/763 402/402 668/668 
f 455/455 763/763 1129/1129 
f 342/342 409/409 457/457 
f 849/849 753/753 1152/1152 
f 287/287 554/554 602/602 
f 342/342 457/457 529/529 
f 693/693 458/458 692/692 
f 515/515 338/338 403/403 
f 459/459 117/117 116/116 
f 344/344 413/413 459/459 
f 37/37 345/345 460/460 
f 903/903 460/460 345/345 
f 34/34 436/436 461/461 
f 461/461 436/436 1151/1151 
f 479/479 462/462 418/418 
f 417/417 74/74 462/462 
f 69/69 397/397 463/463 
f 480/480 463/463 397/397 
f 75/75 417/417 464/464 
f 420/420 481/481 465/465 
f 481/481 420/420 464/464 
f 417/417 712/712 481/481 
f 1120/1120 466/466 180/180 
f 482/482 466/466 388/388 
f 1132/1132 131/131 130/130 
f 467/467 1132/1132 658/658 
f 185/185 422/422 468/468 
f 428/428 483/483 469/469 
f 648/648 649/649 635/635 
f 462/462 479/479 417/417 
f 202/202 372/372 470/470 
f 484/484 471/471 369/369 
f 1029/1029 372/372 472/472 
f 945/945 952/952 951/951 
f 909/909 907/907 788/788 
f 487/487 471/471 484/484 
f 302/302 542/542 581/581 
f 524/524 907/907 709/709 
f 571/571 531/531 328/328 
f 604/604 647/647 474/474 
f 572/572 605/605 335/335 
f 545/545 615/615 495/495 
f 1135/1135 62/62 61/61 
f 340/340 1150/1150 1135/1135 
f 533/533 477/477 400/400 
f 716/716 718/718 533/533 
f 709/709 436/436 524/524 
f 707/707 346/346 517/517 
f 480/480 1173/1173 1145/1145 
f 573/573 469/469 483/483 
f 793/793 528/528 710/710 
f 1163/1163 1162/1162 929/929 
f 464/464 417/417 481/481 
f 479/479 1225/1225 417/417 
f 446/446 534/534 388/388 
f 482/482 388/388 534/534 
f 468/468 422/422 483/483 
f 606/606 573/573 483/483 
f 470/470 372/372 484/484 
f 487/487 484/484 372/372 
f 682/682 687/687 408/408 
f 528/528 336/336 396/396 
f 712/712 699/699 481/481 
f 417/417 536/536 712/712 
f 436/436 437/437 524/524 
f 523/523 371/371 435/435 
f 596/596 730/730 506/506 
f 713/713 538/538 262/262 
f 87/87 575/575 539/539 
f 643/643 288/288 755/755 
f 621/621 622/622 578/578 
f 266/266 758/758 294/294 
f 901/901 445/445 997/997 
f 330/330 516/516 704/704 
f 322/322 735/735 734/734 
f 217/217 543/543 218/218 
f 734/734 493/493 322/322 
f 492/492 216/216 493/493 
f 1130/1130 10/10 9/9 
f 982/982 494/494 456/456 
f 545/545 740/740 615/615 
f 638/638 292/292 614/614 
f 765/765 766/766 674/674 
f 402/402 455/455 513/513 
f 876/876 497/497 338/338 
f 546/546 497/497 496/496 
f 666/666 563/563 641/641 
f 520/520 862/862 864/864 
f 778/778 777/777 499/499 
f 549/549 499/499 498/498 
f 358/358 501/501 318/318 
f 618/618 430/430 319/319 
f 936/936 938/938 289/289 
f 531/531 604/604 474/474 
f 320/320 553/553 552/552 
f 753/753 529/529 1137/1137 
f 321/321 555/555 590/590 
f 552/552 553/553 502/502 
f 493/493 504/504 322/322 
f 214/214 504/504 215/215 
f 703/703 367/367 323/323 
f 698/698 1021/1021 1019/1019 
f 325/325 370/370 556/556 
f 565/565 730/730 596/596 
f 697/697 378/378 696/696 
f 26/26 507/507 522/522 
f 980/980 329/329 850/850 
f 598/598 525/525 376/376 
f 330/330 383/383 516/516 
f 901/901 526/526 445/445 
f 292/292 544/544 614/614 
f 656/656 746/746 584/584 
f 1038/1038 333/333 1037/1037 
f 896/896 898/898 900/900 
f 298/298 680/680 681/681 
f 714/714 533/533 453/453 
f 547/547 125/125 124/124 
f 513/513 547/547 586/586 
f 560/560 384/384 444/444 
f 514/514 1079/1079 685/685 
f 877/877 880/880 878/878 
f 659/659 521/521 594/594 
f 1195/1195 787/787 903/903 
f 509/509 330/330 704/704 
f 581/581 517/517 302/302 
f 707/707 473/473 346/346 
f 699/699 701/701 421/421 
f 784/784 1154/1154 562/562 
f 519/519 426/426 593/593 
f 142/142 519/519 609/609 
f 851/851 288/288 852/852 
f 593/593 641/641 563/563 
f 658/658 454/454 668/668 
f 659/659 672/672 521/521 
f 565/565 597/597 625/625 
f 434/434 522/522 597/597 
f 556/556 592/592 727/727 
f 906/906 907/907 524/524 
f 524/524 371/371 708/708 
f 473/473 999/999 1000/1000 
f 626/626 598/598 376/376 
f 1060/1060 551/551 589/589 
f 902/902 509/509 704/704 
f 560/560 514/514 384/384 
f 653/653 284/284 637/637 
f 335/335 605/605 394/394 
f 451/451 710/710 528/528 
f 797/797 316/316 304/304 
f 1137/1137 343/343 569/569 
f 640/640 553/553 591/591 
f 530/530 631/631 570/570 
f 317/317 530/530 570/570 
f 571/571 328/328 525/525 
f 531/531 474/474 695/695 
f 532/532 600/600 646/646 
f 1213/1213 646/646 628/628 
f 453/453 337/337 559/559 
f 716/716 714/714 715/715 
f 332/332 511/511 1074/1074 
f 635/635 1228/1228 648/648 
f 573/573 606/606 535/535 
f 1177/1177 1226/1226 1149/1149 
f 1146/1146 1145/1145 630/630 
f 632/632 603/603 631/631 
f 574/574 219/219 218/218 
f 488/488 538/538 713/713 
f 817/817 725/725 816/816 
f 488/488 816/816 538/538 
f 575/575 87/87 86/86 
f 576/576 539/539 489/489 
f 587/587 726/726 1141/1141 
f 575/575 1138/1138 489/489 
f 578/578 144/144 143/143 
f 579/579 541/541 490/490 
f 580/580 315/315 303/303 
f 542/542 491/491 581/581 
f 611/611 543/543 492/492 
f 574/574 488/488 537/537 
f 265/265 164/164 583/583 
f 639/639 1148/1148 617/617 
f 475/475 738/738 740/740 
f 583/583 495/495 544/544 
f 497/497 546/546 123/123 
f 547/547 546/546 496/496 
f 547/547 496/496 586/586 
f 547/547 513/513 125/125 
f 121/121 548/548 122/122 
f 338/338 548/548 403/403 
f 499/499 549/549 83/83 
f 587/587 549/549 498/498 
f 357/357 550/550 360/360 
f 500/500 588/588 618/618 
f 589/589 318/318 501/501 
f 550/550 551/551 500/500 
f 553/553 320/320 503/503 
f 602/602 502/502 752/752 
f 363/363 590/590 503/503 
f 751/751 750/750 640/640 
f 287/287 244/244 554/554 
f 554/554 244/244 243/243 
f 588/588 1081/1081 1108/1108 
f 503/503 591/591 553/553 
f 596/596 370/370 434/434 
f 556/556 506/506 592/592 
f 380/380 980/980 981/981 
f 375/375 557/557 508/508 
f 850/850 982/982 849/849 
f 871/871 869/869 558/558 
f 773/773 681/681 1034/1034 
f 716/716 533/533 714/714 
f 526/526 901/901 1048/1048 
f 1079/1079 1049/1049 1050/1050 
f 421/421 561/561 305/305 
f 561/561 518/518 1047/1047 
f 776/776 994/994 518/518 
f 654/654 655/655 258/258 
f 426/426 862/862 641/641 
f 652/652 610/610 651/651 
f 352/352 1232/1232 594/594 
f 889/889 624/624 564/564 
f 522/522 625/625 597/597 
f 543/543 613/613 574/574 
f 868/868 870/870 644/644 
f 1081/1081 588/588 1061/1061 
f 354/354 731/731 599/599 
f 600/600 567/567 527/527 
f 710/710 792/792 793/793 
f 570/570 304/304 317/317 
f 602/602 343/343 287/287 
f 750/750 553/553 640/640 
f 530/530 469/469 631/631 
f 1185/1185 629/629 795/795 
f 873/873 1033/1033 589/589 
f 531/531 571/571 604/604 
f 600/600 450/450 567/567 
f 572/572 532/532 605/605 
f 606/606 483/483 422/422 
f 535/535 1226/1226 573/573 
f 218/218 543/543 574/574 
f 611/611 613/613 543/543 
f 577/577 575/575 86/86 
f 575/575 540/540 1138/1138 
f 732/732 608/608 576/576 
f 576/576 267/267 89/89 
f 85/85 84/84 587/587 
f 575/575 577/577 540/540 
f 609/609 143/143 142/142 
f 621/621 609/609 519/519 
f 651/651 637/637 579/579 
f 579/579 283/283 146/146 
f 799/799 798/798 303/303 
f 798/798 802/802 580/580 
f 812/812 810/810 807/807 
f 787/787 516/516 414/414 
f 492/492 734/734 612/612 
f 1212/1212 774/774 698/698 
f 583/583 164/164 163/163 
f 495/495 583/583 545/545 
f 614/614 544/544 1148/1148 
f 639/639 656/656 584/584 
f 634/634 475/475 605/605 
f 615/615 617/617 495/495 
f 876/876 877/877 878/878 
f 642/642 659/659 594/594 
f 587/587 498/498 1153/1153 
f 577/577 587/587 540/540 
f 760/760 964/964 873/873 
f 1081/1081 1109/1109 1108/1108 
f 645/645 604/604 571/571 
f 571/571 627/627 645/645 
f 321/321 590/590 363/363 
f 590/590 555/555 591/591 
f 555/555 619/619 591/591 
f 591/591 619/619 640/640 
f 506/506 821/821 820/820 
f 820/820 822/822 592/592 
f 862/862 861/861 620/620 
f 621/621 593/593 563/563 
f 642/642 594/594 427/427 
f 521/521 564/564 594/594 
f 829/829 745/745 636/636 
f 643/643 755/755 624/624 
f 370/370 596/596 556/556 
f 597/597 596/596 434/434 
f 625/625 522/522 507/507 
f 596/596 597/597 565/565 
f 376/376 377/377 626/626 
f 598/598 566/566 627/627 
f 311/311 294/294 599/599 
f 678/678 872/872 759/759 
f 660/660 646/646 600/600 
f 572/572 600/600 532/532 
f 397/397 398/398 629/629 
f 568/568 1166/1166 1173/1173 
f 502/502 602/602 554/554 
f 343/343 602/602 569/569 
f 632/632 631/631 469/469 
f 1146/1146 479/479 347/347 
f 525/525 627/627 571/571 
f 661/661 645/645 961/961 
f 634/634 605/605 532/532 
f 475/475 394/394 605/605 
f 649/649 422/422 423/423 
f 663/663 649/649 349/349 
f 733/733 1140/1140 1139/1139 
f 829/829 636/636 607/607 
f 732/732 576/576 489/489 
f 636/636 608/608 607/607 
f 621/621 519/519 593/593 
f 143/143 609/609 578/578 
f 490/490 578/578 622/622 
f 784/784 1155/1155 783/783 
f 612/612 611/611 492/492 
f 611/611 582/582 613/613 
f 958/958 735/735 956/956 
f 956/956 735/735 736/736 
f 817/817 613/613 582/582 
f 488/488 574/574 613/613 
f 1148/1148 544/544 495/495 
f 638/638 614/614 584/584 
f 740/740 545/545 334/334 
f 741/741 617/617 615/615 
f 739/739 585/585 738/738 
f 614/614 1148/1148 584/584 
f 741/741 615/615 585/585 
f 617/617 616/616 639/639 
f 500/500 618/618 550/550 
f 618/618 588/588 1110/1110 
f 1217/1217 1091/1091 1216/1216 
f 619/619 848/848 640/640 
f 1187/1187 732/732 1140/1140 
f 498/498 499/499 777/777 
f 621/621 563/563 622/622 
f 609/609 621/621 578/578 
f 563/563 667/667 622/622 
f 652/652 651/651 490/490 
f 642/642 427/427 658/658 
f 669/669 673/673 674/674 
f 889/889 564/564 521/521 
f 624/624 595/595 643/643 
f 697/697 774/774 378/378 
f 662/662 696/696 647/647 
f 644/644 327/327 508/508 
f 566/566 598/598 626/626 
f 827/827 627/627 566/566 
f 647/647 604/604 661/661 
f 660/660 628/628 646/646 
f 1101/1101 1086/1086 1100/1100 
f 795/795 336/336 528/528 
f 568/568 601/601 629/629 
f 929/929 1164/1164 926/926 
f 1225/1225 536/536 417/417 
f 632/632 469/469 573/573 
f 631/631 603/603 1184/1184 
f 1226/1226 1227/1227 1149/1149 
f 1174/1174 536/536 1225/1225 
f 936/936 289/289 538/538 
f 538/538 816/816 819/819 
f 665/665 762/762 646/646 
f 738/738 634/634 739/739 
f 700/700 895/895 701/701 
f 421/421 465/465 699/699 
f 830/830 829/829 607/607 
f 312/312 744/744 355/355 
f 653/653 637/637 610/610 
f 284/284 283/283 637/637 
f 746/746 638/638 584/584 
f 638/638 510/510 747/747 
f 616/616 654/654 639/639 
f 639/639 654/654 656/656 
f 848/848 261/261 985/985 
f 553/553 750/750 502/502 
f 426/426 641/641 593/593 
f 620/620 866/866 666/666 
f 427/427 467/467 658/658 
f 642/642 623/623 659/659 
f 595/595 888/888 842/842 
f 841/841 829/829 830/830 
f 868/868 644/644 508/508 
f 566/566 626/626 644/644 
f 827/827 962/962 627/627 
f 633/633 647/647 661/661 
f 660/660 600/600 527/527 
f 628/628 679/679 1087/1087 
f 661/661 604/604 645/645 
f 647/647 633/633 662/662 
f 649/649 648/648 606/606 
f 635/635 1192/1192 1228/1228 
f 422/422 649/649 606/606 
f 349/349 482/482 663/663 
f 761/761 635/635 663/663 
f 1178/1178 700/700 1175/1175 
f 652/652 490/490 622/622 
f 610/610 637/637 651/651 
f 563/563 666/666 667/667 
f 679/679 660/660 675/675 
f 677/677 772/772 671/671 
f 872/872 758/758 759/759 
f 655/655 654/654 616/616 
f 654/654 258/258 656/656 
f 739/739 742/742 741/741 
f 1046/1046 1078/1078 1088/1088 
f 995/995 562/562 1047/1047 
f 638/638 746/746 510/510 
f 1190/1190 1153/1153 779/779 
f 891/891 990/990 771/771 
f 454/454 763/763 668/668 
f 642/642 658/658 768/768 
f 673/673 659/659 623/623 
f 673/673 672/672 659/659 
f 527/527 678/678 675/675 
f 660/660 527/527 675/675 
f 828/828 961/961 962/962 
f 873/873 589/589 501/501 
f 942/942 941/941 940/940 
f 1055/1055 1212/1212 1020/1020 
f 534/534 663/663 482/482 
f 635/635 649/649 663/663 
f 652/652 622/622 667/667 
f 771/771 989/989 891/891 
f 741/741 742/742 616/616 
f 532/532 762/762 634/634 
f 620/620 666/666 641/641 
f 657/657 667/667 666/666 
f 664/664 671/671 676/676 
f 676/676 671/671 652/652 
f 764/764 668/668 402/402 
f 642/642 768/768 623/623 
f 765/765 767/767 668/668 
f 1051/1051 1076/1076 1005/1005 
f 664/664 677/677 671/671 
f 679/679 628/628 660/660 
f 676/676 652/652 667/667 
f 1088/1088 1214/1214 1215/1215 
f 885/885 672/672 669/669 
f 521/521 672/672 770/770 
f 673/673 623/623 767/767 
f 672/672 673/673 669/669 
f 586/586 875/875 766/766 
f 720/720 969/969 970/970 
f 678/678 527/527 599/599 
f 675/675 670/670 679/679 
f 657/657 771/771 667/667 
f 667/667 771/771 676/676 
f 759/759 677/677 670/670 
f 610/610 772/772 653/653 
f 872/872 599/599 294/294 
f 670/670 675/675 678/678 
f 1214/1214 670/670 677/677 
f 991/991 1215/1215 664/664 
f 312/312 680/680 268/268 
f 681/681 680/680 355/355 
f 355/355 744/744 745/745 
f 836/836 975/975 965/965 
f 405/405 684/684 682/682 
f 687/687 684/684 688/688 
f 684/684 685/685 683/683 
f 690/690 408/408 687/687 
f 405/405 339/339 685/685 
f 684/684 683/683 688/688 
f 339/339 514/514 685/685 
f 1049/1049 1079/1079 560/560 
f 1050/1050 1199/1199 1200/1200 
f 689/689 686/686 688/688 
f 684/684 687/687 682/682 
f 687/687 686/686 1156/1156 
f 688/688 683/683 1200/1200 
f 687/687 688/688 686/686 
f 303/303 798/798 580/580 
f 790/790 791/791 792/792 
f 789/789 690/690 1156/1156 
f 1150/1150 485/485 1135/1135 
f 120/120 691/691 403/403 
f 119/119 413/413 691/691 
f 693/693 692/692 300/300 
f 694/694 458/458 412/412 
f 1003/1003 286/286 916/916 
f 721/721 722/722 711/711 
f 694/694 412/412 115/115 
f 314/314 692/692 694/694 
f 695/695 441/441 379/379 
f 696/696 695/695 474/474 
f 647/647 696/696 474/474 
f 696/696 662/662 697/697 
f 698/698 697/697 662/662 
f 507/507 774/774 625/625 
f 662/662 1056/1056 1021/1021 
f 817/817 818/818 725/725 
f 1182/1182 699/699 486/486 
f 1182/1182 701/701 699/699 
f 1172/1172 1175/1175 486/486 
f 899/899 1192/1192 761/761 
f 895/895 650/650 775/775 
f 421/421 701/701 776/776 
f 778/778 781/781 702/702 
f 859/859 520/520 853/853 
f 955/955 323/323 432/432 
f 505/505 736/736 735/735 
f 787/787 905/905 516/516 
f 804/804 491/491 580/580 
f 705/705 383/383 40/40 
f 414/414 516/516 705/705 
f 903/903 345/345 904/904 
f 810/810 491/491 804/804 
f 933/933 581/581 815/815 
f 907/907 911/911 1052/1052 
f 953/953 523/523 592/592 
f 1027/1027 788/788 906/906 
f 906/906 524/524 708/708 
f 815/815 814/814 932/932 
f 789/789 485/485 1150/1150 
f 789/789 710/710 485/485 
f 717/717 721/721 711/711 
f 350/350 796/796 917/917 
f 536/536 486/486 712/712 
f 699/699 712/712 486/486 
f 713/713 262/262 221/221 
f 488/488 713/713 537/537 
f 453/453 559/559 714/714 
f 714/714 559/559 715/715 
f 512/512 773/773 965/965 
f 718/718 717/717 711/711 
f 717/717 716/716 715/715 
f 716/716 717/717 718/718 
f 832/832 836/836 681/681 
f 719/719 717/717 715/715 
f 711/711 796/796 912/912 
f 477/477 533/533 718/718 
f 966/966 968/968 257/257 
f 719/719 720/720 721/721 
f 968/968 966/966 967/967 
f 766/766 878/878 880/880 
f 719/719 721/721 717/717 
f 722/722 721/721 720/720 
f 880/880 882/882 884/884 
f 915/915 913/913 914/914 
f 797/797 918/918 723/723 
f 805/805 724/724 801/801 
f 919/919 801/801 723/723 
f 804/804 580/580 802/802 
f 818/818 582/582 612/612 
f 1021/1021 1056/1056 1058/1058 
f 777/777 779/779 1153/1153 
f 859/859 863/863 861/861 
f 435/435 727/727 523/523 
f 556/556 727/727 325/325 
f 952/952 823/823 951/951 
f 487/487 1028/1028 823/823 
f 1029/1029 910/910 1030/1030 
f 822/822 953/953 592/592 
f 1020/1020 698/698 1019/1019 
f 820/820 821/821 728/728 
f 152/152 731/731 354/354 
f 311/311 599/599 731/731 
f 732/732 489/489 1140/1140 
f 607/607 608/608 732/732 
f 853/853 857/857 859/859 
f 307/307 851/851 853/853 
f 493/493 734/734 492/492 
f 735/735 322/322 505/505 
f 736/736 505/505 703/703 
f 958/958 960/960 612/612 
f 703/703 825/825 736/736 
f 959/959 944/944 946/946 
f 1042/1042 870/870 983/983 
f 500/500 551/551 1060/1060 
f 740/740 738/738 585/585 
f 475/475 634/634 738/738 
f 762/762 739/739 634/634 
f 665/665 655/655 742/742 
f 615/615 740/740 585/585 
f 740/740 334/334 393/393 
f 617/617 741/741 616/616 
f 585/585 739/739 741/741 
f 665/665 742/742 739/739 
f 616/616 742/742 655/655 
f 837/837 839/839 842/842 
f 681/681 355/355 832/832 
f 296/296 636/636 744/744 
f 745/745 744/744 636/636 
f 838/838 835/835 743/743 
f 355/355 745/745 832/832 
f 978/978 746/746 656/656 
f 1036/1036 510/510 746/746 
f 748/748 747/747 510/510 
f 292/292 747/747 310/310 
f 748/748 510/510 1037/1037 
f 169/169 748/748 390/390 
f 986/986 871/871 985/985 
f 849/849 529/529 753/753 
f 640/640 848/848 751/751 
f 602/602 752/752 569/569 
f 754/754 849/849 1152/1152 
f 753/753 569/569 752/752 
f 502/502 750/750 752/752 
f 751/751 752/752 750/750 
f 751/751 1152/1152 752/752 
f 984/984 1152/1152 749/749 
f 1152/1152 984/984 754/754 
f 850/850 979/979 980/980 
f 136/136 755/755 288/288 
f 624/624 755/755 308/308 
f 842/842 1188/1188 595/595 
f 1139/1139 1142/1142 1143/1143 
f 868/868 508/508 869/869 
f 737/737 827/827 1042/1042 
f 284/284 653/653 758/758 
f 758/758 653/653 759/759 
f 677/677 759/759 653/653 
f 670/670 678/678 759/759 
f 353/353 1023/1023 1210/1210 
f 633/633 661/661 874/874 
f 1072/1072 511/511 1071/1071 
f 1192/1192 899/899 775/775 
f 646/646 762/762 532/532 
f 739/739 762/762 665/665 
f 1129/1129 763/763 454/454 
f 402/402 763/763 455/455 
f 402/402 586/586 764/764 
f 765/765 764/764 586/586 
f 766/766 765/765 586/586 
f 765/765 674/674 767/767 
f 877/877 876/876 338/338 
f 693/693 1001/1001 1002/1002 
f 673/673 767/767 674/674 
f 767/767 623/623 768/768 
f 658/658 668/668 768/768 
f 767/767 768/768 668/668 
f 884/884 669/669 674/674 
f 833/833 835/835 840/840 
f 887/887 672/672 885/885 
f 257/257 844/844 843/843 
f 657/657 890/890 771/771 
f 702/702 777/777 778/778 
f 671/671 772/772 610/610 
f 677/677 653/653 772/772 
f 773/773 512/512 892/892 
f 298/298 681/681 773/773 
f 378/378 774/774 507/507 
f 698/698 774/774 697/697 
f 1098/1098 1099/1099 534/534 
f 421/421 776/776 518/518 
f 896/896 701/701 895/895 
f 1070/1070 1095/1095 1096/1096 
f 778/778 499/499 341/341 
f 777/777 702/702 779/779 
f 778/778 341/341 782/782 
f 782/782 781/781 778/778 
f 988/988 890/890 1191/1191 
f 863/863 620/620 861/861 
f 782/782 341/341 783/783 
f 782/782 783/783 780/780 
f 990/990 664/664 676/676 
f 702/702 989/989 890/890 
f 783/783 341/341 273/273 
f 781/781 782/782 780/780 
f 784/784 273/273 1154/1154 
f 783/783 273/273 784/784 
f 1069/1069 1068/1068 1066/1066 
f 1078/1078 1087/1087 679/679 
f 995/995 1082/1082 562/562 
f 664/664 990/990 991/991 
f 491/491 810/810 811/811 
f 526/526 1048/1048 1049/1049 
f 903/903 787/787 414/414 
f 1229/1229 814/814 1186/1186 
f 824/824 708/708 523/523 
f 1000/1000 910/910 1196/1196 
f 790/790 789/789 1156/1156 
f 686/686 689/689 1157/1157 
f 689/689 1198/1198 927/927 
f 789/789 792/792 710/710 
f 925/925 923/923 927/927 
f 1163/1163 1185/1185 794/794 
f 790/790 792/792 789/789 
f 792/792 791/791 793/793 
f 793/793 791/791 794/794 
f 336/336 795/795 629/629 
f 925/925 803/803 921/921 
f 1159/1159 1160/1160 791/791 
f 528/528 793/793 795/795 
f 1185/1185 793/793 794/794 
f 711/711 722/722 913/913 
f 914/914 913/913 722/722 
f 918/918 304/304 570/570 
f 797/797 801/801 799/799 
f 799/799 303/303 316/316 
f 1010/1010 802/802 798/798 
f 316/316 797/797 799/799 
f 801/801 797/797 723/723 
f 931/931 724/724 805/805 
f 1205/1205 808/808 1202/1202 
f 919/919 805/805 801/801 
f 724/724 799/799 801/801 
f 1010/1010 798/798 724/724 
f 802/802 800/800 804/804 
f 919/919 921/921 803/803 
f 1157/1157 790/790 1156/1156 
f 1208/1208 807/807 800/800 
f 800/800 807/807 804/804 
f 803/803 930/930 805/805 
f 802/802 1010/1010 800/800 
f 1193/1193 902/902 998/998 
f 809/809 1186/1186 814/814 
f 1012/1012 1208/1208 931/931 
f 807/807 806/806 812/812 
f 1202/1202 1203/1203 1201/1201 
f 806/806 807/807 808/808 
f 809/809 812/812 813/813 
f 491/491 811/811 581/581 
f 807/807 810/810 804/804 
f 810/810 809/809 811/811 
f 809/809 814/814 811/811 
f 811/811 814/814 815/815 
f 813/813 812/812 806/806 
f 810/810 812/812 809/809 
f 806/806 1205/1205 1193/1193 
f 704/704 516/516 905/905 
f 1186/1186 809/809 813/813 
f 1013/1013 1014/1014 1209/1209 
f 932/932 814/814 706/706 
f 517/517 933/933 707/707 
f 817/817 816/816 488/488 
f 816/816 725/725 1234/1234 
f 613/613 817/817 488/488 
f 817/817 582/582 818/818 
f 735/735 958/958 734/734 
f 725/725 818/818 1016/1016 
f 1018/1018 725/725 1016/1016 
f 938/938 1023/1023 1024/1024 
f 821/821 506/506 730/730 
f 822/822 820/820 728/728 
f 730/730 947/947 946/946 
f 945/945 944/944 260/260 
f 944/944 945/945 728/728 
f 824/824 953/953 729/729 
f 729/729 822/822 823/823 
f 951/951 822/822 728/728 
f 954/954 824/824 729/729 
f 1027/1027 906/906 708/708 
f 955/955 825/825 703/703 
f 957/957 959/959 943/943 
f 957/957 736/736 959/959 
f 948/948 947/947 730/730 
f 566/566 644/644 870/870 
f 1031/1031 962/962 827/827 
f 828/828 1059/1059 964/964 
f 963/963 874/874 661/661 
f 830/830 607/607 1187/1187 
f 829/829 743/743 835/835 
f 858/858 1189/1189 1143/1143 
f 756/756 851/851 852/852 
f 831/831 839/839 841/841 
f 831/831 841/841 846/846 
f 745/745 834/834 832/832 
f 834/834 836/836 832/832 
f 834/834 745/745 835/835 
f 972/972 845/845 975/975 
f 745/745 829/829 835/835 
f 833/833 972/972 834/834 
f 837/837 838/838 839/839 
f 833/833 834/834 835/835 
f 845/845 972/972 844/844 
f 975/975 976/976 965/965 
f 887/887 770/770 672/672 
f 838/838 840/840 835/835 
f 839/839 838/838 743/743 
f 838/838 837/837 840/840 
f 841/841 839/839 743/743 
f 839/839 831/831 842/842 
f 843/843 840/840 837/837 
f 844/844 840/840 843/843 
f 829/829 841/841 743/743 
f 841/841 830/830 846/846 
f 1188/1188 831/831 854/854 
f 888/888 595/595 770/770 
f 843/843 888/888 887/887 
f 769/769 966/966 843/843 
f 844/844 257/257 845/845 
f 833/833 840/840 844/844 
f 257/257 973/973 845/845 
f 845/845 973/973 974/974 
f 830/830 1187/1187 1189/1189 
f 756/756 858/858 857/857 
f 1063/1063 1062/1062 978/978 
f 776/776 701/701 896/896 
f 261/261 848/848 619/619 
f 751/751 848/848 749/749 
f 850/850 849/849 754/754 
f 456/456 529/529 849/849 
f 979/979 850/850 754/754 
f 982/982 850/850 329/329 
f 852/852 288/288 643/643 
f 853/853 851/851 756/756 
f 643/643 854/854 852/852 
f 831/831 855/855 854/854 
f 857/857 853/853 756/756 
f 307/307 853/853 520/520 
f 1188/1188 643/643 595/595 
f 855/855 831/831 846/846 
f 756/756 852/852 855/855 
f 854/854 855/855 852/852 
f 858/858 855/855 846/846 
f 1153/1153 1190/1190 726/726 
f 858/858 756/756 855/855 
f 857/857 856/856 859/859 
f 846/846 830/830 1189/1189 
f 856/856 857/857 858/858 
f 859/859 856/856 1224/1224 
f 620/620 641/641 862/862 
f 1142/1142 1224/1224 1143/1143 
f 865/865 863/863 860/860 
f 520/520 859/859 861/861 
f 863/863 859/859 860/860 
f 864/864 862/862 426/426 
f 520/520 861/861 862/862 
f 860/860 1190/1190 865/865 
f 666/666 866/866 657/657 
f 867/867 864/864 426/426 
f 520/520 864/864 351/351 
f 988/988 779/779 702/702 
f 865/865 1191/1191 866/866 
f 620/620 863/863 866/866 
f 865/865 866/866 863/863 
f 867/867 426/426 519/519 
f 139/139 867/867 140/140 
f 557/557 981/981 508/508 
f 868/868 757/757 870/870 
f 979/979 871/871 558/558 
f 757/757 868/868 869/869 
f 870/870 757/757 983/983 
f 827/827 566/566 870/870 
f 871/871 984/984 985/985 
f 757/757 869/869 871/871 
f 599/599 872/872 678/678 
f 758/758 872/872 294/294 
f 1023/1023 1022/1022 1210/1210 
f 760/760 963/963 964/964 
f 661/661 961/961 963/963 
f 941/941 942/942 937/937 
f 586/586 496/496 875/875 
f 876/876 875/875 496/496 
f 497/497 876/876 496/496 
f 338/338 515/515 877/877 
f 987/987 879/879 877/877 
f 875/875 878/878 766/766 
f 876/876 878/878 875/875 
f 515/515 987/987 877/877 
f 968/968 969/969 719/719 
f 877/877 879/879 880/880 
f 880/880 879/879 882/882 
f 766/766 880/880 884/884 
f 882/882 883/883 881/881 
f 669/669 886/886 885/885 
f 883/883 882/882 879/879 
f 884/884 882/882 881/881 
f 879/879 987/987 1051/1051 
f 1006/1006 720/720 970/970 
f 669/669 884/884 881/881 
f 884/884 674/674 766/766 
f 886/886 669/669 881/881 
f 885/885 769/769 887/887 
f 971/971 881/881 883/883 
f 769/769 885/885 886/886 
f 769/769 843/843 887/887 
f 888/888 843/843 837/837 
f 842/842 888/888 837/837 
f 770/770 887/887 888/888 
f 521/521 770/770 889/889 
f 595/595 889/889 770/770 
f 657/657 866/866 1191/1191 
f 989/989 702/702 781/781 
f 781/781 780/780 992/992 
f 780/780 993/993 992/992 
f 893/893 892/892 512/512 
f 96/96 313/313 892/892 
f 893/893 512/512 1136/1136 
f 893/893 399/399 97/97 
f 298/298 773/773 894/894 
f 892/892 894/894 773/773 
f 650/650 895/895 700/700 
f 895/895 775/775 896/896 
f 775/775 898/898 896/896 
f 900/900 994/994 896/896 
f 775/775 899/899 898/898 
f 847/847 978/978 1062/1062 
f 1192/1192 775/775 650/650 
f 898/898 897/897 900/900 
f 1099/1099 761/761 534/534 
f 897/897 898/898 899/899 
f 1062/1062 1065/1065 1067/1067 
f 995/995 1047/1047 994/994 
f 902/902 786/786 997/997 
f 1048/1048 901/901 1204/1204 
f 902/902 704/704 998/998 
f 997/997 786/786 901/901 
f 460/460 903/903 414/414 
f 345/345 1194/1194 904/904 
f 709/709 907/907 1052/1052 
f 1195/1195 904/904 1013/1013 
f 1229/1229 787/787 706/706 
f 813/813 998/998 905/905 
f 1027/1027 708/708 824/824 
f 906/906 788/788 907/907 
f 909/909 788/788 910/910 
f 909/909 911/911 907/907 
f 473/473 707/707 999/999 
f 911/911 1206/1206 934/934 
f 1030/1030 910/910 788/788 
f 909/909 908/908 911/911 
f 910/910 1029/1029 1196/1196 
f 908/908 909/909 910/910 
f 934/934 1206/1206 999/999 
f 1151/1151 1052/1052 478/478 
f 711/711 912/912 718/718 
f 350/350 912/912 796/796 
f 1002/1002 914/914 1004/1004 
f 796/796 711/711 913/913 
f 693/693 1003/1003 1001/1001 
f 913/913 915/915 796/796 
f 914/914 916/916 915/915 
f 286/286 1009/1009 916/916 
f 1001/1001 916/916 914/914 
f 1009/1009 306/306 917/917 
f 1009/1009 915/915 916/916 
f 1113/1113 917/917 306/306 
f 928/928 1184/1184 1183/1183 
f 922/922 928/928 926/926 
f 922/922 921/921 919/919 
f 803/803 805/805 919/919 
f 920/920 921/921 922/922 
f 920/920 922/922 926/926 
f 922/922 919/919 723/723 
f 1161/1161 925/925 921/921 
f 918/918 928/928 723/723 
f 1180/1180 1183/1183 603/603 
f 1160/1160 794/794 791/791 
f 1159/1159 790/790 1158/1158 
f 1177/1177 632/632 1226/1226 
f 1163/1163 1165/1165 1166/1166 
f 1161/1161 921/921 920/920 
f 1158/1158 923/923 1159/1159 
f 922/922 723/723 928/928 
f 924/924 1167/1167 926/926 
f 1198/1198 930/930 1197/1197 
f 925/925 927/927 1197/1197 
f 918/918 570/570 1184/1184 
f 926/926 928/928 1183/1183 
f 1165/1165 630/630 1166/1166 
f 1162/1162 1163/1163 794/794 
f 1197/1197 930/930 803/803 
f 1012/1012 931/931 1011/1011 
f 805/805 1011/1011 931/931 
f 930/930 1012/1012 1011/1011 
f 1013/1013 932/932 706/706 
f 934/934 707/707 933/933 
f 581/581 933/933 517/517 
f 1015/1015 815/815 932/932 
f 1015/1015 933/933 815/815 
f 934/934 1015/1015 1209/1209 
f 960/960 818/818 612/612 
f 947/947 949/949 943/943 
f 538/538 819/819 936/936 
f 936/936 819/819 939/939 
f 939/939 941/941 937/937 
f 873/873 1022/1022 760/760 
f 1023/1023 938/938 937/937 
f 309/309 289/289 938/938 
f 819/819 1233/1233 941/941 
f 938/938 939/939 937/937 
f 1234/1234 1017/1017 1233/1233 
f 940/940 1058/1058 1057/1057 
f 819/819 941/941 939/939 
f 1057/1057 942/942 940/940 
f 874/874 760/760 942/942 
f 942/942 760/760 1022/1022 
f 943/943 946/946 947/947 
f 826/826 956/956 957/957 
f 728/728 821/821 944/944 
f 946/946 944/944 821/821 
f 260/260 950/950 945/945 
f 950/950 952/952 945/945 
f 730/730 946/946 821/821 
f 946/946 943/943 959/959 
f 948/948 730/730 565/565 
f 826/826 957/957 949/949 
f 1055/1055 1020/1020 948/948 
f 1211/1211 826/826 949/949 
f 947/947 948/948 949/949 
f 948/948 1020/1020 1053/1053 
f 955/955 260/260 825/825 
f 1025/1025 950/950 432/432 
f 822/822 951/951 823/823 
f 728/728 945/945 951/951 
f 952/952 950/950 1025/1025 
f 823/823 952/952 471/471 
f 729/729 953/953 822/822 
f 523/523 953/953 824/824 
f 729/729 1028/1028 954/954 
f 487/487 1029/1029 1028/1028 
f 323/323 955/955 703/703 
f 950/950 955/955 432/432 
f 957/957 956/956 736/736 
f 958/958 956/956 826/826 
f 959/959 736/736 825/825 
f 957/957 943/943 949/949 
f 958/958 826/826 960/960 
f 734/734 958/958 612/612 
f 825/825 260/260 959/959 
f 959/959 260/260 944/944 
f 1211/1211 1053/1053 1054/1054 
f 960/960 1054/1054 1016/1016 
f 962/962 961/961 645/645 
f 961/961 828/828 963/963 
f 627/627 962/962 645/645 
f 827/827 737/737 1031/1031 
f 964/964 963/963 828/828 
f 760/760 874/874 963/963 
f 1059/1059 1031/1031 1104/1104 
f 873/873 964/964 1033/1033 
f 972/972 975/975 836/836 
f 512/512 965/965 976/976 
f 966/966 769/769 967/967 
f 257/257 843/843 966/966 
f 886/886 1035/1035 769/769 
f 971/971 883/883 1008/1008 
f 969/969 968/968 967/967 
f 973/973 968/968 719/719 
f 970/970 969/969 967/967 
f 719/719 969/969 720/720 
f 971/971 970/970 967/967 
f 1008/1008 1007/1007 1004/1004 
f 967/967 1035/1035 971/971 
f 881/881 971/971 886/886 
f 834/834 972/972 836/836 
f 844/844 972/972 833/833 
f 968/968 973/973 257/257 
f 974/974 973/973 719/719 
f 719/719 715/715 974/974 
f 512/512 976/976 559/559 
f 845/845 974/974 975/975 
f 715/715 975/975 974/974 
f 975/975 715/715 976/976 
f 715/715 559/559 976/976 
f 1038/1038 977/977 1041/1041 
f 1036/1036 1037/1037 510/510 
f 1221/1221 1039/1039 1222/1222 
f 1040/1040 978/978 847/847 
f 979/979 754/754 984/984 
f 980/980 979/979 558/558 
f 981/981 980/980 558/558 
f 442/442 980/980 380/380 
f 869/869 981/981 558/558 
f 380/380 981/981 557/557 
f 494/494 982/982 329/329 
f 849/849 982/982 456/456 
f 986/986 983/983 757/757 
f 1110/1110 1108/1108 1091/1091 
f 985/985 984/984 749/749 
f 979/979 984/984 871/871 
f 848/848 985/985 749/749 
f 986/986 985/985 261/261 
f 986/986 261/261 1106/1106 
f 871/871 986/986 757/757 
f 1043/1043 987/987 515/515 
f 1207/1207 458/458 693/693 
f 779/779 988/988 865/865 
f 702/702 890/890 988/988 
f 989/989 781/781 992/992 
f 771/771 890/890 989/989 
f 771/771 990/990 676/676 
f 991/991 990/990 891/891 
f 1045/1045 992/992 993/993 
f 993/993 1046/1046 1045/1045 
f 993/993 780/780 785/785 
f 989/989 992/992 891/891 
f 1077/1077 1046/1046 993/993 
f 891/891 1045/1045 991/991 
f 896/896 994/994 776/776 
f 994/994 900/900 995/995 
f 1062/1062 1039/1039 1065/1065 
f 1069/1069 1082/1082 995/995 
f 1202/1202 808/808 1203/1203 
f 689/689 1199/1199 1198/1198 
f 445/445 381/381 997/997 
f 509/509 997/997 381/381 
f 998/998 813/813 1193/1193 
f 704/704 905/905 998/998 
f 934/934 999/999 707/707 
f 1000/1000 999/999 908/908 
f 910/910 1000/1000 908/908 
f 473/473 1000/1000 326/326 
f 1002/1002 1001/1001 914/914 
f 1003/1003 693/693 300/300 
f 1004/1004 914/914 722/722 
f 1007/1007 883/883 1080/1080 
f 1003/1003 300/300 269/269 
f 916/916 1001/1001 1003/1003 
f 1006/1006 1004/1004 722/722 
f 1006/1006 1008/1008 1004/1004 
f 1002/1002 1005/1005 1207/1207 
f 1007/1007 1002/1002 1004/1004 
f 720/720 1006/1006 722/722 
f 1008/1008 1006/1006 970/970 
f 1080/1080 879/879 1051/1051 
f 1005/1005 1002/1002 1007/1007 
f 971/971 1008/1008 970/970 
f 1007/1007 1008/1008 883/883 
f 1009/1009 286/286 285/285 
f 915/915 1009/1009 917/917 
f 724/724 931/931 1010/1010 
f 800/800 1010/1010 931/931 
f 805/805 930/930 1011/1011 
f 1012/1012 930/930 259/259 
f 1203/1203 1012/1012 259/259 
f 1208/1208 1012/1012 808/808 
f 1195/1195 1013/1013 706/706 
f 1014/1014 1013/1013 904/904 
f 478/478 1014/1014 904/904 
f 911/911 934/934 1209/1209 
f 1209/1209 1015/1015 932/932 
f 933/933 1015/1015 934/934 
f 960/960 1016/1016 818/818 
f 1018/1018 1016/1016 935/935 
f 1018/1018 935/935 1019/1019 
f 1058/1058 1233/1233 1017/1017 
f 935/935 1020/1020 1019/1019 
f 1018/1018 1017/1017 1234/1234 
f 1021/1021 698/698 662/662 
f 1017/1017 1018/1018 1019/1019 
f 1053/1053 1020/1020 935/935 
f 1055/1055 948/948 565/565 
f 662/662 633/633 1056/1056 
f 1017/1017 1019/1019 1021/1021 
f 1210/1210 873/873 501/501 
f 942/942 1022/1022 937/937 
f 1022/1022 1023/1023 937/937 
f 1024/1024 1023/1023 353/353 
f 225/225 1024/1024 353/353 
f 938/938 1024/1024 309/309 
f 1025/1025 432/432 1127/1127 
f 1025/1025 324/324 1026/1026 
f 471/471 952/952 1026/1026 
f 1025/1025 1026/1026 952/952 
f 824/824 954/954 1027/1027 
f 788/788 1027/1027 954/954 
f 823/823 1028/1028 729/729 
f 487/487 372/372 1029/1029 
f 1029/1029 472/472 1196/1196 
f 954/954 1028/1028 1029/1029 
f 788/788 954/954 1030/1030 
f 1029/1029 1030/1030 954/954 
f 1089/1089 1104/1104 737/737 
f 828/828 962/962 1031/1031 
f 1089/1089 737/737 1105/1105 
f 1060/1060 1061/1061 500/500 
f 1059/1059 1033/1033 964/964 
f 1032/1032 1061/1061 1060/1060 
f 836/836 965/965 1034/1034 
f 773/773 1034/1034 965/965 
f 769/769 1035/1035 967/967 
f 886/886 971/971 1035/1035 
f 978/978 1036/1036 746/746 
f 1037/1037 1036/1036 977/977 
f 1037/1037 977/977 1038/1038 
f 1037/1037 333/333 748/748 
f 977/977 1040/1040 1041/1041 
f 391/391 1038/1038 1071/1071 
f 1103/1103 1223/1223 1102/1102 
f 900/900 1083/1083 1069/1069 
f 1040/1040 847/847 1041/1041 
f 1036/1036 1040/1040 977/977 
f 1062/1062 1067/1067 847/847 
f 1071/1071 1041/1041 1072/1072 
f 870/870 1042/1042 827/827 
f 1105/1105 1042/1042 983/983 
f 413/413 1043/1043 515/515 
f 1043/1043 344/344 1075/1075 
f 1092/1092 1111/1111 784/784 
f 665/665 1213/1213 1102/1102 
f 992/992 1045/1045 891/891 
f 785/785 1077/1077 993/993 
f 1078/1078 1046/1046 1044/1044 
f 991/991 1045/1045 1046/1046 
f 561/561 1047/1047 562/562 
f 994/994 1047/1047 518/518 
f 1204/1204 901/901 786/786 
f 1049/1049 1048/1048 996/996 
f 1050/1050 1049/1049 996/996 
f 526/526 1049/1049 560/560 
f 1050/1050 1201/1201 1199/1199 
f 683/683 685/685 1079/1079 
f 1076/1076 1051/1051 987/987 
f 1080/1080 1005/1005 1007/1007 
f 911/911 1014/1014 1052/1052 
f 478/478 1052/1052 1014/1014 
f 1054/1054 1053/1053 935/935 
f 948/948 1053/1053 949/949 
f 1016/1016 1054/1054 935/935 
f 1211/1211 960/960 826/826 
f 625/625 1212/1212 565/565 
f 1055/1055 565/565 1212/1212 
f 1057/1057 1056/1056 633/633 
f 1056/1056 1057/1057 1058/1058 
f 633/633 874/874 1057/1057 
f 942/942 1057/1057 874/874 
f 1233/1233 1058/1058 940/940 
f 1017/1017 1021/1021 1058/1058 
f 1031/1031 1059/1059 828/828 
f 1033/1033 1059/1059 1032/1032 
f 589/589 1033/1033 1060/1060 
f 1032/1032 1060/1060 1033/1033 
f 1081/1081 1061/1061 1032/1032 
f 588/588 500/500 1061/1061 
f 1063/1063 978/978 656/656 
f 1064/1064 1065/1065 1068/1068 
f 1222/1222 656/656 258/258 
f 1039/1039 1062/1062 1063/1063 
f 1070/1070 1083/1083 897/897 
f 1070/1070 1067/1067 1064/1064 
f 1231/1231 1068/1068 1065/1065 
f 1065/1065 1064/1064 1067/1067 
f 1221/1221 1103/1103 1219/1219 
f 1094/1094 785/785 1111/1111 
f 1064/1064 1083/1083 1070/1070 
f 847/847 1067/1067 1073/1073 
f 1231/1231 1065/1065 1039/1039 
f 1066/1066 1082/1082 1069/1069 
f 900/900 1069/1069 995/995 
f 1064/1064 1068/1068 1069/1069 
f 1084/1084 1095/1095 899/899 
f 1073/1073 1072/1072 1041/1041 
f 391/391 1071/1071 511/511 
f 1038/1038 1041/1041 1071/1071 
f 1041/1041 847/847 1073/1073 
f 1098/1098 1074/1074 1097/1097 
f 1067/1067 1070/1070 1073/1073 
f 1070/1070 897/897 1095/1095 
f 1072/1072 1073/1073 1096/1096 
f 446/446 332/332 1074/1074 
f 412/412 1075/1075 344/344 
f 1075/1075 458/458 1207/1207 
f 987/987 1043/1043 1076/1076 
f 1075/1075 1076/1076 1043/1043 
f 562/562 1092/1092 784/784 
f 1044/1044 1046/1046 1077/1077 
f 1078/1078 1044/1044 1100/1100 
f 1088/1088 1078/1078 679/679 
f 560/560 1079/1079 514/514 
f 683/683 1079/1079 1050/1050 
f 879/879 1080/1080 883/883 
f 1005/1005 1080/1080 1051/1051 
f 1089/1089 1081/1081 1032/1032 
f 1081/1081 1089/1089 1090/1090 
f 1093/1093 1082/1082 1220/1220 
f 562/562 1082/1082 1092/1092 
f 1069/1069 1083/1083 1064/1064 
f 897/897 1083/1083 900/900 
f 1084/1084 1098/1098 1097/1097 
f 1072/1072 1096/1096 1097/1097 
f 1219/1219 1231/1231 1221/1221 
f 1094/1094 1230/1230 1077/1077 
f 1101/1101 1230/1230 1218/1218 
f 646/646 1213/1213 665/665 
f 1100/1100 1087/1087 1078/1078 
f 1213/1213 1087/1087 1086/1086 
f 679/679 670/670 1214/1214 
f 1046/1046 1088/1088 991/991 
f 1032/1032 1059/1059 1104/1104 
f 737/737 1042/1042 1105/1105 
f 1106/1106 1090/1090 1105/1105 
f 619/619 1216/1216 1107/1107 
f 1107/1107 1090/1090 1106/1106 
f 555/555 1216/1216 619/619 
f 1082/1082 1093/1093 1092/1092 
f 1094/1094 1111/1111 1093/1093 
f 1220/1220 1082/1082 1066/1066 
f 1093/1093 1085/1085 1094/1094 
f 1085/1085 1218/1218 1230/1230 
f 785/785 1094/1094 1077/1077 
f 899/899 1095/1095 897/897 
f 1096/1096 1095/1095 1084/1084 
f 1096/1096 1084/1084 1097/1097 
f 1070/1070 1096/1096 1073/1073 
f 1099/1099 1098/1098 1084/1084 
f 1072/1072 1097/1097 1074/1074 
f 534/534 446/446 1098/1098 
f 1074/1074 1098/1098 446/446 
f 1084/1084 899/899 1099/1099 
f 761/761 1099/1099 899/899 
f 1101/1101 1100/1100 1044/1044 
f 1087/1087 1100/1100 1086/1086 
f 1101/1101 1103/1103 1102/1102 
f 665/665 1102/1102 655/655 
f 1086/1086 1101/1101 1102/1102 
f 1101/1101 1218/1218 1103/1103 
f 1218/1218 1219/1219 1103/1103 
f 655/655 1223/1223 258/258 
f 737/737 1104/1104 1031/1031 
f 1032/1032 1104/1104 1089/1089 
f 1106/1106 1105/1105 983/983 
f 1089/1089 1105/1105 1090/1090 
f 986/986 1106/1106 983/983 
f 1107/1107 1106/1106 261/261 
f 619/619 1107/1107 261/261 
f 1109/1109 1107/1107 1091/1091 
f 1109/1109 1081/1081 1090/1090 
f 1091/1091 1217/1217 1110/1110 
f 1107/1107 1109/1109 1090/1090 
f 1091/1091 1108/1108 1109/1109 
f 618/618 1110/1110 430/430 
f 588/588 1108/1108 1110/1110 
f 1111/1111 785/785 1155/1155 
f 1093/1093 1111/1111 1092/1092 
f 53/53 1112/1112 54/54 
f 405/405 1112/1112 339/339 
f 1113/1113 106/106 105/105 
f 917/917 1113/1113 350/350 
f 225/225 1114/1114 226/226 
f 501/501 1114/1114 353/353 
f 238/238 1115/1115 239/239 
f 503/503 1115/1115 363/363 
f 213/213 1116/1116 365/365 
f 212/212 367/367 1116/1116 
f 43/43 1117/1117 44/44 
f 509/509 1117/1117 382/382 
f 49/49 1118/1118 50/50 
f 444/444 1118/1118 385/385 
f 1117/1117 1119/1119 45/45 
f 445/445 1119/1119 381/381 
f 178/178 1120/1120 179/179 
f 446/446 1120/1120 389/389 
f 173/173 1121/1121 174/174 
f 511/511 1121/1121 391/391 
f 152/152 1122/1122 153/153 
f 450/450 1122/1122 354/354 
f 100/100 1123/1123 101/101 
f 453/453 1123/1123 401/401 
f 514/514 1124/1124 384/384 
f 52/52 1124/1124 404/404 
f 291/291 1125/1125 271/271 
f 340/340 1125/1125 408/408 
f 319/319 1126/1126 359/359 
f 321/321 1126/1126 430/430 
f 1127/1127 366/366 208/208 
f 1025/1025 1127/1127 368/368 
f 1128/1128 64/64 63/63 
f 528/528 1128/1128 451/451 
f 1129/1129 454/454 1132/1132 
f 128/128 1129/1129 129/129 
f 1131/1131 410/410 342/342 
f 494/494 1130/1130 456/456 
f 529/529 1131/1131 342/342 
f 456/456 1130/1130 1131/1131 
f 1129/1129 1132/1132 130/130 
f 658/658 1132/1132 454/454 
f 160/160 1133/1133 393/393 
f 394/394 1133/1133 449/449 
f 104/104 1134/1134 425/425 
f 400/400 1134/1134 452/452 
f 62/62 1135/1135 476/476 
f 340/340 1135/1135 406/406 
f 1136/1136 337/337 399/399 
f 512/512 559/559 1136/1136 
f 343/343 1137/1137 457/457 
f 753/753 1137/1137 569/569 
f 1139/1139 1138/1138 540/540 
f 1140/1140 1138/1138 1139/1139 
f 540/540 1141/1141 1139/1139 
f 1141/1141 1142/1142 1139/1139 
f 1140/1140 733/733 1187/1187 
f 489/489 1138/1138 1140/1140 
f 587/587 1141/1141 540/540 
f 1142/1142 1141/1141 726/726 
f 1190/1190 1142/1142 726/726 
f 1224/1224 860/860 859/859 
f 858/858 1143/1143 856/856 
f 733/733 1139/1139 1143/1143 
f 630/630 1165/1165 1169/1169 
f 1177/1177 1147/1147 1179/1179 
f 1173/1173 480/480 601/601 
f 1146/1146 630/630 1144/1144 
f 1146/1146 1144/1144 1225/1225 
f 347/347 1145/1145 1146/1146 
f 1171/1171 1174/1174 1170/1170 
f 1167/1167 1169/1169 1165/1165 
f 617/617 1148/1148 495/495 
f 584/584 1148/1148 639/639 
f 1178/1178 1175/1175 1176/1176 
f 1149/1149 1176/1176 1177/1177 
f 408/408 1150/1150 340/340 
f 789/789 1150/1150 690/690 
f 461/461 1151/1151 478/478 
f 436/436 709/709 1151/1151 
f 752/752 1152/1152 753/753 
f 1152/1152 751/751 749/749 
f 587/587 1153/1153 726/726 
f 777/777 1153/1153 498/498 
f 80/80 1154/1154 273/273 
f 562/562 1154/1154 264/264 
f 1111/1111 1155/1155 784/784 
f 780/780 1155/1155 785/785 
f 687/687 1156/1156 690/690 
f 1157/1157 1156/1156 686/686 
f 689/689 927/927 1157/1157 
f 1158/1158 927/927 923/923 
f 790/790 1157/1157 1158/1158 
f 927/927 1158/1158 1157/1157 
f 1159/1159 923/923 1160/1160 
f 790/790 1159/1159 791/791 
f 923/923 1161/1161 1160/1160 
f 1164/1164 1161/1161 920/920 
f 925/925 1161/1161 923/923 
f 920/920 926/926 1164/1164 
f 794/794 1160/1160 1162/1162 
f 1164/1164 1160/1160 1161/1161 
f 1163/1163 929/929 1165/1165 
f 1163/1163 568/568 1185/1185 
f 929/929 1162/1162 1164/1164 
f 1164/1164 1162/1162 1160/1160 
f 929/929 1167/1167 1165/1165 
f 630/630 1169/1169 1170/1170 
f 630/630 1145/1145 1173/1173 
f 1163/1163 1166/1166 568/568 
f 926/926 1167/1167 929/929 
f 1169/1169 924/924 1168/1168 
f 1180/1180 603/603 1181/1181 
f 1174/1174 1144/1144 1170/1170 
f 924/924 1169/1169 1167/1167 
f 1169/1169 1168/1168 1170/1170 
f 1171/1171 1170/1170 1168/1168 
f 630/630 1170/1170 1144/1144 
f 1179/1179 1171/1171 1168/1168 
f 1171/1171 1147/1147 1172/1172 
f 1175/1175 1172/1172 1147/1147 
f 486/486 536/536 1172/1172 
f 568/568 1173/1173 601/601 
f 630/630 1173/1173 1166/1166 
f 1171/1171 1172/1172 1174/1174 
f 536/536 1174/1174 1172/1172 
f 1176/1176 1175/1175 1147/1147 
f 1182/1182 1175/1175 700/700 
f 1177/1177 1176/1176 1147/1147 
f 1178/1178 1149/1149 650/650 
f 1147/1147 1171/1171 1179/1179 
f 632/632 1177/1177 1181/1181 
f 1149/1149 1178/1178 1176/1176 
f 650/650 700/700 1178/1178 
f 1180/1180 1179/1179 1168/1168 
f 1181/1181 1179/1179 1180/1180 
f 1168/1168 924/924 1180/1180 
f 1183/1183 1180/1180 924/924 
f 632/632 1181/1181 603/603 
f 1177/1177 1179/1179 1181/1181 
f 1182/1182 700/700 701/701 
f 486/486 1175/1175 1182/1182 
f 926/926 1183/1183 924/924 
f 918/918 1184/1184 928/928 
f 631/631 1184/1184 570/570 
f 603/603 1183/1183 1184/1184 
f 629/629 1185/1185 568/568 
f 793/793 1185/1185 795/795 
f 813/813 905/905 1186/1186 
f 1229/1229 1186/1186 905/905 
f 732/732 1187/1187 607/607 
f 1189/1189 1187/1187 733/733 
f 831/831 1188/1188 842/842 
f 643/643 1188/1188 854/854 
f 1143/1143 1189/1189 733/733 
f 846/846 1189/1189 858/858 
f 865/865 1190/1190 779/779 
f 1190/1190 860/860 1224/1224 
f 988/988 1191/1191 865/865 
f 657/657 1191/1191 890/890 
f 1228/1228 1192/1192 650/650 
f 761/761 1192/1192 635/635 
f 806/806 1193/1193 813/813 
f 786/786 902/902 1193/1193 
f 415/415 1194/1194 345/345 
f 478/478 904/904 1194/1194 
f 787/787 1195/1195 706/706 
f 903/903 904/904 1195/1195 
f 373/373 1196/1196 472/472 
f 1000/1000 1196/1196 326/326 
f 925/925 1197/1197 803/803 
f 1198/1198 1197/1197 927/927 
f 689/689 1200/1200 1199/1199 
f 259/259 930/930 1198/1198 
f 1201/1201 1050/1050 996/996 
f 259/259 1198/1198 1199/1199 
f 688/688 1200/1200 689/689 
f 1050/1050 1200/1200 683/683 
f 1201/1201 996/996 1202/1202 
f 259/259 1199/1199 1201/1201 
f 996/996 1204/1204 1202/1202 
f 1204/1204 1205/1205 1202/1202 
f 1012/1012 1203/1203 808/808 
f 1201/1201 1203/1203 259/259 
f 1048/1048 1204/1204 996/996 
f 1205/1205 1204/1204 786/786 
f 1193/1193 1205/1205 786/786 
f 1205/1205 806/806 808/808 
f 911/911 908/908 1206/1206 
f 999/999 1206/1206 908/908 
f 1002/1002 1207/1207 693/693 
f 1207/1207 1005/1005 1076/1076 
f 807/807 1208/1208 808/808 
f 931/931 1208/1208 800/800 
f 1013/1013 1209/1209 932/932 
f 911/911 1209/1209 1014/1014 
f 873/873 1210/1210 1022/1022 
f 353/353 1210/1210 501/501 
f 1053/1053 1211/1211 949/949 
f 960/960 1211/1211 1054/1054 
f 774/774 1212/1212 625/625 
f 1020/1020 1212/1212 698/698 
f 1087/1087 1213/1213 628/628 
f 1102/1102 1213/1213 1086/1086 
f 1215/1215 677/677 664/664 
f 679/679 1214/1214 1088/1088 
f 1088/1088 1215/1215 991/991 
f 677/677 1215/1215 1214/1214 
f 1217/1217 1216/1216 555/555 
f 1107/1107 1216/1216 1091/1091 
f 321/321 1217/1217 555/555 
f 1217/1217 430/430 1110/1110 
f 1230/1230 1101/1101 1044/1044 
f 1219/1219 1218/1218 1085/1085 
f 1220/1220 1085/1085 1093/1093 
f 1066/1066 1068/1068 1231/1231 
f 1066/1066 1219/1219 1220/1220 
f 1085/1085 1220/1220 1219/1219 
f 1222/1222 1039/1039 1063/1063 
f 1223/1223 1221/1221 258/258 
f 656/656 1222/1222 1063/1063 
f 258/258 1221/1221 1222/1222 
f 1102/1102 1223/1223 655/655 
f 1221/1221 1223/1223 1103/1103 
f 1143/1143 1224/1224 856/856 
f 1190/1190 1224/1224 1142/1142 
f 1146/1146 1225/1225 479/479 
f 1174/1174 1225/1225 1144/1144 
f 573/573 1226/1226 632/632 
f 1227/1227 1226/1226 535/535 
f 648/648 1227/1227 535/535 
f 650/650 1149/1149 1227/1227 
f 650/650 1227/1227 1228/1228 
f 648/648 1228/1228 1227/1227 
f 787/787 1229/1229 905/905 
f 814/814 1229/1229 706/706 
f 1077/1077 1230/1230 1044/1044 
f 1085/1085 1230/1230 1094/1094 
f 1221/1221 1231/1231 1039/1039 
f 1066/1066 1231/1231 1219/1219 
f 1232/1232 133/133 132/132 
f 594/594 1232/1232 427/427 
f 941/941 1233/1233 940/940 
f 1234/1234 1233/1233 819/819 
f 816/816 1234/1234 819/819 
f 1234/1234 725/725 1018/1018 
#s 20.286886070344 132.796334561027 599.1967136279163