4.58242270561749e-05,6.05407315215868e-05,8.32388378129037e-05,1.49222746462287e-05,0.999795473928963
4.75759894713678e-05,6.28825293366253e-05,8.56987696924363e-05,1.6929708198951e-05,0.999786913003301
4.86801351260384e-05,6.43622528218285e-05,8.70995457215113e-05,1.69406617967553e-05,0.999782917404534
4.92189574352055e-05,6.50883535462934e-05,8.76072796884669e-05,1.54874855006307e-05,0.99978259792383
4.92423146055535e-05,6.51286889298588e-05,8.72308516872039e-05,1.23989971611326e-05,0.999785999147616
4.89258071822819e-05,6.47163297999932e-05,8.62966447290832e-05,8.68594000133849e-06,0.999791375278287
4.81657696256159e-05,6.37170301917405e-05,8.44778731657138e-05,3.68646167714044e-06,0.99979995286534
4.67448947921211e-05,6.18428335624851e-05,8.1383666162031e-05,2.06146786351881e-07,0.999809822458697
4.46890227899855e-05,5.91351716163919e-05,7.68098789071228e-05,3.71072031473611e-08,0.999819328819483
4.22425445134422e-05,5.59274191314343e-05,7.09192390161941e-05,0.000147164625471973,0.999683746171867
3.99296852743755e-05,5.29231184450006e-05,6.44213995526412e-05,0.00184763649788034,0.997995089298848
3.75959075363841e-05,4.99287991754881e-05,5.67454409507139e-05,0.00611627384434601,0.993739456007991
3.61478668521746e-05,4.81430590472987e-05,4.95476568028541e-05,0.0128699659292439,0.986996195488054
3.52538055141833e-05,4.71511823891903e-05,4.16004430526158e-05,0.0239457134442166,0.975930281124827
3.5391711314334e-05,4.75922640342145e-05,3.35238061542674e-05,0.0399944155997859,0.959889076618711
3.64958178033203e-05,4.93963123581357e-05,2.49275415083739e-05,0.0622038807556546,0.937685299572676
3.85457215893413e-05,5.25095812807029e-05,1.63430373165466e-05,0.089243175675238,0.910649425984576
4.14613391607904e-05,5.68528408172032e-05,7.80767622161781e-06,0.123677197256346,0.876216680887455
4.50705575225315e-05,6.21783051472499e-05,5.69496005991401e-07,0.166259098853474,0.833633082787851
4.93025547749424e-05,6.83772826132589e-05,3.84265625508569e-07,0.217288049289703,0.782593886607284
5.35291600165143e-05,7.45424266829205e-05,0.000117668464830324,0.278326717730715,0.721427542217755
5.73810991959131e-05,8.01053339116101e-05,0.000526481568300362,0.347024732566624,0.652311299431968
6.01240705335963e-05,8.38879988262416e-05,0.00175193544592565,0.424608983672288,0.573495068812426
6.10491426926252e-05,8.45331678929907e-05,0.00485429911339222,0.510141433467939,0.484858685108084
5.99256233559592e-05,8.15014002584011e-05,0.0104754888835231,0.596968730358689,0.392414353734173
5.68360299857581e-05,7.37188056387297e-05,0.0222699297479786,0.682607783420531,0.294991731995866
5.31677660478668e-05,6.20691773131792e-05,0.0436290039502558,0.750097296215509,0.206158462890874
5.11363605253543e-05,4.92878617580362e-05,0.0763603343827212,0.787597635001315,0.13594160639368
5.19901056392569e-05,3.757859692646e-05,0.120357218578387,0.793465808738885,0.086087403980163
5.53073918276099e-05,2.78348491577746e-05,0.171941961154795,0.774421934744301,0.0535529618599188
6.02341457152215e-05,1.93823386722296e-05,0.233142903810166,0.736100034791763,0.0306774449136841
6.57443181828508e-05,1.29257543442102e-05,0.29772743515496,0.684934047361092,0.0172598474114217
7.11530897109884e-05,8.35109021886315e-06,0.367732547035709,0.623744170599935,0.00844377818442653
7.56436688094379e-05,5.77644348346666e-06,0.436671267065309,0.559336630812447,0.0039106820099509
7.90283188592916e-05,4.77563338047696e-06,0.504921933235675,0.493688647316041,0.00130561549604462
8.1092140593684e-05,5.19785570055383e-06,0.566557125282043,0.433046905003296,0.000309679718366777
8.18701571296893e-05,5.30852116533752e-06,0.622380962815596,0.377489785523755,4.20729823542744e-05
8.16970569006579e-05,5.63772354678763e-06,0.672096822196245,0.327815742259648,1.00763660510735e-07
8.06687020052479e-05,6.40670304262043e-06,0.718224876041507,0.281687391297493,6.57255952092663e-07
7.90460155277345e-05,7.46104974158021e-06,0.760288509769564,0.239618715763609,6.26740155825639e-06
7.70499139442436e-05,8.55141938279987e-06,0.797862317285136,0.20203928255776,1.2798823776932e-05
7.45541752517856e-05,9.41051186105699e-06,0.832384638606923,0.167512378093329,1.90186126355896e-05
7.17764872559693e-05,1.01357186782978e-05,0.86249629682126,0.137397425537513,2.43654352931428e-05
6.8928095304001e-05,1.12325607237503e-05,0.888752883070462,0.111138116203855,2.88400696549634e-05
6.60213449227039e-05,1.27100060012958e-05,0.91281835043507,0.0870700994341491,3.28187798563162e-05
6.29806326435509e-05,1.34471990453834e-05,0.93365206718875,0.0662354656494778,3.60393300834688e-05
6.01766442155769e-05,1.35461900055517e-05,0.951327411670415,0.0485599328286651,3.89326666988345e-05
5.71929183277601e-05,1.18518653701368e-05,0.965633016360892,0.0342567668988432,4.11719565672488e-05
5.45364847516348e-05,9.4350157438113e-06,0.977140852230606,0.022751825368454,4.33509004448058e-05
5.18947075061175e-05,6.09535518431232e-06,0.98578016369451,0.0141163518068668,4.54944359332523e-05
4.92926210033984e-05,2.85015301847035e-06,0.992397556696234,0.00750231787709727,4.79826526471653e-05
4.65014337293533e-05,8.94098952232524e-08,0.996660545016701,0.00324227661513632,5.058752453818e-05
4.36379821811913e-05,7.01293341090578e-08,0.99899722502937,0.000905283629703199,5.3783229411023e-05
4.01294875006462e-05,0.000299753882822352,0.999553191728241,4.95474510209006e-05,5.73774504151003e-05
3.62815984876607e-05,0.00165622492056029,0.998245698629169,6.07906958880507e-08,6.17340610876825e-05
3.1544880916935e-05,0.00487812551554659,0.995019881534738,3.8905093165177e-06,6.65575594822785e-05
2.62024393997888e-05,0.0100554950574901,0.989836613707899,9.99398332505239e-06,7.16948118858108e-05
2.06022767548268e-05,0.0169401683618181,0.982946187211816,1.63005722413957e-05,7.67415773694157e-05
1.54399864202888e-05,0.0248990309301142,0.974983684220614,2.07914973194216e-05,8.10533655326342e-05
1.0155277848588e-05,0.0349475310349834,0.964933296063027,2.38002734528007e-05,8.52173506881412e-05
5.89546359895564e-06,0.0456443412041176,0.954234613955315,2.5908154606713e-05,8.92412223618708e-05
2.26546771363016e-06,0.0589120931121557,0.9409654851896,2.67233432207577e-05,9.34328873101714e-05
4.53935654696526e-07,0.0738862341413732,0.925989223591464,2.65486505024102e-05,9.75396810057434e-05
5.06830012902018e-06,0.091573581488274,0.90829440470226,2.52592302943834e-05,0.000101686279043071
5.21089418303362e-05,0.111444588872091,0.888373559231251,2.37635038705043e-05,0.000105979450956716
0.000195707339287839,0.134601137129714,0.865070523959638,2.2167052965426e-05,0.000110464518395025
0.000480514295289447,0.160887168916932,0.838497158771559,2.03013536929383e-05,0.000114856662527481
0.000981412847725938,0.189789114901558,0.80909186321637,1.86501141672022e-05,0.000118958920178749
0.00176731747267132,0.222252627880779,0.77583999945964,1.71940156600285e-05,0.000122861171248914
0.00294863823133308,0.257229853129242,0.739679666839024,1.57592981308373e-05,0.000126082502270045
0.00471435601624857,0.295712495175687,0.699429179608312,1.51549989371302e-05,0.000128814200816218
0.00715362582242959,0.337287636474124,0.655413414395894,1.46560175511501e-05,0.000130667290000735
0.0105786419720149,0.381361954551111,0.607913557938695,1.44839272564301e-05,0.000131361610922911
0.0156131070253615,0.428275246576873,0.555965035687281,1.57880597789429e-05,0.000130822650706364
0.0223066313399718,0.477074286074384,0.500472125925124,1.80788711721818e-05,0.00012887778934828
0.032028434997192,0.527595248910721,0.440228909547069,2.20822991301232e-05,0.00012532424588831
0.0469210122954052,0.57945468911511,0.373474775564793,2.93743704427001e-05,0.000120148654248809
0.0705912175865041,0.630077385964878,0.299177013755837,4.07367939458257e-05,0.000113645898834828
0.107837222431397,0.670949950089865,0.221048509737427,5.69554648917109e-05,0.000107362276419153
0.159463608246352,0.686925188917645,0.153430238106746,7.64708128725359e-05,0.000104493916384103
0.230486777700938,0.66795810580103,0.101350495746333,9.79945823979918e-05,0.000106626169301395
0.321593031537409,0.614525072275085,0.0636519151671138,0.000118246680303603,0.000111734340088811
0.419696265130655,0.542607250790263,0.0374492077138361,0.000132065162625485,0.000115211202620667
0.507638019259191,0.469634255399074,0.0224755332402474,0.000137105934434017,0.000115086167053226
0.584798583019824,0.401031241124719,0.0139227281029832,0.00013570330192319,0.000111744450550089
0.65492256033434,0.336531976626455,0.00830932449903467,0.000130171298752529,0.000105967241417986
0.718057762730742,0.276894458926133,0.00482816560736607,0.00012140018209225,9.82125536673816e-05
0.775077698654729,0.222103453454056,0.00261896212613681,0.000110658323500514,8.92274415778494e-05
0.826074585458611,0.172467431870828,0.0012795582924884,9.88301375721031e-05,7.95942405001949e-05
0.870285195611597,0.129052747719694,0.000504742252265059,8.71269795420724e-05,7.01874369018956e-05
0.907238345827773,0.0924806960653063,0.000142676267662904,7.65280129919078e-05,6.17538262658278e-05
0.936911001155833,0.0629450083890949,2.12724972357652e-05,6.78294415949162e-05,5.48885162411725e-05
0.959332431151129,0.0405547109455429,1.45840625716682e-06,6.14802309164501e-05,4.99192661545819e-05
0.97499946114582,0.0248896869343909,6.37642140986576e-06,5.75711784283274e-05,4.69043199507782e-05
0.985098996839371,0.0147838547036464,1.58061654558634e-05,5.57713384328567e-05,4.55709530934221e-05
0.992264679312497,0.00760781080409439,2.65255991686672e-05,5.55110270837148e-05,4.54732571563995e-05
0.996368654561001,0.00349207881720391,3.68972686226249e-05,5.62257349495563e-05,4.61436182230335e-05
0.998513619068549,0.00133469882379733,4.65273942967316e-05,5.77224940562527e-05,4.74322193009039e-05
0.999473012188657,0.000361507652516546,5.62776218526695e-05,5.99192150301161e-05,4.92833219430612e-05
0.999819919288445,2.65764170753568e-07,6.55537472961461e-05,6.2677284582251e-05,5.15839155059198e-05
0.999804929689041,8.8238424581191e-08,7.45579192311274e-05,6.60472847329017e-05,5.43768685703934e-05
0.99978703760951,1.26083589757984e-06,8.37780437244027e-05,7.01547942076843e-05,5.77687166600803e-05
0.999767777842945,4.08817168205913e-06,9.24070112585777e-05,7.44326659042863e-05,6.12943082099509e-05
0.999745178714776,8.86555888313235e-06,0.000101243052182744,7.93624024538719e-05,6.53502717045098e-05
0.999721789589779,1.43115475937206e-05,0.000109692967363334,8.45735180683808e-05,6.96323771952407e-05
0.999697583747084,2.00943576433449e-05,0.000118004982175086,9.01258632037015e-05,7.41910498945243e-05
0.999673379729032,2.5460588502995e-05,0.000126146258795108,9.60016606684531e-05,7.90117630008924e-05
0.999649540470981,2.99260096919075e-05,0.000134140233189743,0.000102254650972316,8.41386351646214e-05
0.999627288310529,3.29809194576619e-05,0.000141733985012211,0.00010863184163528,8.93649433655269e-05
0.999608103452638,3.4148668881219e-05,0.000148541020223321,0.00011479378923029,9.44130690273711e-05
0.999593210811408,3.34252059999392e-05,0.000154146177720823,0.000120297363887286,9.89204409840716e-05
0.999583880791074,3.11605048462062e-05,0.000157990691828127,0.000124558998525314,0.000102409013726048
0.999578549080776,2.82204431862088e-05,0.000160423015455448,0.000127771041456826,0.000105036419125393
0.999576360913514,2.47096185965003e-05,0.000161720120325861,0.000130193782180997,0.00010701556538233
0.999576072132816,2.10299697402967e-05,0.000162201846415099,0.000132114541090105,0.000108581509938793
0.999577753680404,1.74076259737002e-05,0.000161797505312291,0.000133408756152836,0.000109632432156885
0.999582646095931,1.3162064195195e-05,0.000160119556436651,0.000133982735415844,0.000110089548021496
0.999586896449218,9.85986296536523e-06,0.000158250062945275,0.000134497250732381,0.000110496374138762
0.999593230797542,6.57551069890841e-06,0.000155188491052613,0.000134514893822899,0.000110490306884131
0.999600950612905,3.91598821885222e-06,0.000151071546464589,0.00013401053505754,0.000110051317354495
0.999609485501934,2.15145821095883e-06,0.000145857985694788,0.000133173302292195,0.00010933175186807
0.999620050481393,8.57114194720273e-08,0.00013954555500204,0.000131994750300955,0.000108323501884307
0.999630458850889,2.59271350153703e-07,0.000131813989092545,0.000130458739728168,0.000107009148940328
0.999151472913925,0.000491484100647229,0.000122911788755244,0.000128663191604305,0.000105468005068472
0.997780230896644,0.00187612609872178,0.000113174161628277,0.000126696217098681,0.000103772625906841
0.995605340169655,0.00406381556582267,0.000103994274133696,0.000124753971383573,0.000102096019005741
0.992447526840869,0.00723567333139819,9.45259717923366e-05,0.000122288762013176,9.99850939276854e-05
0.988856797915803,0.0108390316614837,8.60309062173527e-05,0.000120064649094428,9.80748674017288e-05
0.984160428514254,0.0155485872571954,7.72820882897303e-05,0.000117679700372574,9.60224398882407e-05
0.977936261646944,0.0217873931734589,6.75629997780958e-05,0.000115040616589923,9.37415632295222e-05
0.969884774609178,0.0298546914853196,5.71873566886579e-05,0.000112129671160809,9.12168776525837e-05
0.958294806921029,0.0414621358553383,4.53616167813846e-05,0.000109126268250802,8.85693386009084e-05
0.941216273571507,0.0585607244659842,3.16235438032797e-05,0.000105795461252183,8.55829574536747e-05
0.914284579949754,0.0855104514643458,1.71682071143448e-05,0.000104040537472682,8.37598413132801e-05
0.869508961432808,0.1302957558053,4.53790490747429e-06,0.000105993963231384,8.4750893752246e-05
0.81420644139637,0.185590428065683,4.81417350622435e-07,0.000112937951344612,8.97111692520889e-05
0.747900300491373,0.251875089813529,6.56276249200026e-07,0.000125129493430824,9.88239254181854e-05
0.672389200622319,0.327359996733023,7.60770278746305e-07,0.000140031632455086,0.000110010241924167
0.601450390399339,0.398276344277846,2.92180157493134e-07,0.000153180956302209,0.000119792186355322
0.538556464255163,0.461151883109836,1.08735096946083e-06,0.000163337162737454,0.000127228121294039
0.481621561143423,0.518075141386001,2.87388134772963e-07,0.000170636888909072,0.000132373193532194
0.427922817109333,0.571765602191335,3.13080215471696e-07,0.000175608538054468,0.000135659081061324
0.377666337487505,0.622017971984782,2.8331119714385e-07,0.000178299261248347,0.000137107955267483
0.329338275027338,0.670345907175441,1.74208435105486e-07,0.000178826721596277,0.00013681686718956
0.284338419754598,0.715348984115273,1.99528314714371e-07,0.000177402108397647,0.000134994493416796
0.242614360772276,0.757079664494588,2.13688061801423e-07,0.000174082858770401,0.000131678186304032
0.205521500530125,0.79418142156781,1.0397449495722e-06,0.00016900557378994,0.000127032583325637
0.172933404758202,0.826779602911969,2.37468279963448e-06,0.000162950090203115,0.000121667556826731
0.144739619283399,0.854985569480593,3.3799357895083e-06,0.00015586705320963,0.00011556424700936
0.120979830208653,0.878757780483439,4.64820054619066e-06,0.000148457226294563,0.000109283881067297
0.101041594653546,0.898707833122257,6.47033492816624e-06,0.000141028670773524,0.000103073218495341
0.0837660591415627,0.91599513356642,8.74950378275913e-06,0.000133333761981591,9.67240262527104e-05
0.0689153113030539,0.930858252365624,1.07276630713268e-05,0.000125430346146525,9.02783221041752e-05
0.0562710637099595,0.943514034290657,1.28019129996099e-05,0.000117910614358523,8.41894720253275e-05
0.0454512084487086,0.954345736109798,1.4505909527076e-05,0.000110392611547129,7.81569204198553e-05
0.0352126039305667,0.964596557293176,1.6261149745163e-05,0.000102623671750691,7.19539547614723e-05
0.0267870798507918,0.973035010604265,1.68214699963399e-05,9.50944341823346e-05,6.59936407647863e-05
0.0193294225856947,0.980507005202361,1.63385812701673e-05,8.73359737460181e-05,5.98976569279664e-05
0.0133046121075228,0.986546889663448,1.43539171799612e-05,7.99781244976885e-05,5.41661873518218e-05
0.00816244010203282,0.991705535752742,1.0909364437438e-05,7.26196327067977e-05,4.84951480804765e-05
0.00457046429083715,0.995312782341149,7.001551035312e-06,6.61507915541598e-05,4.36010254245304e-05
0.00179428748120681,0.998102892771994,3.36843283201567e-06,6.02257550752964e-05,3.92255588918182e-05
0.000432491055246505,0.999476372675572,6.69876135688934e-08,5.5283170809632e-05,3.5786110758905e-05
2.71409538644233e-08,0.999915202475281,6.01205873221533e-08,5.13289029528868e-05,3.33813602248402e-05
5.86267114358237e-08,0.999209514017523,0.000709485075197905,4.85993808640796e-05,3.23428997036302e-05
1.84533968781635e-06,0.99692173801299,0.00299694387786515,4.69045655278644e-05,3.2568203929477e-05
4.50704696693728e-06,0.992375960728984,0.00753944255469066,4.5998954446506e-05,3.40907149122364e-05
6.42518559218454e-06,0.98543473578352,0.0144765959626821,4.5507791285374e-05,3.67352769205603e-05
7.50746891721439e-06,0.976600623188383,0.0233061191818551,4.53743952677144e-05,4.03757655768237e-05
6.57848424360546e-06,0.964789020397332,0.0351153575678315,4.44067099202699e-05,4.46368406730642e-05
5.8846051817368e-06,0.951421591036343,0.0484794124965492,4.34744753146343e-05,4.96373866112849e-05
4.7082605094665e-06,0.934562395490734,0.0653356533691082,4.16651369602889e-05,5.55777426880493e-05
3.52443607637381e-06,0.915515568981005,0.0843803401789197,3.87878477662973e-05,6.17785562330437e-05
2.14636072107225e-06,0.893201169682842,0.106693489654056,3.46570814577776e-05,6.85372209228641e-05
1.50772210576562e-06,0.868571992616217,0.131321344219331,2.95805612578397e-05,7.55748810881925e-05
7.11961471836537e-07,0.840542700573322,0.159350476007837,2.32135131178767e-05,8.28979442507227e-05
1.36308306923477e-07,0.809704930811907,0.190188921516801,1.58900722999498e-05,9.01212906853119e-05
1.13526579983914e-07,0.777405126239347,0.222489472872678,8.59099038727313e-06,9.66963710081645e-05
8.54568648464469e-08,0.742981255360551,0.256913330000883,2.65498151366414e-06,0.00010267420018732
9.16880915827734e-08,0.70567352274704,0.294217851196949,3.16030367207035e-07,0.000108218337553184
1.16891513225545e-07,0.666301595273904,0.333557828715864,2.77599064487874e-05,0.00011269921227007
9.82381049708673e-08,0.624233887708922,0.375450758529196,0.000199183754472557,0.000116071769304299
1.66490572032699e-07,0.579524190290574,0.419713249422445,0.000644239529165666,0.000118154267243099
1.61820345844117e-07,0.532490298827253,0.465740113975883,0.00165088406082979,0.000118541315688095
1.26626114869828e-07,0.482122957416465,0.514340968774988,0.00341878951326396,0.000117157669168453
2.34013593559393e-07,0.428319872760141,0.564984897790251,0.00658148105076702,0.000113514385246637
1.49275243660212e-07,0.369387237827567,0.618395132828077,0.0121104158412305,0.000107064227882383
1.62653188845814e-07,0.30489744205086,0.673020211866603,0.0219849903339831,9.71930953647487e-05
2.35332598225006e-07,0.236197886712273,0.724629430880444,0.039088775633981,8.36714407036819e-05
1.52103681095791e-06,0.169977669232481,0.763820812365933,0.0661320983206537,6.78990441211374e-05
8.78866339202119e-06,0.111051545319566,0.778030871073411,0.110857004587518,5.1790356112524e-05
2.05482170485262e-05,0.0692139878901474,0.759660414444596,0.171065988856911,3.90605912972156e-05
3.31886428122357e-05,0.040350593379475,0.715018263989832,0.244568703544591,2.92504432899338e-05
4.32564468580671e-05,0.0243859013689617,0.658328070597856,0.317220120827925,2.26507583985965e-05
5.09417033069703e-05,0.0137795211478555,0.595142875252035,0.391009166685832,1.74952109704443e-05
5.55771209816585e-05,0.00795496137362978,0.53141873479417,0.460556993863298,1.37328479199155e-05
5.79841237925561e-05,0.0040847286965722,0.466930431675498,0.528916183539181,1.06719649566029e-05
5.78873257088679e-05,0.00197415781785186,0.40372363358272,0.594235586572042,8.73470167707092e-06
5.58205472098188e-05,0.000841842689993028,0.342561660913209,0.656533518497625,7.1573519629455e-06
5.21271806001743e-05,0.000248740081014841,0.283907581021781,0.715785776640258,5.77507634577965e-06
4.70304331573234e-05,3.05055827170659e-05,0.229056642360853,0.770860639813144,5.18181012792172e-06
4.09302603345384e-05,4.37079757506959e-07,0.178325019890184,0.821628955328645,4.65744107842943e-06
3.44856273462836e-05,1.83778612949686e-06,0.132591768307454,0.867368035484259,3.87279481135092e-06
2.8308691321375e-05,6.73287072273318e-06,0.0935482730766822,0.906413626683178,3.0586780960194e-06
2.31437914439722e-05,1.15983330714731e-05,0.0620537813485561,0.937909641480653,1.83504627579586e-06
1.9180724661211e-05,1.5744238153048e-05,0.0378925964019352,0.962072169211936,3.09423315162172e-07
1.67645265854622e-05,1.93756284443445e-05,0.020989489371209,0.978974362188585,8.28517604351178e-09
1.59498163854184e-05,2.31023945991538e-05,0.0101209156961187,0.989785265843422,5.47662494748814e-05
1.64720837098272e-05,2.70488352903814e-05,0.00400686968692129,0.99456900124339,0.00138060815068898
1.81047279476273e-05,3.15134846236695e-05,0.00119431867201508,0.993567949320804,0.00518811379460914
2.06281096928006e-05,3.65750603371482e-05,1.76177029502748e-07,0.988914848749536,0.0110277719034046
2.43856235154643e-05,4.28109144029659e-05,2.97780500867474e-08,0.978613535391983,0.0213192382920489
2.89129210884139e-05,4.96959342782428e-05,3.41651587457504e-06,0.964209325455748,0.0357086491730105
3.46050605194513e-05,5.78971450658327e-05,8.12868350544871e-06,0.944328423270544,0.0555709458403651
4.10853251488118e-05,6.69163162748807e-05,1.20505117026162e-05,0.91897702388352,0.0809029239633539
4.83789936538687e-05,7.68105774196797e-05,1.50687965933631e-05,0.887053036543265,0.112806705089068
5.62089421438769e-05,8.71925042262834e-05,1.71260012284007e-05,0.847115771779982,0.152723700772419
6.36790391484791e-05,9.68741348262125e-05,1.914096532137e-05,0.801468704362487,0.198351601498217
7.05081343928773e-05,0.000105513520737341,2.17922181784072e-05,0.750621098906037,0.249181087220655
7.61383867124274e-05,0.000112404427540058,2.48428688982034e-05,0.696709508926885,0.303077105389964
8.03969212171574e-05,0.000117348280677851,2.80907914158866e-05,0.640423996438648,0.359350167568041
8.29958343325321e-05,0.000120015351196014,3.08734781391534e-05,0.58411718756432,0.415648927772012
8.41368380787844e-05,0.000120695165148313,3.37336815105431e-05,0.527738464261955,0.472022970053307
8.39099434543797e-05,0.000119526599747848,3.67527642700957e-05,0.472068397068198,0.52769141362433
8.23281273256302e-05,0.000116526638686767,3.98233770823867e-05,0.416625722393493,0.583135599463413
7.93908244033644e-05,0.000111714318807177,4.27743724058753e-05,0.362237385594937,0.637528734889447
7.57190371362039e-05,0.000105948994984336,4.60782571732129e-05,0.310162429164603,0.689609824546104
7.12950764501888e-05,9.92254152282222e-05,4.92532156693705e-05,0.261281100451238,0.738499125841414
6.61376493915524e-05,9.15655892327715e-05,5.17974076273973e-05,0.215084267777251,0.784706231576497
6.07445492132777e-05,8.36668083748007e-05,5.36354395015802e-05,0.173427977148853,0.826373976054057
5.49970637579737e-05,7.53608684196704e-05,5.46293710582213e-05,0.135515596680484,0.86429941601628
4.99516525084161e-05,6.80714641511631e-05,5.57227419341106e-05,0.102479347147589,0.897346906993817
4.52324558555861e-05,6.13015006700009e-05,5.62353285548083e-05,0.0744341340126726,0.925403096702247
4.13287263433733e-05,5.57066182693419e-05,5.66558987224779e-05,0.0517845044632644,0.9480618042934
3.81405432137351e-05,5.113159317092e-05,5.71920671885975e-05,0.033390678190784,0.966462857605643
3.59909473321837e-05,4.80178648737791e-05,5.8073053006393e-05,0.0199601867603641,0.979897731374424
3.47763877737292e-05,4.62081632471984e-05,5.9463591704442e-05,0.0105300733445705,0.989329478512704
3.43184485486622e-05,4.54632702315214e-05,6.10793924593961e-05,0.0047503305885174,0.995108808300243
3.45135688492886e-05,4.56264584376101e-05,6.30745747588035e-05,0.00162531068180108,0.998231474716153
3.52928540707336e-05,4.65974243312422e-05,6.54754803194589e-05,0.000218829907793879,0.999633804333485
3.65709016435493e-05,4.82575987109524e-05,6.82239775204791e-05,3.00238275959132e-08,0.999846917498297
3.83732678113579e-05,5.06282476589371e-05,7.15763153046381e-05,1.29921657968513e-07,0.999839292247567
4.02717036836212e-05,5.3142238187234e-05,7.47894738778444e-05,3.76115431203471e-06,0.999828035429939
4.25390479412127e-05,5.61576666187542e-05,7.83706835432675e-05,8.86235942556344e-06,0.999814070242471
4.4683816590284e-05,5.90179434962107e-05,8.15809637493233e-05,1.3066870325961e-05,0.999801650405838
8.18827572037257e-05,0.000118938900767396,2.9524561228888e-05,0.612430560106808,0.387339093673992
0.999599599144764,3.41421758096958e-05,0.000151650903989339,0.00011776285453105,9.6844920906222e-05
0.158353034209234,0.841365766977986,2.98369803583958e-06,0.000159520389322044,0.000118694725422422
0.999617122178563,3.38284455729327e-05,0.000145297913319157,0.000111794956764999,9.19565057801094e-05
0.188763824077362,0.810943903528905,1.6810682989788e-06,0.000166127444118973,0.000124463881314883
8.85970690125711e-07,0.99831520483384,0.00160390434928968,4.76791332409565e-05,3.23257129388616e-05
2.89722255392077e-05,0.0072038227856754,0.992691006952513,7.00865839539881e-06,6.91893778764671e-05
3.39922924433797e-05,0.00302790645195162,0.996873022339355,9.26889564419758e-07,6.41520266857034e-05
0.223675171742801,0.776023069642378,4.00127586544471e-07,0.00017180325117167,0.000129555236062577
0.849040903588086,0.149958894908249,0.000832456206163971,9.29166882702565e-05,7.48286092299357e-05
0.949003161773562,0.0508756802324249,4.58464987931507e-06,6.43852582911025e-05,5.21880858430388e-05
1,0,0,0,0
0,1,0,0,0
0,0,1,0,0
0,0,0,1,0
0,0,0,0,1
8.05439700007789e-05,0.000117332623592763,2.65461397327285e-05,0.627081537670068,0.372694039596606
3.40671399003108e-05,0.0025150292089225,0.997389275410409,3.54222284325198e-08,6.15928185391735e-05
0.10527782066956,0.705850568426807,0.188712717281837,5.79728499747699e-05,0.000100920771821363
2.49740955807024e-08,0.99884433724482,0.00107792894173598,4.65964927376593e-05,3.11123466112206e-05
0.165650152289751,0.834070115671098,2.55139586208132e-07,0.000160116842031745,0.000119360057533318
0.839146661213749,0.159714660066788,0.000967855894984809,9.46444057974557e-05,7.61784186801584e-05
0.944143081197531,0.0557331623350078,7.6075020470939e-06,6.41807753599137e-05,5.19681900541457e-05
0.999610504059631,3.20630195193787e-05,0.000148278327956391,0.000114765086099275,9.43895067933191e-05
8.22563251553047e-05,0.000119222177855829,2.93363186646051e-05,0.59804393648252,0.401725248695805
2.61765481501244e-05,0.00932264409370091,0.990575012962488,6.66452009867255e-06,6.95018755626492e-05
3.22112350881817e-05,0.00406215794113512,0.995838738277957,1.99253186615489e-06,6.49000139532696e-05
0.187630379961409,0.707543289340372,0.104635638876986,8.95751315322179e-05,0.000101116689701415
4.54364291688366e-07,0.997590218060894,0.00233074269858269,4.66265403720577e-05,3.19583358596533e-05
0.151144366703454,0.848579896573287,1.85551410664588e-06,0.000157158857906173,0.000116722351246204
0.180302221819796,0.819410544937177,5.05863749089625e-07,0.000164040540008057,0.000122686839269566
0.860412286161529,0.138791875123719,0.000634340191612461,8.94594776852919e-05,7.20390454536829e-05
0.954869991202659,0.0450165616792279,9.49110823820575e-07,6.21112934533464e-05,5.03867138355164e-05
0.999614245204271,3.33615198047543e-05,0.000146519934108102,0.000112961270393167,9.29120714233034e-05
0.999598705306658,3.2913514600102e-05,0.000152313699631098,0.000118565433569941,9.7502045540991e-05
0.197163719304526,0.802543062869708,2.32512268015257e-07,0.000167371601794295,0.000125613711703416
0.999623824522828,3.29401833420524e-05,0.000143065567057141,0.00010982613344174,9.03435933314669e-05
0.233060882204985,0.766636718019404,9.00395566870144e-07,0.000171737563187229,0.000129761816857165
0.192392022568937,0.807320311359422,5.27398096472722e-07,0.000164065137010707,0.000123073536534693
0.99963973159103,3.11184470736871e-05,0.000137578569277793,0.00010510026518534,8.64711274329579e-05
0.999633444266133,2.93102640685377e-05,0.000140629344593933,0.00010787254714623,8.87435780581508e-05
4.40955219095349e-05,5.82359630756843e-05,8.0553877690178e-05,1.18543026002191e-05,0.999805260334724
0.780737044849945,0.219033399938621,2.1941990162911e-05,0.000115872290913768,9.17409303573893e-05
8.16327949109276e-05,0.000118005770017635,2.49805085876787e-05,0.575397508477486,0.424377872448998
8.35509400601536e-05,0.000120333858942996,3.16366488692762e-05,0.555950690504198,0.443813788047929
2.88579527688814e-05,0.0057523759976014,0.994154677193074,1.80819402855699e-07,6.39080371525252e-05
7.47811204002202e-08,0.995579594782096,0.00434948038683345,4.16368096057016e-05,2.92132403444812e-05
2.76663791806037e-06,0.994857609887886,0.00506074857819492,4.59756242229516e-05,3.28992717780976e-05
0.139410680241197,0.860327173035638,1.21234805912022e-07,0.000150563221502542,0.000111462266856439
0.132441346213963,0.86729139801926,3.24364404844143e-06,0.000151837945828563,0.000112174176900837
0.878324970749249,0.121157776298842,0.000370336351628093,8.14056486913784e-05,6.55109515893053e-05
0.889930379453783,0.109638804736445,0.000284247501892842,8.11538902114925e-05,6.54144176677569e-05
0.964397772643995,0.0355007709564496,8.58544018598452e-07,5.55111068275681e-05,4.50867487098714e-05
0.968029037361899,0.0318616390943657,2.72704256245454e-06,5.87843660192788e-05,4.78121351533502e-05
0.999610072092348,2.64142375032561e-05,0.000149916564752456,0.000117208605119625,9.63885002761358e-05
0.999589650855066,3.18827377858721e-05,0.000155797991868244,0.000122194787062472,0.000100473628217463
4.17315882374834e-05,0.0230002346283119,0.693967609189491,0.282969256703595,2.11678903645627e-05
1.42558156746714e-05,0.0701052931964307,0.803137847471953,0.126703777858433,3.88256575080765e-05
1.65554801920803e-07,0.202455427897113,0.761118340323213,0.0363487127285372,7.73534963344678e-05
0.069616607338042,0.657998189185034,0.272235362450152,4.07164665000038e-05,0.000109124560271276
0.999666016381593,2.64423516840904e-05,0.000128879823994966,9.80054075912216e-05,8.06560351368521e-05
0.692507582074732,0.307156703251286,9.48750925836468e-05,0.000134758858604086,0.000106080722794406
0.871706132826905,0.128114654566475,6.65660252864962e-07,9.92582185159193e-05,7.92887278514688e-05
8.36470894185185e-05,0.000119598371814459,3.31413537087392e-05,0.499771422188148,0.499992190996911
4.69664898772781e-06,0.989096579695753,0.010820114496185,4.43334447176593e-05,3.42757143562972e-05
0.110481667092427,0.889265953229092,3.51431878923953e-06,0.000143578741869826,0.000105286617822058
0.91931093879757,0.080481588668206,7.7460776003746e-05,7.19288006737642e-05,5.80829575467147e-05
0.981130907274084,0.0187589277877402,1.03831453749606e-05,5.49456350151076e-05,4.48361577859645e-05
0.999585546574552,2.81473045150539e-05,0.000158070717124044,0.000125256917999018,0.000102978485810144
2.86748686327974e-05,0.043644106347089,0.751322292376376,0.204974761173976,3.01652339258626e-05
1.26750074665692e-06,0.126968417106074,0.802176848972439,0.070796842914049,5.66235066905897e-05
2.15508276711626e-06,0.277537428419347,0.699843278265325,0.0225238484715033,9.32897610572056e-05
6.68973815625448e-05,9.29695674484752e-05,4.58024192075057e-05,0.238002360277085,0.761791970354696
4.50287292208808e-05,6.12674481537779e-05,5.15974829242993e-05,0.0873721908586316,0.912469915481069
3.47635385809923e-05,4.5841985652613e-05,6.54827591078392e-05,1.62237516402043e-08,0.999853895492907
3.23537207572197e-05,4.30687608054312e-05,5.41183531803027e-05,0.0140835660531782,0.985786893112079
3.5608044590351e-05,5.91001534200633e-05,6.33770980287922e-06,0.929645727870386,0.0702532262218011
1.47342760816922e-05,2.57054806852099e-05,0.00221194827273944,0.994113150445909,0.0036344615245853
1.80964853575694e-05,1.09959968904017e-05,0.045701029241136,0.954269814863743,6.34128727444446e-08
4.92544365440478e-05,2.83601335191636e-05,0.136092351918831,0.807807992634623,0.0560220408764828
5.78297752371373e-05,0.000990746374885829,0.371784964450304,0.62716277253133,3.68686824315074e-06
3.69904048477727e-05,5.05960165464036e-05,1.19014774834224e-05,0.0993472920763322,0.90055322002479
5.4829024470417e-05,7.66210491079873e-05,0.000114333157465505,0.303977632028879,0.695776584740077
3.56415779157217e-05,4.72512595786112e-05,5.66020209449798e-05,0.00334297385468602,0.996517531286875
7.33241356644239e-05,4.11038677790142e-06,0.817744142129888,0.182163266027974,1.5157319695282e-05
5.56633058935934e-05,9.1779639228758e-06,0.959727276588449,0.0401705313700043,3.73507717307689e-05
1.78936918099894e-06,0.825510406975851,0.174384479180287,1.82476266873294e-05,8.50768479946205e-05
1.24647963230794e-06,0.943575633915204,0.0563338075827936,3.93865233370388e-05,4.99254990332669e-05
0.00384264753754447,0.996059724307876,3.76538930531151e-07,5.89958610717051e-05,3.82557545774708e-05
0.0417113643147498,0.958101385944567,1.01729891400688e-05,0.000103948735013544,7.31280165295399e-05
0.000297564369163126,0.146047892442255,0.85352851682426,1.59741989218411e-05,0.000110052165400554
0.998797346670054,0.00105310846522009,4.86204332602155e-05,5.53830947137911e-05,4.55413367516364e-05
0.999629388722942,6.68355328064878e-08,0.000137611663597017,0.000127926146359061,0.000105006631569502
3.84802253657053e-05,0.000281027106540909,0.999116277346982,0.000512209967518357,5.20053535927055e-05
1.04744155091042e-05,0.0308803362897947,0.969011002258424,1.80234703078064e-05,8.01635659648088e-05
0.292315643984595,0.650948567357795,0.0565075856480971,0.000118549027051608,0.000109653982461569
4.61647202037565e-05,6.10432547681674e-05,8.16422156983221e-05,4.22069000356891e-06,0.999806929119326
4.63275052303937e-05,6.12233619241772e-05,8.35092193227417e-05,1.35032018082165e-05,0.999795436711714
0.999595389228001,1.0842624621599e-05,0.000156717304293066,0.000130120981623482,0.000106929861460799
7.97999541437897e-05,6.4016081531764e-07,0.602174192666437,0.397692868153352,5.24990652523091e-05
5.5732237785357e-05,0.00801279933616227,0.563069249010712,0.428850906628814,1.13127865262475e-05
0.00527576155121951,0.313005640576424,0.681580929857617,9.52694824574015e-06,0.000128141066493826
0.0514575193712854,0.604772453550153,0.343622174748885,3.09352358423483e-05,0.000116917093834408
0.000202955123455082,0.604489062219103,0.39492387875012,0.000267325203178277,0.000116778704144206
0.999723584072503,1.37895780166778e-05,0.000109855260623703,8.3781473946314e-05,6.8989614910237e-05
0.628494930583279,0.371159759406929,8.16949505885149e-05,0.000147780648182579,0.000115834411020773
0.909213410311098,0.0905936127861752,1.21656820523956e-05,0.000100232364608132,8.05788560660652e-05
7.93489262051062e-05,0.000112088845507343,3.53038518136034e-05,0.389610415861641,0.610162842514833
0.0770011609034191,0.922776928972342,4.50177268824231e-06,0.000126256928327768,9.11514232233278e-05
0.934646956938325,0.0652234879616123,2.29676196088516e-05,5.89875535480698e-05,4.75999269055332e-05
8.72186747840128e-06,0.342528518168878,0.643533539060819,0.0138252907591681,0.000103930143656791
6.258278744209e-05,8.6465931817171e-05,5.06969397143973e-05,0.19368620829819,0.806114046042836
7.2849087067945e-05,0.000101700828519435,4.56869137872905e-05,0.285156693721543,0.714623069449083
4.19807777185073e-05,5.67684514249952e-05,5.43555958551416e-05,0.0624339810880549,0.937412914086946
5.13693855002576e-05,7.02235403474994e-05,5.34600576841762e-05,0.11747607802136,0.882348868995108
3.49561433516871e-05,4.6125465500325e-05,6.53519750362475e-05,2.97486960025948e-08,0.999853536667416
3.81879928793948e-05,5.03739315360229e-05,7.13882818344755e-05,1.35646524149322e-07,0.999839914147226
3.19387600556535e-05,4.22430439240787e-05,5.82095492556623e-05,0.00277781793538722,0.997089790711377
3.56326477253087e-05,4.76563844647579e-05,5.55129534685963e-05,0.0257506789117206,0.974110519102621
3.08319512210702e-05,5.24623214918103e-05,4.23927145041181e-06,0.953941432265348,0.045971034190489
1.50510869766665e-05,2.36391496026686e-05,0.00641999022304039,0.992836548711334,0.000704770829046658
2.06039509809856e-05,3.69455163930249e-05,1.19544203319048e-08,0.982990046797619,0.016952391780587
1.65325950515397e-05,1.6221022342247e-05,0.0275310108464326,0.972436229148043,6.3881307023604e-09
2.44654860591058e-05,8.31133131761736e-06,0.0751822625273125,0.924783954795832,1.00585947882226e-06
4.84290240095954e-05,4.14503073052815e-05,0.0889750296021142,0.809394254220906,0.101540836845665
6.10987549983411e-05,1.12696299504664e-05,0.262338503991142,0.720004794220532,0.0175843334033766
4.36142970853155e-05,2.28328798511971e-07,0.201675052234957,0.798281080378603,2.47605557529747e-08
5.4375548289235e-05,0.000390329032482076,0.312143143949514,0.687407755920163,4.39554955147109e-06
5.86779549364755e-05,0.00258134493082779,0.434871503712506,0.562480853631914,7.61976981631667e-06
3.61800932465896e-05,4.91329659059541e-05,2.02128320763519e-05,0.0725902950909432,0.927304179017828
4.50781655436116e-05,6.24232057207382e-05,2.84190461744067e-07,0.182456285953578,0.817435928484696
4.19685857212481e-05,5.77502152567667e-05,4.38365685094237e-06,0.140083729931607,0.859812167610565
6.14427600151317e-05,8.55983581376627e-05,0.00466929909456989,0.55412556397674,0.441058095810538
5.8948987904978e-05,8.24526663088482e-05,0.000766108308918812,0.382198418249515,0.616894071787352
3.26339229680408e-05,4.35304011280461e-05,4.24452949943688e-05,0.0163745237051017,0.983506866675808
6.49431329407208e-05,7.13538624964941e-06,0.901089282985147,0.0988099551868858,2.86833087773351e-05
7.21567236880707e-05,7.39721998417917e-06,0.848466332013795,0.15143287981292,2.12342296128613e-05
7.71061790817044e-05,5.69428850969029e-06,0.780615056129778,0.219292646818815,9.49658381619809e-06
4.74153759234281e-05,1.67912227818692e-07,0.9891083193244,0.0108007411929206,4.33561945283061e-05
5.48233644639295e-05,9.44740441283774e-06,0.971978338971743,0.0279161398786592,4.12503807216367e-05
6.03154754819311e-05,1.18348060061605e-05,0.943308647583725,0.0565827731453262,3.64289894608175e-05
4.62809972838795e-08,0.855309285077362,0.144586343003877,2.58623437798256e-05,7.84632939843619e-05
0.000104583677267866,0.726566923018334,0.273223978115886,2.3197227070521e-07,0.000104283216241821
7.31501130675206e-08,0.793746731331953,0.206148611659494,1.16298757698909e-05,9.29539826705375e-05
4.65426462337281e-06,0.958752790137461,0.0411541488729813,4.2580649441739e-05,4.58260754928352e-05
6.11632220783222e-08,0.90538924068309,0.0945131753584513,3.45675673998983e-05,6.29552278371088e-05
0.0011152627102323,0.998792736545962,6.19680868993517e-08,5.58796767806163e-05,3.6059098938024e-05
0.00639175417380125,0.993488894049001,6.81032810340655e-06,6.77555826502013e-05,4.47858664444982e-05
0.0240230792819934,0.975814609826098,1.26703075544388e-05,8.86511614487408e-05,6.09894229055752e-05
0.0510183596554266,0.948776225620657,1.17303836070224e-05,0.000113222912108282,8.04614282014032e-05
0.000105120910774085,0.122225714859753,0.877541231264697,2.08019918676101e-05,0.000107130972908354
0.00122844507180999,0.203470265430719,0.795170192471974,1.25425278774483e-05,0.000118554497619117
0.000669161964978687,0.173954336625103,0.825243676540718,1.70204527124964e-05,0.000115804416487367
0.997478142195809,0.00238031025547029,4.05870698208887e-05,5.54333889039513e-05,4.55270899954379e-05
0.999805898591797,4.76473974114031e-08,7.59117672193048e-05,6.4784874610215e-05,5.33571189762706e-05
0.999706923156856,0.000124001873651235,5.97932231436696e-05,5.99507085325083e-05,4.93310378167656e-05
0.993088113463829,0.00659956473094127,9.51118382998782e-05,0.000119485605747248,9.77243611824711e-05
0.999612370142378,2.9411065821758e-07,0.000146804207224647,0.000132079877924062,0.000108451661815342
4.37227679959347e-05,3.28225696518769e-08,0.998006439579646,0.00189902696951474,5.07778602734978e-05
3.1102721718804e-05,0.00259920324011088,0.997314632808464,3.39927572275338e-08,5.50272369490369e-05
7.04899596175013e-06,0.0400638198737544,0.959819748142431,2.32913613910408e-05,8.60916264618502e-05
1.69868093736605e-05,0.0211675500001846,0.97872069436833,1.69734057494846e-05,7.77954163617522e-05
1.71786691570773e-05,0.016896398843506,0.98301299295166,6.03139136992545e-06,6.73981443071097e-05
4.84006926156209e-05,6.40112631488503e-05,8.56953002758469e-05,9.51311869814285e-06,0.999792379625261
4.67013719157944e-05,6.17737428553267e-05,8.18019784003262e-05,2.48484248918719e-07,0.99980947442258
4.8220446860395e-05,6.37535991159584e-05,8.61874853098289e-05,1.48134479544899e-05,0.999787025020759
0.999582012760421,1.75851512216583e-05,0.000160642467597719,0.000131602623024137,0.000108156997735853
0.999601357449695,4.69576049420192e-06,0.000153761154796432,0.000131860869351585,0.000108324765663124
7.91454991580793e-05,3.86546389506668e-07,0.698887877763666,0.301032467296037,1.22894749622308e-07
7.96068129304135e-05,2.72258537884329e-06,0.540845762522503,0.45853533887567,0.000536569203517738
4.90980747115968e-05,0.0155223248307079,0.627622753441821,0.356788239884197,1.75837685630222e-05
0.0163773014175729,0.449305296265674,0.5341775773417,1.05590662664231e-05,0.000129265908786725
0.00836096662867406,0.357601209719435,0.633895190649068,1.20842429266385e-05,0.000130548759896737
0.00359807689549503,0.275013258015602,0.72124884674358,1.3066211122567e-05,0.000126752134200783
0.0363732204165649,0.552376858079332,0.411103959873286,2.30650410294681e-05,0.000122896589787761
0.0345814204141241,0.625105700280553,0.340181690022346,1.80043117899022e-05,0.000113184971186588
0.000193884501942539,0.511878655793611,0.485932125870175,0.00187705623249612,0.000118277601774703
6.90474029392507e-05,0.557855678489575,0.441028392342064,0.000928388736246986,0.00011849302917502
5.08220808375195e-05,0.64603935282778,0.353728928392839,6.66458220080469e-05,0.000114250876535213
0.999739228667091,9.84452191161213e-06,0.000103997614182426,8.0576700381329e-05,6.63524964340645e-05
0.501450000017342,0.497809242429262,0.000445151701904576,0.00016619789333151,0.000129407958160125
0.956690056670138,0.0430809496426727,4.09883136231908e-05,0.000103804521803941,8.42008517625098e-05
2.3651439647968e-05,0.401924622547046,0.589673090020418,0.00826750424154961,0.000111131751338907
3.33530604644227e-05,4.42390669866532e-05,5.84896212465495e-05,0.00710627584728308,0.992757642404019
3.16082950624196e-05,4.25693858745613e-05,4.4189481608859e-05,0.0387160672624596,0.961165565574995
1.83955190834381e-05,3.2758436032995e-05,0.000341801756177131,0.991694723041778,0.0079123212469283
1.09916087849276e-05,1.47096385248806e-05,0.0120193675317378,0.987722333899324,0.000232597321628618
3.08853966834827e-05,3.87310809698774e-06,0.111572240453138,0.888390761651482,2.23939059919894e-06
5.00874382415437e-05,5.49311057568269e-05,0.0529042152040257,0.784032177335128,0.162958588916849
5.60169278677609e-05,2.08890902786948e-05,0.198456892433534,0.766103786048657,0.035362415499662
7.25839927271614e-05,2.0950850125996e-06,0.408171764727088,0.587870027518155,0.00388352867701707
6.79540605602103e-05,7.49861393719337e-06,0.333554647815797,0.656265768675023,0.0101041308346823
4.97162687596857e-05,8.56401946795922e-05,0.255561599275661,0.744299256652049,3.78760885114533e-06
5.77096642929193e-05,0.00518017001494343,0.498634827320578,0.496116680165495,1.06128346910728e-05
5.07223636348923e-05,7.05519538627756e-05,9.9923522876345e-07,0.241694869035513,0.758182857411761
6.11385482187126e-05,8.5360194494302e-05,0.00234826937637418,0.464529007828155,0.532976224052758
3.56686306926588e-05,4.74165449727985e-05,5.19628007443984e-05,0.0084502866217039,0.991414665401886
3.37569997090127e-05,4.52588339846551e-05,3.63742739738077e-05,0.0299369370120381,0.969947672880294
4.96489504513773e-05,4.50686738057829e-06,0.976990453259695,0.0229169611613505,3.84297611224397e-05
5.70321425962697e-05,5.44635909887371e-06,0.934730213708029,0.0651765646549733,3.07431353020558e-05
0.000232441524952914,0.779111567674446,0.220554266955976,7.75587621478844e-06,9.39679684107127e-05
2.32464749492248e-06,0.925516560253565,0.0743843280010368,3.91536407513201e-05,5.76334571514627e-05
0.0313002017094145,0.968519296492641,1.46176257831532e-05,9.77569033294842e-05,6.81272688317236e-05
0.0167365108982385,0.983110783167421,1.38014705064705e-05,8.26485302048069e-05,5.62559336290623e-05
0.0582640829783324,0.941536438931008,5.1384487629713e-06,0.000113470942042399,8.08686998542639e-05
3.36177765241896e-07,0.0818109296219998,0.918070503414998,2.1409024395011e-05,9.68217608420358e-05
0.999783119469473,7.42494331282616e-07,8.67454516913455e-05,7.09561066189033e-05,5.84364778851199e-05
0.999780860953989,5.43455394243865e-05,6.05906264439841e-05,5.7148115676026e-05,4.70547644664334e-05
0.981334835497936,0.0183871285816902,7.15276555880682e-05,0.000113748576379034,9.27596884062272e-05
0.990623217075792,0.00906911290008307,8.94674810941597e-05,0.00012007383975513,9.81287032752024e-05
3.97742340689954e-05,5.25918667304423e-05,6.90770243902795e-05,4.30456047091012e-08,0.999838513829206
4.56388529316515e-05,6.03211500615541e-05,8.17469980691244e-05,8.88873400178943e-06,0.999803404264936
0.999610762454412,1.49049228974768e-05,0.000151766390940799,0.000122147988287623,0.000100418243462163
0.999589394764819,9.8768003000315e-06,0.000158044398953415,0.000133223821320886,0.000109460214606938
8.10351404184479e-05,2.78453013349222e-06,0.649948133637006,0.349967993134002,5.35584403624957e-08
7.72534687318287e-05,3.06250296165537e-06,0.474949491525472,0.523089128766499,0.0018810637363355
0.0123432767079191,0.403493539729509,0.584019133456285,1.30724829179579e-05,0.000130977623368259
0.00223469137513753,0.238592524225513,0.759034162688795,1.47348250073641e-05,0.000123886885546333
0.025438358047318,0.50101660519947,0.473400191680336,1.76619597167195e-05,0.000127183113159201
0.0327276628360859,0.57259594289475,0.394538520841042,1.76497919742321e-05,0.000120223636148156
1.91097743257139e-05,0.6869395359306,0.312930673305742,3.65043279716478e-07,0.000110315946051916
0.96572635524914,0.0340236725867149,5.16474537308208e-05,0.00010940437977754,8.89203306367551e-05
4.0233733460142e-05,0.457792819778021,0.537644568890611,0.00440645951168794,0.000115918086219429
0.000377782440547965,0.394881535000918,0.599153112271985,0.00547541485759326,0.000112155428955421
3.74177903503885e-05,2.5233147747154e-07,0.153871324984088,0.846088281018713,2.72387537120307e-06
2.69671401017752e-05,3.39346857658607e-06,0.100746410767348,0.899223221878786,6.74518679541617e-09
5.11523961326522e-05,7.96462478228936e-05,0.268587207359012,0.731281975804101,1.81929322528106e-08
6.00472816328491e-05,0.00317030786882464,0.48243509691049,0.514329857907883,4.69003117002944e-06
6.14673842628608e-05,8.66117019200329e-05,0.000633347192882956,0.430709442319395,0.568509131401539
0.0137998642251506,0.986076034009525,6.43626709578683e-06,7.06065134823301e-05,4.70589847461509e-05
4.33972785385047e-07,0.0661853572914539,0.933694871494307,2.49104203728437e-05,9.442682108072e-05
0.99978475344798,3.81554749358808e-07,8.84854044017993e-05,6.92898351709152e-05,5.70897576976685e-05
7.59159401856669e-05,2.00312239947278e-07,0.50521267587673,0.494099735057772,0.000611472813073022
0.00988515325477135,0.387987709396786,0.601990710535509,6.87471503883536e-06,0.000129552097895218
0.00230095403310814,0.244644585026451,0.752922769323254,9.24681100638949e-06,0.00012244480618065
0.0263194260985704,0.522857741494695,0.45068301549644,1.47788342127341e-05,0.000125038076082045
0.00025474371523889,0.678500556287993,0.321134071253174,2.51062189689416e-07,0.00011037768140513
0.000226756323040471,0.439005532612755,0.556288044469471,0.00436442325180518,0.000115243342927599
3.30772957156191e-05,8.04529926013454e-07,0.129767308484923,0.87019878312866,2.65607751068033e-08
7.96386290914101e-07,0.0535009585993913,0.946395576389455,1.72670792928867e-05,8.54015455696482e-05
0.0161471006707588,0.511064468195746,0.472663479176618,1.09027909583936e-06,0.000123861677781005
3.82831787205253e-05,2.46597548053992e-07,0.165387276348591,0.834574186031092,7.84404795997876e-09
7.11655766815964e-05,0.000105900176552372,1.52787432685339e-05,0.723184285218789,0.276623370284708
0.751991254870649,0.24477064421447,0.00303228732981902,0.000113999625010251,9.18139600508618e-05
0.302155059513727,0.69720739586161,0.000329895307761951,0.000174364903671871,0.000133284413229073
3.54770510583568e-05,0.018860318393501,0.792335310085248,0.188750183704059,1.87107661335105e-05
5.04261354261157e-05,7.92722705900809e-05,9.98032683419632e-06,0.865400109695503,0.134460211571646
4.39661878132649e-05,7.07591595146415e-05,1.13983568393657e-05,0.902403786559406,0.0974700897364266
3.98960067810773e-05,5.28309881080271e-05,6.61840888553686e-05,0.00060426509156349,0.999236823824692
0.000447902817903676,0.999235374707138,0.000253239899843143,3.90443250598856e-05,2.44382500555809e-05
0.999163207416517,0.000486261149623337,0.0001226977731489,0.000125185769344798,0.000102647891365829
0.99962958245264,1.60871811617281e-07,0.000134101718871218,0.000129722327312272,0.000106432629364418
0.478921778929232,0.499482038167849,0.021339343678899,0.000140060147693005,0.000116779076327563
0.38416727633488,0.576037391079102,0.0395494105684268,0.00013108194748188,0.000114840070108743
5.23410789573995e-05,7.22114588368301e-05,4.14108973183707e-05,0.157313318462614,0.842520718102273
7.2150766257992e-05,0.00010117193912923,3.52980907987341e-05,0.31039495990938,0.689396419294434
3.54267246688951e-05,4.66981581734057e-05,6.6731529634399e-05,3.57196520642285e-07,0.999850786391003
3.11824916269545e-05,4.11387012026126e-05,5.86873247063027e-05,0.000298356220256415,0.999570635262208
3.74191789556573e-05,6.18033667708531e-05,9.18913453353479e-06,0.931095483571973,0.0687961047477674
2.42039142243282e-05,4.25769071616167e-05,1.85132865250576e-08,0.961870472476736,0.0380627281885913
3.34289195407103e-05,2.90873199197068e-05,0.0594358486473088,0.877573259413594,0.0629283756996368
5.85577663860704e-05,7.92098544146267e-05,0.0127197797468137,0.647221083997747,0.339921368634638
2.73415202266747e-05,3.69315440337503e-05,2.27002058530751e-05,0.0423456981203171,0.957567328609569
6.69470493004965e-05,9.63020226621284e-07,0.864253802305354,0.135656905966582,2.13816585367942e-05
1.53156035178097e-06,0.971722747318787,0.0282056521579898,3.52415561692475e-05,3.4827406702245e-05
6.01564531698361e-08,0.869700944051024,0.130201949010747,2.5645765070509e-05,7.14010167052863e-05
0.992960837082877,0.00692986309636455,2.43856457678739e-05,4.66631926572416e-05,3.82509823334672e-05
0.996391115053533,0.00327581709640906,0.000106894628983465,0.000124361680175432,0.000101811540898996
4.0016521727521e-05,2.31660770280989e-08,0.996343737048381,0.00357235918496533,4.38640788488143e-05
0.999627397224612,8.95391738963392e-08,0.000142801593402403,0.000126124381062168,0.000103587261749947
7.43611100869306e-05,1.02030652903688e-07,0.765598644391328,0.234320414692728,6.4777752034632e-06
5.24088192414994e-05,0.0109013851617755,0.634642420403688,0.354391218762484,1.25668528114196e-05
0.0523725019963381,0.722052192385794,0.225445687828017,3.33835767556347e-05,9.62342130960462e-05
0.451844326801097,0.547698732820272,0.000150270026276147,0.000172804033788867,0.000133866318566397
0.606699887852672,0.391996690523613,0.00103894075187275,0.00014804545469581,0.000116435417145737
0.942132117173471,0.0577074494040815,1.61555998364627e-05,7.98603500351749e-05,6.44174725760358e-05
5.40439254249103e-05,6.83528690030969e-05,0.0275479579960241,0.72764905881192,0.244680586397627
4.97391787438718e-05,1.3640303688113e-05,0.184206353508857,0.793899453362177,0.0218308136465345
6.55530004409997e-05,6.8102412986548e-07,0.332769800425404,0.661214558748685,0.00594940680133989
4.91545147239932e-05,6.84765281228743e-05,1.64452668604049e-07,0.234204598020035,0.765677606484449
4.87805514019127e-05,3.77911101390154e-06,0.961685126555429,0.0382311523731156,3.11614090392643e-05
0.0857184037855379,0.914080616835865,9.74544378518442e-08,0.000116535776145453,8.43461480143486e-05
5.28897341449131e-05,0.109839671300383,0.889992836875967,1.41581839522694e-05,0.000100443905552805
3.93913385370019e-05,5.20246931731444e-05,7.08074471031914e-05,3.57325738555225e-08,0.999837740788613
0.000135098059801982,0.329386807743977,0.658711951265319,0.0116626729580466,0.000103469972855665
5.86202573356799e-05,8.22664884826759e-05,0.000302476359970799,0.367669476573941,0.63188716032027
0.0405915899930432,0.959260310293193,1.13854599366627e-07,8.73449981121777e-05,6.06408610527049e-05
0.999825634248619,3.59065706424749e-08,6.92834565826059e-05,5.75856949069701e-05,4.74606933202358e-05
0.00098883148109051,0.723554614573363,0.27535379656931,3.04592070666098e-07,0.000102452784166433
0.00168445561144415,0.501611797756132,0.495670266557295,0.000914663262864361,0.00011881681226518
0.0115711783996914,0.434796483631544,0.553504671386104,3.82820045217405e-07,0.00012728376261577
7.29572876714844e-05,0.00010845021380586,2.13527397588153e-05,0.723859658293122,0.275937581465642
7.69313228971791e-05,0.00011265142449723,1.70240688092439e-05,0.647681089608558,0.352112303575238
0.748466178376976,0.2478570960007,0.00346775149940103,0.000115648495878779,9.33256270442342e-05
0.627676876450868,0.36321893850734,0.00886199724076002,0.000133583718780021,0.000108604082251584
0.30514349104858,0.694512612610859,3.09913902395892e-05,0.000177452186086114,0.000135452764235527
3.51186433387459e-05,0.0266135035029571,0.754839804033319,0.21848883020613,2.2743614255572e-05
5.91803423060454e-05,9.09501839451643e-05,1.52288182960882e-05,0.824358099914482,0.175476540740971
1.97847457000273e-08,0.998812072107357,0.00111900757424928,4.16409578411553e-05,2.72595758069112e-05
0.00115390938471201,0.998765813792446,2.62211259366674e-08,4.90922603586867e-05,3.11583413570231e-05
0.999411127459583,0.00022821180836583,0.000126460564054186,0.000128682006961013,0.000105518161036175
0.99832713542052,0.00132768457606102,0.000116371262246426,0.000125760321649184,0.000103048419523512
0.999618826840902,7.20776837200358e-08,0.000141502313934174,0.000131588442459884,0.000108010325019868
0.469467317603845,0.503723852446496,0.0265559654470364,0.000136913207369518,0.000115951295252279
5.00425469061224e-05,6.86012684492249e-05,4.82041823354484e-05,0.12533311843808,0.874500033564229
5.96092934113589e-05,8.24210920787642e-05,4.59787786370792e-05,0.188558879497492,0.811253111338381
3.61440033419446e-05,4.76553027656421e-05,6.80217565937343e-05,7.6994819009502e-08,0.99984810194248
2.78638176215925e-05,3.66755468074536e-05,5.40303739325518e-05,1.18928936715827e-08,0.999881418368745
4.05138187103234e-05,5.34625119622945e-05,7.50775760888708e-05,5.71767340389192e-06,0.999825228419835
2.28638552010908e-05,3.02723344728438e-05,4.17037643660319e-05,0.00528433896949775,0.994620821076462
4.25914062006413e-05,3.32859299389305e-05,0.0876841621322049,0.83935811663776,0.072881843893895
3.04830916347248e-05,4.09093972031821e-05,3.20816120030062e-05,0.0302153232786284,0.969681202620531
2.28882849149884e-05,3.04291735170657e-05,3.29027790881785e-05,0.00943452081949622,0.990479258942983
0.998497128912218,0.00137822326835204,4.09980829619911e-05,4.58895291347734e-05,3.77602073336467e-05
4.04241645742909e-05,2.69910765513782e-08,0.988613862516285,0.0113100639988495,3.56223292143284e-05
0.0703339611536497,0.700563149718918,0.228959500275079,4.21390835733744e-05,0.000101249768780071
0.081280850444693,0.773687040458383,0.14489631889789,5.09859662158737e-05,8.480423281841e-05
0.394777796822373,0.603151418332106,0.00176894171782728,0.000169949441480283,0.000131893686213472
0.916229497642137,0.0835970588765612,9.45298469259082e-06,9.0917274132267e-05,7.3073222476798e-05
4.43358008322039e-05,5.7881038727004e-05,0.0201695577887096,0.80746391704088,0.172264308330851
3.56547362754446e-05,4.94229340709248e-05,4.17266451381972e-06,0.1380125297967,0.86189821986844
0.0747630499055753,0.9250326067185,1.31522954708188e-07,0.00011875412634536,8.54577266248643e-05
0.000872973052539704,0.195702663064031,0.80331461434515,2.47700126733069e-07,0.000109501838152799
3.9230748362842e-05,5.17734806787833e-05,7.21198549337798e-05,4.71623433977233e-06,0.999832159681685
5.90104410663131e-05,0.255865647895991,0.727156789753668,0.0168271266315037,9.1425277771136e-05
5.35486424234992e-05,7.50278622122901e-05,2.23109289069229e-07,0.289328475031643,0.710542725354432
0.0454166274055843,0.954410171661886,2.94121500974608e-06,9.99981493217735e-05,7.02615681980309e-05
0.00075292879778911,0.456177398709603,0.540364084270492,0.00258866410039943,0.000116924121716232
6.66622966681716e-05,0.000100591046616241,1.85825082734072e-05,0.776350494666619,0.223463669481823
0.688701286813584,0.304956074488306,0.00611489592448479,0.000125796291378899,0.000101946482246188
0.796352573937803,0.201569915843134,0.00188852762835528,0.000104699086087811,8.42835046199443e-05
0.622642148286228,0.366892544572072,0.0102226740704421,0.000133563545247029,0.000109069526010674
0.364068668461729,0.635429751243424,0.000188691812627127,0.000176882497245547,0.000136005984974195
0.26773808613673,0.731892691935033,6.27385271082618e-05,0.000174143361495007,0.000132340039633511
2.28178104490905e-05,0.0389486368009982,0.816243073383804,0.144758474488738,2.69975160107052e-05
4.85339508678666e-05,0.0111312605565928,0.710275443297019,0.278531701495501,1.30607000187225e-05
5.91639217129908e-05,9.03220249931285e-05,5.8372109370624e-06,0.79997745436917,0.199867222473187
5.02205258092193e-05,0.999863314188876,5.59145287944243e-06,4.91325661820453e-05,3.17412662534056e-05
7.38463635271758e-09,0.992377471420257,0.00757934743714471,2.48501922804948e-05,1.832356568167e-05
0.00686596192098202,0.993054145143121,9.67266135083373e-08,4.89102418425898e-05,3.08859674405285e-05
0.996058462470281,0.00362788104923073,0.000102612792165927,0.000116027954578798,9.50157337432917e-05
0.550963181822499,0.433070461040155,0.0157143465271908,0.00013807573981492,0.000113934870340059
3.61952111395195e-05,4.94974980326094e-05,3.6286903740797e-05,0.084836427745505,0.915041592641582
6.31859913502261e-05,8.80264397727862e-05,3.6012954860281e-05,0.239004071444487,0.76080870316953
2.76964108078573e-05,3.65970951749149e-05,5.13930289901399e-05,0.00228911985364391,0.997595193611383
2.37868605771267e-05,3.133623919437e-05,4.60231483020111e-05,0.000670125108841799,0.999228728643085
3.84273349857025e-05,1.91681534210105e-05,0.111665408237927,0.855393632056792,0.0328833642168747
0.439225356836736,0.559692939255032,0.000778010909364321,0.00017099486536123,0.000132698133506258
0.939743531673035,0.0600567573802415,2.4918918886279e-05,9.66763760099011e-05,7.81156518275404e-05
0.897423517820148,0.102439869956879,5.98025685593047e-07,7.56311555587248e-05,6.03830417276903e-05
4.1677404754526e-05,4.54756392727875e-05,0.0455411357722868,0.834019021330406,0.12035268985328
4.88536402167713e-05,6.03794094036462e-05,0.030565288682892,0.778975586855334,0.190349891412154
4.24261335383817e-05,5.8867744559123e-05,5.75132129980687e-07,0.175006981416656,0.824891149573117
0.104104184277749,0.895661087664568,1.06131548573316e-07,0.000135543156874752,9.90787692597719e-05
0.0606988108447478,0.939124259592878,5.97877563081525e-08,0.000103401015108928,7.34687595094255e-05
0.00130816594527422,0.211498423777983,0.787071413274027,5.67219577637385e-06,0.000116324806939367
4.04525153896639e-05,5.33866735945802e-05,7.46587388953268e-05,6.50384260441952e-06,0.999824998229516
0.000803770989801718,0.329115626417198,0.66556605208508,0.00440658169664085,0.000107968811278826
5.84726314798339e-05,8.23241184522944e-05,6.31547225557943e-05,0.355486376594842,0.64430967193267
0.0294122070413021,0.970435901200644,6.01915470781318e-06,8.64184674902959e-05,5.94541358559164e-05
0.000735245873803253,0.514514427672664,0.483374829748671,0.00125701510487828,0.000118481599984012
0.827950608759201,0.171003071143086,0.000881349932254034,9.15680355685998e-05,7.34021298908758e-05
0.838166015407349,0.160755653533268,0.000911653537244717,9.24000692566064e-05,7.42774528816402e-05
0.404120787992778,0.595498903685641,6.76806318765891e-05,0.000176499175922999,0.000136128513781685
0.23642085396676,0.762339689210569,0.000953845647429433,0.000162271250541473,0.000123339924700306
5.68408653933601e-05,8.7639525332051e-05,9.88008258720678e-06,0.827234330448522,0.172611309078165
4.78412127227175e-05,7.52105601327398e-05,5.63633042765907e-07,0.858096712499457,0.141779672094645
6.40533764704916e-05,9.70114929301176e-05,1.30610329788947e-05,0.783077204110509,0.216748669987112
1.46303416713374e-08,0.99568430690014,0.00425755693994405,3.44101803884968e-05,2.37113491853249e-05
0.00250195431012029,0.997427182770998,3.01278021210554e-08,4.36577206809697e-05,2.71750703983169e-05
0.00319772782632102,0.996765709487337,5.68353746697037e-09,2.34038581509309e-05,1.31531446531825e-05
0.00139892813326741,0.998383266532073,0.000167702655004583,3.13519006425322e-05,1.87507790123361e-05
4.19695222415045e-05,5.727142252716e-05,4.48729115048026e-05,0.0908691116658953,0.908986774477831
1.13820008552079e-05,1.49420121013978e-05,2.35808417645033e-05,0.000661218916046748,0.999288876229232
0.491304988032996,0.505630916594378,0.00277682807525635,0.000160923032034539,0.000126344265335587
0.389093239318473,0.609910146671393,0.000688328787030443,0.000173931664109261,0.00013435355899424
0.334534264842376,0.663904771665235,0.00125808945895272,0.000171096960861403,0.000131777072574361
0.975833945329284,0.0239450067908031,5.21733400840596e-05,9.30893701173692e-05,7.57851697111274e-05
0.893461582713227,0.106381412315434,9.60100582319001e-07,8.67053673291045e-05,6.93395034280839e-05
5.46909347175746e-05,7.38457693859452e-05,0.0142683296504712,0.711750019815709,0.273853113829716
3.8863064114122e-05,5.35526917254738e-05,5.3568746848669e-06,0.132702235963121,0.867199991406354
4.51577255368268e-05,6.30593598451959e-05,2.59468340164239e-07,0.210446696963493,0.789444826482784
0.0688405695973235,0.93021360716558,0.00079754367699163,8.62030966861074e-05,6.20764634187407e-05
0.000603117915501558,0.17108554265762,0.82819092026215,8.99391853006903e-06,0.000111425246199115
0.00289229374201075,0.278853698075615,0.71813385274876,1.0709356659413e-07,0.000120048340047022
0.000445642803635772,0.346731641064033,0.646175849217126,0.00653892237787102,0.000107944537335129
0.0013772751091953,0.414401681049154,0.581799989984212,0.00230503297136352,0.000116020886075049
6.4787746010559e-05,9.21386449899984e-05,1.82424288132351e-07,0.43678035156668,0.563062539618031
0.0220807749811401,0.977803286805298,2.45063955692194e-06,6.80237684125794e-05,4.54638055923167e-05
0.00218127638098179,0.610037157486809,0.387618790187326,4.78545726383872e-05,0.00011492137224505
0.876474875396216,0.12305910987896,0.000326975506570936,7.71208899457392e-05,6.19183283066629e-05
0.231896458679441,0.767621467480606,0.000187361420619717,0.000167772664780761,0.000126939754552556
5.39267792948009e-07,0.986735173162654,0.0132032026455848,3.37458622012125e-05,2.73390617672594e-05
3.10200075702537e-09,0.9980367469725,0.00193419035733299,1.81569900374554e-05,1.09025781288533e-05
1.91281753281609e-05,2.50919594019126e-05,3.89492217317995e-05,6.04860087666513e-09,0.999916824594937
0.448998414661676,0.548799364588985,0.00190543526246524,0.000166730911473757,0.000130054575399923
0.962280907866741,0.0375026507829011,4.11492760773729e-05,9.67549974503298e-05,7.85370768299447e-05
0.836824453269634,0.162987100383191,1.41413724112403e-05,9.71216456744415e-05,7.71833290894685e-05
3.04317346741568e-05,4.16224934253493e-05,1.23766708522445e-05,0.0805541163357002,0.919361452765348
5.31530577485296e-05,7.46706079038031e-05,1.49068744088579e-07,0.280879409248026,0.718992618017578
0.0551259473131919,0.944720474825596,2.66750614646674e-06,8.85126647754221e-05,6.23976902902622e-05
6.23097964549741e-05,8.81574006331994e-05,0.00014853156787134,0.413661777019889,0.586039224215151
0.00162326137165342,0.555640132747129,0.442218530997169,0.000400095939272794,0.00011797894477563
0.000632026852253795,0.57203591132379,0.426745874628469,0.000468458601380227,0.000117728594107508
0.00553852945727325,0.562966047678452,0.431375074638026,2.41513208376716e-06,0.000117933094165207
0.265366797413481,0.733811145505645,0.000523248959327825,0.00016961936610003,0.000129188755446348
0.283044127861658,0.714843673392555,0.0018204262784374,0.000165073260546559,0.000126699206802766
0.187955003819364,0.811468276801572,0.000302898592258567,0.000156359655649704,0.000117461131155401
1.71961447744625e-09,0.999987618061346,1.48024435872356e-09,8.50188850006454e-06,3.87685029522402e-06
0.0155629751266782,0.984394138787439,4.45219020060064e-09,2.62578431633612e-05,1.66237905286319e-05
1.56098223181921e-09,0.984412174656689,0.0155644024328499,1.10991529050632e-05,1.23221965741416e-05
0.394523787510065,0.598608291575797,0.00658272507890795,0.000159417554191501,0.000125778281037854
0.973746408815552,0.0260026095937459,5.82543492065341e-05,0.000106240689348306,8.64865521470393e-05
0.962049666825088,0.0377630015467859,3.33226835565905e-05,8.50439762357381e-05,6.89649683344198e-05
0.0787330446696018,0.920942561722369,0.000147427802407948,0.000102806234598329,7.41595710230872e-05
5.98418955743378e-05,8.45533275675588e-05,1.30249497583568e-07,0.348318159872387,0.651537314654973
6.39477259600855e-05,9.09513495769713e-05,0.00122035597096132,0.550867441956669,0.447757302996833
0.000842295870597094,0.636337415632655,0.362660579559681,4.59741974920087e-05,0.000113734739574906
0.216502139881863,0.77759614229097,0.00565022507815328,0.000141874844260173,0.000109617904753332
0.034208392746752,0.965693331846915,3.79512457462476e-07,5.82821142152634e-05,3.96137796600649e-05
0.408085021643871,0.588040807993478,0.00358011485602131,0.000165016257837859,0.000129039248791086
0.32960947793168,0.665663269317765,0.00443949035606488,0.000161778800015451,0.000125983594474784
0.98677699716144,0.0129433667052023,7.83277451804148e-05,0.00011081683889327,9.04915492839878e-05
0.985702040480599,0.0141244325268481,4.7067460914119e-05,6.96467768168934e-05,5.68127548224557e-05
0.133904061695261,0.864907469099585,0.00096336770161499,0.000129079281883188,9.60222216561329e-05
0.240468098966888,0.756364278261532,0.00289381720696615,0.000154987487417549,0.000118818077197352
0.968049511130236,0.0318036204352637,2.60723649771198e-05,6.67149684527278e-05,5.40811010706065e-05
0.977437372515634,0.0223732429526227,4.43729304856992e-05,7.99444546259035e-05,6.50671466318358e-05
0.992369014004165,0.00737704473716292,7.93120588997312e-05,9.60510858335348e-05,7.85781139387876e-05
0.104285235794366,0.895158452436708,0.000350738171589557,0.000118636822724187,8.69367746124208e-05
0.272713097086946,0.720908302598463,0.00610783514618625,0.000152209712837291,0.000118555455567277
0.183266281845853,0.814627382541636,0.00185392897053956,0.000143705838285149,0.000108700803686636
0.11193355871873,0.887816962207511,2.18876592729901e-05,0.000131284092372248,9.6307322114288e-05
0.109811429148247,0.887484298559006,0.00251895340936327,0.000106180863703762,7.91380196790885e-05
0.946832117915741,0.053058948112788,1.53924616193229e-06,5.9357413063097e-05,4.80373122459441e-05
0.965488317077612,0.0344280049213965,6.71379372858556e-07,4.58374483957635e-05,3.7169173222865e-05
2.34260147262902e-05,0.00830251704413265,0.991614833053057,6.2223299059364e-08,5.91616647851248e-05
1.9669755820597e-05,0.00341878682403056,0.996368718186733,0.000155927757334214,3.68974760813976e-05
2.42522878133341e-05,0.00441142411757161,0.995515662552706,2.57681116339099e-08,4.86352737973933e-05
3.22129270677693e-05,0.00089621185726839,0.998476636822664,0.0005487902856072,4.6148107392357e-05
9.69455077729904e-06,0.0210644059345201,0.978872466156688,2.07319247719513e-07,5.32260387669651e-05
1.56878408132032e-05,0.0151854015486393,0.984739986695937,3.10629752243628e-07,5.86132848587651e-05
1.62282193507845e-05,0.0098535927602959,0.990083565078386,1.94138393472765e-08,4.65945281282529e-05
6.49943067906686e-06,0.0142435638231039,0.985719428408722,5.0945933763215e-09,3.05032429020481e-05
5.66936962985232e-06,0.0351997097750927,0.964716062258626,7.75268826638324e-06,7.08059083853515e-05
0.999601327826137,3.63414393799684e-06,0.000152272728156369,0.000133290172821663,0.000109475128947346
0.999601781894993,2.26781522775347e-05,0.000153584492300174,0.000121806309867632,0.000100149150561087
0.999654372321041,1.1888428045906e-05,0.000137327653774432,0.000107767482438228,8.86441146998086e-05
0.99958580385121,2.20285243095174e-05,0.000159042198318655,0.000127949419481565,0.000105176006680432
6.17919220428445e-05,8.66735747161858e-05,0.0018641842395206,0.476370933951456,0.521616416312265
6.28020934670938e-05,8.86602279608898e-05,0.00147475997549086,0.506360235164932,0.492013542538149
6.18009032504816e-05,8.68935723700408e-05,0.00368735493080533,0.582126579729895,0.414037370863679
5.83948335378383e-05,8.35985484691731e-05,0.00308561733521522,0.680462680008205,0.316309709274573
0.0241822716336686,0.568636485950574,0.40705294248209,8.59715919762053e-06,0.000119702774469729
0.0126856811796355,0.565110296120648,0.422085437415007,2.14782698300752e-07,0.000118370502011115
0.0214887615512561,0.614889777552074,0.363500698081263,6.86406392995222e-06,0.00011389875147685
0.380403285931777,0.596520620886256,0.02281650127527,0.000141829944562642,0.0001177619621338
1.33531417543152e-05,2.53823921179226e-05,7.31880561477195e-08,0.987171881162471,0.0127893101156006
6.78230063365491e-05,5.69452599792005e-08,0.822537014822705,0.177381299389801,1.38058358979953e-05
7.79510877036809e-05,2.63607745964926e-06,0.744613653389679,0.255301514509701,4.24493545670482e-06
7.00575641179279e-05,0.000272760588733893,0.681959767037337,0.317696632526852,7.82282959173288e-07
6.01219484942738e-05,0.0042930418089045,0.556158708419465,0.439484023716642,4.10410649405419e-06
5.76438454315789e-05,5.83158874366462e-06,0.255874151918057,0.733237242203226,0.010825130444542
7.05712971587507e-05,1.08292854069717e-07,0.425198601998957,0.573316902269913,0.00141381614111711
5.02753490303061e-07,0.0785746186831941,0.921322312918762,1.26120888741646e-05,8.99535556797654e-05
0.999824000622374,2.46147981571072e-07,7.53201659236511e-05,5.50265163854489e-05,4.54065473353713e-05
0.0176223929533854,0.480333418514787,0.501910959680443,6.20024065621065e-06,0.000127028610728721
7.66457367467057e-05,0.000112758074143622,2.17610961983513e-05,0.676514335676112,0.3232744994168
0.999644685051935,0.000207367928945908,5.50749450794211e-05,5.09208224215893e-05,4.19512516177594e-05
0.999544316243954,0.000359247323811979,3.73825456357565e-05,3.23457181568538e-05,2.67081684421679e-05
0.99985963581687,2.05867132423663e-08,5.64161587616672e-05,4.59859942943326e-05,3.79414433614009e-05
0.999874407791432,1.88181638327795e-08,5.33946845423291e-05,3.9521386306043e-05,3.26573195553101e-05
0.999814446312252,9.54130662858207e-08,7.73364052680728e-05,5.92574269753159e-05,4.88644424385574e-05
0.9999452286806,2.6466948866175e-09,2.47156286733904e-05,1.64153866552366e-05,1.36376573767457e-05
0.999869010186156,2.44273938006598e-08,5.72314471358245e-05,4.0376191932231e-05,3.33577473822964e-05
0.99985986517677,6.02529436461336e-08,6.09296501063845e-05,4.33392344037512e-05,3.58056857762512e-05
0.999796744689936,2.32727303554027e-06,8.58801207053919e-05,6.30561417425359e-05,5.19917745807553e-05
4.91947587397851e-07,0.143799571868417,0.838740909071955,0.0173939769417038,6.50501703373992e-05
5.11864771345461e-06,0.0650887967798746,0.883564200060833,0.0513075969998386,3.42875117399069e-05
6.65030212964819e-05,9.87474135891669e-05,1.46955112207311e-07,0.706765413257011,0.293069189352991
0.564676888745351,0.424336155296911,0.0107319894598938,0.000140663353340396,0.000114303144504081
4.60386505458184e-05,2.1403653230411e-05,0.141266979100058,0.820609895771905,0.0380556828242608
1.8591373555364e-05,9.63828098769775e-06,0.0530524468557634,0.933393614810465,0.0135257086792284
3.91668240179915e-05,4.38696257914487e-06,0.157728138354981,0.837060503999055,0.00516780385936715
3.10559683923115e-05,3.84013238261486e-05,0.0226592873217431,0.881500821220174,0.0957704341658643
0.0948604640990187,0.904902511043418,2.84206923349239e-06,0.000135485820266785,9.86969680632838e-05
0.798320212890804,0.199865375944432,0.00163018461721977,0.000102151419175412,8.20751283694154e-05
0.742309089610737,0.255120209177343,0.00236494416473814,0.000114244649470955,9.15123977100068e-05
4.15458091634454e-05,6.70464452275588e-05,5.05411855926045e-06,0.89727581016298,0.10261054346407
3.09029428476127e-05,5.20255113095946e-05,2.47851948283967e-06,0.931636815989275,0.068277777037085
1.77042565538926e-05,3.21655156070795e-05,6.22840920004279e-09,0.961406791830987,0.0385433321684432
3.18660512975486e-05,4.43803238061541e-05,9.66958900738987e-06,0.127713077646973,0.872201006388916
0.0127394045964821,0.987157154818289,2.66065154273887e-06,6.09372491539397e-05,3.98426845325403e-05
0.014386329281296,0.985531499205542,9.59623736743451e-08,5.00332629520984e-05,3.20422878363391e-05
0.00686279656033126,0.993040590078724,4.08291165752995e-07,5.84014125899583e-05,3.78036571894558e-05
0.00682866746744946,0.993110748635087,2.92965304396612e-08,3.76489315928088e-05,2.29056693401505e-05
0.0135220372299666,0.98641908936533,6.29161324293146e-09,3.63263469650313e-05,2.25407661252088e-05
0.893894126881336,0.10590379198379,9.17494698922405e-05,6.13581567480252e-05,4.89735082336205e-05
0.904488774118689,0.0952426450661581,0.00014244225945519,6.98882344935357e-05,5.62503212038287e-05
0.924769019911374,0.0750940337178732,4.15652878248074e-05,5.29097470063503e-05,4.24713359216396e-05
9.95909321348184e-09,0.97686643312947,0.0230849165223559,2.41302249444563e-05,2.45101641369341e-05
3.6019935749295e-06,0.982238227315069,0.0176836060748621,4.0349527957684e-05,3.42150885364807e-05
4.06550389417198e-06,0.970096074096492,0.0298193319946878,4.08268287458503e-05,3.97015761796478e-05
1.14597341873337e-05,1.49720822112097e-05,2.38051010164828e-05,1.71287455002478e-09,0.99994976136971
2.75954367811612e-05,3.63000436065094e-05,5.35998310015715e-05,3.85681067942895e-08,0.999882466120504
2.08475786466505e-05,2.73619472506222e-05,4.144378082872e-05,1.72117516923389e-08,0.999910329481522
3.36412651821098e-05,4.4332031945784e-05,6.33668341631323e-05,8.63420587383388e-07,0.999857796448122
3.2885055374999e-05,4.33535493967468e-05,6.09577799950545e-05,3.78522433008037e-08,0.99986276576299
2.36990962515316e-05,3.12261629931125e-05,4.31383492627909e-05,0.000227781824481551,0.999674154567011
0.833567562609522,0.16624612625269,6.02411612557613e-07,0.000103455127009928,8.22535991656578e-05
0.73298675796723,0.266226602105536,0.000570811340241029,0.00012046731432778,9.53612726653009e-05
1.47432255619979e-05,2.01179448002559e-05,9.24631944682332e-06,0.0356915909117266,0.964264301598464
0.165898496014866,0.833808315370744,2.15046713849078e-05,0.000155601183672279,0.000116082759332537
0.148000943479179,0.851522235154635,0.000226294967760541,0.000143672165237458,0.000106854233188459
6.63838114679437e-05,9.36956514009619e-05,1.05863889369948e-05,0.335423470967321,0.664405863180873
0.00205689069987435,0.674104022373918,0.32373059230962,1.72204617759078e-07,0.000108322411970476
0.0344585957414433,0.965420871964532,2.10597899397997e-08,7.16341047117921e-05,4.8877129523221e-05
0.987954383111692,0.0117517240916843,8.29324748489214e-05,0.00011611899872146,9.48413230531342e-05
0.992647093253738,0.00705288115063154,9.1981738967935e-05,0.000114440657811964,9.36031988502691e-05
0.992875762764059,0.00684169646611907,8.80345880774685e-05,0.000106982531373545,8.75236503708839e-05
0.997418869861555,0.0022819665199667,0.000102833998039839,0.000107893518942283,8.84361014965481e-05
0.986173838795546,0.0135752289694198,7.05256683125324e-05,9.9315460124801e-05,8.10911065965801e-05
0.980545999059288,0.0192025330230212,6.44362309600055e-05,0.000103031601589019,8.40000851414174e-05
0.989437852078243,0.0104843535683965,2.0180358853615e-05,3.17582654617494e-05,2.58557290450487e-05
0.944252748900959,0.055631931398658,6.39785274616945e-06,6.03838578443186e-05,4.85379897929098e-05
0.32277553924432,0.666584262679977,0.0103685440778905,0.000151427061666195,0.000120226936146133
0.203472313265335,0.795176065888899,0.00108092292505141,0.000154118314654183,0.00011657960606049
0.981641421580766,0.0182654501108822,8.50858538872844e-06,4.66049355647655e-05,3.80147873988147e-05
5.88680752891532e-05,8.13996078886699e-05,0.00818485658561189,0.643760959457773,0.347913916273437
0.0112337888920679,0.658306625438753,0.330350985787928,5.21361781348782e-07,0.000108078519469935
0.0310109432011159,0.683298876204974,0.285569238411085,1.75892227395923e-05,0.000103352960084956
0.408227543374413,0.564126636896207,0.0273907021690841,0.000138316545098567,0.000116801015198093
0.336530446714403,0.627047834032189,0.0361770510759571,0.00013119598753679,0.000113472189914263
0.478800766245606,0.506912023054605,0.0140216558329228,0.000146362832155573,0.000119192034711002
0.225667016804197,0.732583403960361,0.0415348675610183,0.000113879188080453,0.000100832486343889
0.298584215112123,0.674891798748669,0.0262779468592684,0.000133991528176662,0.000112047751762511
0.271253997466485,0.683147519999466,0.0453711549215574,0.000120084188733028,0.000107243423758536
0.203581908712618,0.728038254252391,0.0681809488137708,0.000100294205499547,9.85940157209762e-05
0.130525464656726,0.770822351141744,0.098490852337577,7.38787477893991e-05,8.74531161636566e-05
0.148419650433447,0.799867140307441,0.0515418744592797,8.78253841344292e-05,8.35094156970272e-05
4.39382307642808e-05,2.83070968913972e-08,0.923820527555292,0.076117960992461,1.75449143855735e-05
7.43224135625772e-05,9.5180792410601e-08,0.70943689177092,0.290488216545994,4.74088731472042e-07
5.96972271356463e-05,2.43857289498303e-07,0.321567732338129,0.677297519604368,0.0010748069730785
3.80610525183883e-07,0.0565997810903578,0.943311864237798,8.81145267715163e-06,7.91626086416366e-05
8.23555343277306e-07,0.0455986527700692,0.954337171279975,3.77076773538589e-07,6.29753178391289e-05
7.46286525589735e-06,0.0904307867323202,0.909480580338358,1.75525238002323e-07,8.09945388281662e-05
3.48718946089211e-07,0.0769953762462058,0.922915716476608,5.40998070771437e-06,8.31485775326612e-05
5.43893045012077e-05,0.109123082680359,0.890723756942054,5.07851733017059e-06,9.36925557559501e-05
0.00018461324676555,0.141851845432445,0.85786973893822,4.75351702512774e-08,9.37548473985136e-05
0.000209639875752169,0.136605543911762,0.863073350674077,7.9628492601761e-06,0.000103502689149439
0.999751156248842,8.6683671365288e-06,0.000101491410813231,7.60372433731021e-05,6.26467298346596e-05
2.22709637673445e-07,0.147066518817449,0.815807491662811,0.0370623535688779,6.34132412243312e-05
1.12468048369026e-05,0.0605947596837682,0.846615027191967,0.0927448020256653,3.41642937622231e-05
2.67780494462488e-06,0.0977308777417238,0.841140620529963,0.0610787285003433,4.70954230252076e-05
1.8067905465886e-05,0.018308400615108,0.901739162136033,0.0799194673501728,1.49019932207216e-05
3.5165012877261e-07,0.10302857826686,0.864588489528425,0.0323331940779925,4.93864765933787e-05
1.76091396621754e-05,0.0340997154046948,0.86506516142783,0.100794232237968,2.32817898453947e-05
2.89095838993302e-07,0.0737793962628896,0.920585586854079,0.00559161459890104,4.31131882915677e-05
2.8395874960573e-05,0.0171015110903623,0.850018969608596,0.132834119864045,1.70035620361631e-05
1.66284827095172e-06,0.0625551671086327,0.91757074640761,0.0198392546011989,3.31690342874565e-05
3.58981495267859e-05,0.002578039608131,0.89119927521245,0.106174842673074,1.19443568186966e-05
2.85147521224928e-05,0.00850160172859411,0.886322028928464,0.10513516632024,1.26882705796336e-05
1.55613580572005e-05,0.00349559775383274,0.954253582258225,0.0422293490422548,5.90958762983555e-06
4.80569945021311e-05,0.00438048720385452,0.79696245246515,0.19859788541714,1.11179193534122e-05
3.92402551540126e-05,0.0103851544480428,0.812259294973901,0.17730176883421,1.45414886915801e-05
4.86327942321602e-05,0.0074197768019579,0.75231361608297,0.240206468290725,1.15060301144128e-05
3.96237865817922e-05,0.00470393372461816,0.848970560108985,0.146273585187967,1.22971918478925e-05
5.46979534754426e-05,0.000509232135820674,0.831272513215096,0.168151784099888,1.177259571963e-05
6.04188299363e-05,0.00200462331312861,0.719406145948248,0.278523366694918,5.44521376967021e-06
5.78684590231126e-05,0.00440992314713439,0.679207949077619,0.316318392815518,5.86650070461507e-06
7.12123578050045e-05,0.000105399405163586,8.33304696502852e-06,0.695375784364861,0.304439270825206
6.59406693325141e-05,9.89537365040812e-05,7.71599085989667e-06,0.749319350447573,0.250508039155731
5.86841750026992e-05,8.89113033080589e-05,1.0473780316862e-07,0.776816963800388,0.223035335983498
7.49679080552291e-05,0.000109055507528807,5.76783262416411e-06,0.601617626318907,0.398192582432885
2.835586488646e-05,1.78465087974106e-05,0.0709136322799049,0.897587172245718,0.0314529931006933
2.19211667303098e-05,2.17014328650812e-05,0.0321742621718436,0.9217995896537,0.0459825255748611
3.04046851995033e-05,9.49806257449602e-06,0.104249934461131,0.884095572950509,0.0116145898405866
2.79146024547512e-05,3.56457658889653e-06,0.109794614500234,0.889739997026901,0.000433909293821759
4.90831192741324e-05,4.93548840660737e-06,0.207271798139596,0.784156648447289,0.00851753480543402
6.65546566613702e-06,1.41651278877457e-05,1.26813330087234e-09,0.989097891765808,0.0108812863725051
3.4102776822209e-05,5.48408330729331e-05,2.61221402642094e-08,0.890464699885515,0.109446330382449
3.57244501948947e-05,4.97791231192937e-05,4.82585314061998e-06,0.151046869091749,0.848862801481797
5.09641164687482e-05,7.14925227477415e-05,6.41544802093672e-06,0.23854305783346,0.761328070079303
0.871801222360061,0.127783360763644,0.000282181675766948,7.4004965637666e-05,5.92302348899612e-05
0.813517173415485,0.185583172016583,0.00073185497991521,9.33149703683697e-05,7.44846176484765e-05
0.853236878436583,0.14651107893556,0.000107236140610138,8.0662501864457e-05,6.41439853823256e-05
0.949681393549116,0.0502342531615146,8.83393722041543e-07,4.62042318493781e-05,3.72656637972076e-05
0.96928213288965,0.0306763989865026,6.39907128464341e-07,2.26617489925353e-05,1.81664677258255e-05
0.952544359905669,0.0473883342698987,5.1329709565119e-07,3.70338051674182e-05,2.97587221687458e-05
0.929176708280228,0.0707329954490402,8.07230991428977e-06,4.56856080647135e-05,3.65383527523836e-05
0.981183480804208,0.0187635758901407,3.04112614370882e-06,2.7534204686256e-05,2.23679748213891e-05
0.938954097026907,0.0609745027972847,3.4226556554346e-07,3.95470859275793e-05,3.15108243153241e-05
0.924973965341631,0.0749374300270526,7.19701592910675e-06,4.52969292809712e-05,3.61106861067042e-05
0.887700585464275,0.112130910581978,5.31619498289974e-05,6.42091119763915e-05,5.11328919417864e-05
0.958559149706885,0.0413939286604893,4.27567112695546e-07,2.58787619804804e-05,2.06153035324263e-05
0.854002778387117,0.145591092939327,0.000266071477815221,7.79346081503644e-05,6.21225875905829e-05
0.90303249554192,0.0968563467563236,9.35271901339753e-07,6.13556977384712e-05,4.88667321170715e-05
0.976876564741738,0.0230870232274351,1.93847261086326e-06,1.91559492492786e-05,1.53176089671468e-05
0.984047664955411,0.0159343264181021,6.579294403081e-07,9.66578533873809e-06,7.6849117076636e-06
0.993828716297043,0.00614197660913674,7.07180410307094e-06,1.22278577655298e-05,1.00074319517199e-05
0.805652179252601,0.193680004205058,0.000495028198770075,9.62303943580915e-05,7.65579492130051e-05
0.00122526756965608,0.919933975901064,0.0787772281252038,1.99471672451358e-05,4.35812368308867e-05
1.25999577317568e-05,1.64655409322649e-05,2.69265247352141e-05,2.14813766117408e-09,0.999944005828463
3.25345254016845e-05,4.29353595887943e-05,5.85215313091888e-05,2.01691276403115e-08,0.999865988414573
3.03038469321689e-05,4.00818963781418e-05,5.08452701303259e-05,0.00150958593788869,0.998369183048671
0.734843463914896,0.264728253272319,0.000207479290107389,0.000123354277873979,9.74492448036173e-05
0.786995684146865,0.21265545320084,0.000155434124537869,0.000107914621607302,8.55139061500575e-05
0.675252169882341,0.323809049872517,0.000697453741468984,0.000134897715950502,0.000106428787722622
0.837139618937518,0.162631692907202,6.60194810144438e-05,9.06560716782202e-05,7.20126025868537e-05
0.78544566014122,0.213983186281296,0.000383360760490198,0.000104703468465629,8.30893485283454e-05
0.646661197700601,0.350219150527585,0.00287553674537088,0.000135974238617975,0.000108140787825937
0.677642561053241,0.320701290709716,0.00141984950729653,0.000131865782968732,0.000104432946777506
0.732482482220199,0.266193137077393,0.00111250591449121,0.000118091683400325,9.37831045166348e-05
0.604401961874985,0.392995314244417,0.00234260687486683,0.000145254839598174,0.000114862166133345
0.549573679470638,0.443900261348261,0.00626027301727794,0.000147755092302392,0.000118031071520048
0.553371871319746,0.444131756338007,0.00222098559066896,0.000154082991156075,0.000121303760422361
0.528679363234703,0.469838268545265,0.00119643566587943,0.00016039759107906,0.000125534963073211
0.51192297281271,0.482930381563694,0.00486929110371173,0.000154747891876294,0.000122606628008257
0.568038428359219,0.431300568810212,0.000380951907733974,0.00015715524550116,0.00012289567733406
0.475932986875872,0.514494728252963,0.00929882467851713,0.000151780056473464,0.000121680136174484
0.453836008547371,0.540620263525073,0.00525871776334935,0.000159267548162239,0.000125742616044321
0.535151759107906,0.464439316969568,0.000118435029973763,0.00016326097782513,0.000127227914726628
2.29276597218498e-05,3.11949140088398e-05,1.45910350479769e-05,0.0497754868553668,0.950155799535855
2.07941601032611e-05,2.79272761538822e-05,2.21541561012489e-05,0.0239752028547185,0.975953921552923
2.4898044176458e-05,3.43217064833955e-05,8.21128077619082e-06,0.0815040908377513,0.918428478130813
1.10540239867042e-05,1.46455005464741e-05,1.68985506787773e-05,0.00517804916715756,0.994779352757631
0.130055830923531,0.86969486988869,9.61034428492183e-07,0.000142860300385607,0.000105477852964872
6.73418626318213e-05,9.45491696719521e-05,2.45227375810515e-05,0.30108430166488,0.698729284565235
6.5516745138861e-05,9.29523962658565e-05,2.44786157677541e-07,0.383107217756045,0.616734068316393
0.99836158856416,0.00130926476731455,0.000114185899748871,0.000118122346888266,9.68384218877055e-05
0.999440660745684,0.000207765348628103,0.000126890343840228,0.000123423736582594,0.000101259825264946
0.999619072247626,3.24225826998306e-05,0.000130020659877787,0.000119984269120459,9.85002406756506e-05
0.999098917128104,0.00057472776036148,0.000117538061485866,0.000114708860998206,9.4108189050942e-05
0.999492147385096,0.000215798168261367,0.000110450727078817,9.97112579800544e-05,8.18924615839317e-05
0.998894949433319,0.000811828453574226,0.000106036355656361,0.000102819710638814,8.43660468110977e-05
0.997416020698171,0.00237238811253208,7.50784299396853e-05,7.49957117401365e-05,6.15170476171641e-05
0.998617744674267,0.00112480514627683,9.38498366390932e-05,8.98553385514219e-05,7.37450042652508e-05
0.999669721497916,9.77616051705656e-05,9.17420742144606e-05,7.72490061339358e-05,6.35258165650564e-05
0.995751027405822,0.00400639370356084,8.17200691690055e-05,8.84172139380359e-05,7.24416075099875e-05
0.982519608210975,0.0173576186799936,2.89719347001665e-05,5.17255113385498e-05,4.20756629925874e-05
0.993369176214457,0.00647751210707318,4.95318475855262e-05,5.70707072647458e-05,4.67091236198799e-05
0.969464956147104,0.0304466082510907,1.13700163712989e-05,4.26462871129105e-05,3.44192983215581e-05
0.944714003591648,0.0552033201986531,7.05468548015202e-07,4.55371065398486e-05,3.64336346112848e-05
0.92460321799966,0.0752558197104122,5.3431744276338e-06,7.52304150751351e-05,6.03887004245697e-05
0.380869268868058,0.605631368998137,0.013227927908993,0.000150353644706979,0.000121080580104837
0.237489434065873,0.746105366710184,0.0161662642289777,0.000132334337800595,0.000106600657163939
0.987307361113873,0.0125822362039752,1.69868142342636e-05,5.13926409464082e-05,4.2023226970612e-05
0.994097668438907,0.00577777593423535,2.92796992922517e-05,5.23499562649407e-05,4.29259712999051e-05
0.97725500493233,0.0226424180269928,6.80186749584333e-06,5.27705432030664e-05,4.30046299782701e-05
0.014307822317007,0.620727190516914,0.364851594085018,6.10444976397621e-07,0.000112782636083942
0.0192803177357601,0.678729498812839,0.301877706038334,8.05274425028272e-06,0.000104424668816587
0.0104333432090076,0.764155680973028,0.225312349390787,1.04393512159709e-05,8.81870759613401e-05
0.0131683119802632,0.713650472506041,0.273076025684873,6.73450431450099e-06,9.84553245092236e-05
0.00582652255683848,0.698648116350683,0.295421898353802,4.7043968226379e-07,0.000102992298994176
0.0262650036563446,0.767501514418809,0.206127141655662,2.08347989219623e-05,8.55054702620859e-05
4.90525073351755e-05,1.14674657245592e-07,0.938678045847923,0.0612480570291091,2.47299409753592e-05
5.75869862923068e-05,3.63944334791949e-08,0.878425236962825,0.121498623580354,1.85160760953826e-05
7.80454494059594e-05,9.13307744497517e-08,0.65797133881843,0.341950462539589,6.18617999983533e-08
7.58160703093682e-05,2.88158111038752e-07,0.593670149261848,0.406251760707801,1.98580193088996e-06
6.77819460015858e-05,1.08320371559095e-07,0.775420534924953,0.22450428733621,7.28747246442738e-06
6.08728636057892e-05,2.21780561423538e-07,0.306475297637502,0.689498722112607,0.0039648856057235
6.56974345379325e-05,6.85067380326276e-07,0.378106507311004,0.620632937212659,0.00119417297441874
6.38185767429013e-05,0.00062015339910874,0.433133525776873,0.566182409349037,9.28982378708827e-08
6.37304280710632e-05,0.000131417251852302,0.386902171362625,0.612614269831919,0.000288411125532598
5.75197974500531e-05,0.000174291244282421,0.33053791763068,0.669230225745617,4.55819701629009e-08
6.90954612735321e-05,0.000240355174786712,0.484908541975271,0.514708768077012,7.32393116570539e-05
0.999774689867805,4.0791583150607e-06,9.26694225502217e-05,7.04810400266002e-05,5.80805113035066e-05
0.999774540916846,5.56526755317483e-06,9.37374806397129e-05,6.9153848076523e-05,5.70024868849988e-05
0.999711612503614,9.20798421453979e-06,0.000117072447390488,8.89097800350451e-05,7.31972847455758e-05
0.999717721526706,1.29113749524343e-05,0.000113667740625613,8.53851357230115e-05,7.03142219935303e-05
0.999667289760773,2.00209958129704e-05,0.000130767897839663,9.97961003664607e-05,8.21252452077879e-05
0.999699368730473,1.85403934198413e-05,0.000118637317563173,8.96470713588513e-05,7.38064871847563e-05
2.33284619789558e-05,0.196218306430357,0.784640109106439,0.0190395141187395,7.87418824849781e-05
1.87671136732595e-07,0.100054123571687,0.885840570493591,0.0140544666503769,5.06516132083607e-05
6.47628118760937e-05,0.145791429310947,0.851565283398186,0.002502808616564,7.57158624272747e-05
4.66613245058801e-06,0.113302141285295,0.881325916743012,0.00530708971917434,6.01861200682213e-05
4.39968810028502e-05,0.157833083239138,0.834625252125103,0.00742407208222379,7.35956725322883e-05
3.70614829457607e-07,0.0846876847181799,0.915093011513839,0.000156866101578841,6.20670515724799e-05
0.000663193946214077,0.239948811277189,0.757404811589458,0.00188360285572242,9.95803314167144e-05
2.15804318492284e-07,0.0883679118664978,0.909839586827889,0.00173678232504095,5.55031762538067e-05
0.000228216953855408,0.191331636336033,0.805211879996033,0.00314140886394192,8.68578501363457e-05
8.32136557106083e-07,0.0404856626609726,0.959477195983009,1.69171787256426e-08,3.6292302282416e-05
0.000168946294562079,0.215417308376902,0.776348324753194,0.00797781096333964,8.76096120025309e-05
0.000514568862789948,0.191663939766218,0.80755906331144,0.000165305625383754,9.71224341675615e-05
1.40466774238545e-06,0.0300358164607367,0.964856698288162,0.00508647415441016,1.96064289482609e-05
6.55798436019893e-06,0.0297120644108682,0.933808932673962,0.0364552544924531,1.71904383565232e-05
6.69453498125159e-05,0.0011518046307939,0.633551478763409,0.3652296258492,1.4540678431527e-07
5.79119686436832e-05,0.00567958405772923,0.627567400210416,0.366688895898764,6.20786444629916e-06
6.54557693900033e-05,0.00164575410798579,0.559428788741299,0.438859937721116,6.36602095253681e-08
5.50763785014545e-05,8.19181356271886e-05,0.000403869674267424,0.75218578228357,0.247273353528034
7.86817941255195e-05,0.000114111380182335,1.57117889147472e-05,0.588394785819931,0.411396709216846
7.72697211620765e-05,0.000110433816192059,1.3375917745956e-05,0.472078137341222,0.527720783203678
8.090921295029e-05,0.000116005302276734,2.26253621059227e-05,0.509816165882237,0.48996429424043
7.78724349286579e-05,0.000112220431871806,1.16574174510724e-05,0.539010230825999,0.460788018889749
7.18806114851588e-05,0.00010343064357159,1.17705571011323e-07,0.522867894092736,0.476956676946636
7.51846321669034e-05,0.000108058974402703,4.78069116300916e-06,0.51350754995224,0.486304425750027
7.15473181419433e-05,0.000101952516804748,8.92042110776995e-07,0.432565932002102,0.567259676120841
1.84089084688025e-05,2.84232704693631e-05,0.00376659652641769,0.936241169957104,0.0599454013375399
1.01091179742226e-05,9.01953739908558e-06,0.0179763352043907,0.964277659682759,0.0177268764574764
8.78683226855618e-06,3.09619919589024e-06,0.0303211568347087,0.968922520915703,0.000744439218123542
1.6735827531329e-05,2.13316342754749e-05,0.0130775322533363,0.940865277151619,0.0460191231332377
2.5644288627296e-05,3.57593279425869e-05,0.00983070200197952,0.904467641862535,0.085640252518915
3.81244567512131e-05,5.34352010502316e-05,0.00962037401284232,0.843053055929789,0.147235010399567
3.38540318919345e-05,5.17432943778799e-05,0.00195779372548016,0.873966353718973,0.123990255229277
6.17654182958884e-06,5.02128411065559e-06,0.0153423663212957,0.984646435435546,4.17218323888676e-10
1.97606210555704e-05,5.43567775256713e-06,0.0705742515954553,0.92667716095889,0.00272339114684671
1.58526903385621e-05,5.01005357546378e-06,0.0545510035283797,0.94542813191343,1.81427649352109e-09
4.10596575474441e-05,1.07381259621748e-05,0.14883910242498,0.835662761149742,0.0154463386417679
4.98967368289921e-05,2.00002190134073e-07,0.235086219374619,0.763139472239753,0.00172421164660899
8.17261989619227e-06,1.46960046112025e-05,0.00352143365310529,0.993359182296009,0.00309651542637844
2.76253724160766e-05,4.65471843299502e-05,1.71222535723505e-08,0.926657332488813,0.0732684778321869
1.9230400708811e-05,3.29137677977412e-05,2.09436143789364e-08,0.942679196489276,0.0572686383986034
3.85485565948431e-05,6.20982343973156e-05,5.7059954864955e-08,0.888530354941357,0.111368941207696
8.24262645574626e-06,1.52579984023568e-05,1.80230966969374e-09,0.974151721658322,0.0258247759145106
4.72399697441519e-05,7.32990345467394e-05,3.20232490248847e-08,0.834897851540619,0.164981577431841
5.42809429532663e-05,7.63587474111938e-05,4.75468091735035e-07,0.279636579853237,0.720232304988307
4.55944042566832e-05,6.38373040171768e-05,2.15684301503957e-06,0.214399141770974,0.785489269677737
5.9431361576479e-05,8.38104762780275e-05,2.04518060896948e-06,0.309059868252515,0.690794844729021
5.73614945938864e-05,8.04839893803968e-05,1.30590206362918e-05,0.260761678176025,0.739087417319365
0.990193331736009,0.00972806680279704,1.42369582210529e-05,3.53954949378765e-05,2.8969008034917e-05
0.993763977105214,0.00620175009784901,9.09296450650493e-06,1.38890962450802e-05,1.12907361854669e-05
0.999209693986537,0.000690992059099035,3.99876724538433e-05,3.25294450704487e-05,2.67968368397362e-05
0.999955027341181,2.93490094148024e-09,1.99396200396755e-05,1.3692288702429e-05,1.13378151757762e-05
0.99991027887501,5.44120914969992e-09,3.94913873219886e-05,2.7489571089316e-05,2.27347253694207e-05
0.999855597942021,3.77840750867756e-08,6.06615776595149e-05,4.58742631123799e-05,3.78284331323261e-05
0.998918489878775,0.000914715888827422,6.41691940879424e-05,5.6322778946798e-05,4.63022593626271e-05
0.982687369452473,0.0172761340827783,2.5679211469958e-06,1.87548322320905e-05,1.51737113692797e-05
0.999978971183538,3.15109421287152e-09,9.13922456823745e-06,6.48451148535656e-06,5.40192931403826e-06
0.998618338756581,0.00133289847662502,1.82641241486668e-05,1.66948874745856e-05,1.38037551708487e-05
0.99378262048362,0.00616098946006922,1.32914674280217e-05,2.36770643464108e-05,1.94215245363133e-05
0.996990172310851,0.00291849472871404,2.80684801871735e-05,3.47099135304829e-05,2.85545667176776e-05
1.4505725689632e-08,0.943132549335166,0.0567971580479122,2.85683818168754e-05,4.17097293796511e-05
4.14452825649967e-06,0.95868021710756,0.0412698684833827,1.82374257853596e-05,2.75324550153385e-05
2.33101612899412e-05,3.08141417426413e-05,3.8982931316064e-05,0.00255377587382637,0.997353116891825
3.0145816499948e-05,4.00278451859621e-05,4.5287620247813e-05,0.00711457888437222,0.992769959833694
2.77273160631065e-05,3.70049589170727e-05,3.55554039192678e-05,0.0165773175467946,0.983322394774306
3.62079667352761e-05,4.79104019994336e-05,6.09658126864456e-05,0.000717065559603178,0.999137850258976
1.64368631806713e-05,2.28040696022866e-05,6.26900768054073e-06,0.0603670163127236,0.939587473746813
1.53567354429425e-05,2.01959609530029e-05,2.82367968322582e-05,0.000654150001664747,0.999282060505107
4.8907119275309e-06,6.3736807996168e-06,9.92409804248192e-06,1.73060559820784e-09,0.999978809778625
6.60272383269679e-06,8.94786032773525e-06,5.69325701980574e-06,0.0134366301197133,0.986542126039107
0.99966002676455,6.13478398320994e-08,0.000131393055970455,0.000114474135688812,9.40446959513472e-05
0.425491102193003,0.559608655463335,0.0146310740155421,0.000148553561788908,0.000120614766330819
0.324492575129428,0.658390821960018,0.0168552378058818,0.000144295105017668,0.000117069999654615
0.241655821018213,0.748502261540747,0.00958979477824244,0.000141138108860915,0.000110984553936762
0.184358722648449,0.804206957111419,0.0112140004635322,0.0001232332507827,9.70865258169711e-05
0.245784059962408,0.727962940945533,0.0260216422599535,0.000126062163502525,0.000105294668602917
0.181403722401914,0.788897198593323,0.0295005163401477,0.000107221069211541,9.13415954036402e-05
0.0355278768556124,0.732800214654479,0.231554402406255,2.40465313659371e-05,9.34595522869447e-05
0.0453103919568841,0.794731143517775,0.159847050255184,3.34403493364557e-05,7.79739208209918e-05
2.83347061077831e-05,1.07922456326232e-08,0.979242990528895,0.0207110429625716,1.76210101802147e-05
5.80376531334799e-05,2.98884457387975e-07,0.907370947877132,0.0925460413924385,2.46741928381628e-05
6.18282732915689e-05,8.61742797330209e-06,0.825933279685803,0.173983862143432,1.24124694997573e-05
6.24883023427901e-05,0.00199056579573517,0.48492543703974,0.513021453477592,5.53845909397692e-08
6.04272037144507e-05,0.00096024973543817,0.405406117111824,0.593573178773183,2.71758407736527e-08
0.999669958774224,1.45329761213882e-05,0.000131208731899223,0.000101106151603228,8.31933661524837e-05
0.999699619319532,5.20595941689777e-06,0.000122186829352435,9.48963742661007e-05,7.80915174330036e-05
0.999637144359033,2.32715232594973e-05,0.000140999812142513,0.000108955525209157,8.96287803563337e-05
0.999756384577531,1.31562230969758e-06,0.000101584906425727,7.71633010118886e-05,6.35515927222256e-05
0.99967477114367,2.79184017337633e-07,0.000130500292143115,0.000106710198864744,8.77391813043916e-05
0.999807808069696,2.99761740325629e-08,8.10684670364266e-05,6.08991144886084e-05,5.01943726047593e-05
0.999730486861807,6.55384339607778e-08,0.000109709930322994,8.76337599370244e-05,7.21039094988773e-05
0.999804407515681,5.21597703091672e-08,7.98116484524467e-05,6.34699551872842e-05,5.2258720908768e-05
0.999665065528146,2.41934714395319e-05,0.00013024029670161,9.90148594754798e-05,8.14858442373743e-05
1.03067755793274e-05,0.0395435028520231,0.896738971914922,0.0636836480020232,2.3570455451982e-05
2.77064020305252e-06,0.0361182252613475,0.946639642818489,0.0172190616253949,2.02996545652894e-05
3.30652786915718e-06,0.0131633764667036,0.970625632241016,0.0162005167613044,7.16800310652516e-06
7.19005763894363e-05,0.000247390213607428,0.620649836813046,0.379030830793854,4.16031027732232e-08
7.26445576067265e-05,9.67640410767549e-05,0.540936314213895,0.458837680563052,5.65966243700619e-05
6.31242558950079e-05,0.00262270554897177,0.621644137623847,0.375668557612381,1.47495890581303e-06
5.91468207234111e-05,8.85809741428899e-05,4.22308960725622e-08,0.74753948683689,0.252312743137347
6.66418988865238e-05,9.73861326407918e-05,9.57787673926628e-08,0.641802789034188,0.358033087155517
6.19204784675241e-05,9.15060441627947e-05,2.15083075249366e-05,0.702941315805923,0.296883749363922
6.01704784588374e-05,8.77965637359032e-05,0.000769824426903964,0.687738755667405,0.311343452863496
5.13225798196443e-05,7.45713335281496e-05,0.00323828037074866,0.760520356012802,0.236115469703101
6.40175976363943e-05,9.21868041307124e-05,0.000631315353328295,0.605381174696639,0.393831305548266
7.35062461138481e-05,0.000104093491733855,1.67563674326401e-05,0.385666449092777,0.614139194801942
7.93882693654351e-05,0.000112860019333572,2.55103248232627e-05,0.437626233143077,0.562156008243401
8.20224789058881e-05,0.000116651004881633,3.24849932200478e-05,0.451306989885111,0.548461851637881
1.22968807586336e-05,9.32880694231735e-06,0.0287360662391364,0.971242305204567,2.86859550245539e-09
1.94245627362573e-05,6.93407427103892e-06,0.0619405049195327,0.938033128655789,7.78767154026432e-09
5.44528107843875e-05,3.39152316481209e-07,0.258101754968068,0.737978762728849,0.00386469033998166
4.11277028864241e-05,4.25623864440896e-07,0.179965609614966,0.819061989618347,0.000930847439935742
4.80643774159368e-05,1.97799813359605e-07,0.234519872581196,0.76543180888492,5.6356654127032e-08
5.50087717782101e-05,1.29973353473557e-05,0.287779261468303,0.711712826949296,0.000439905475275649
4.20770898960618e-05,5.88159819252249e-05,7.5405418219334e-06,0.184189307537171,0.815702258849186
4.18775044087163e-05,5.81828714558448e-05,2.09666255435284e-05,0.153443608250301,0.84643536474829
5.817348427396e-05,8.12125448852119e-05,2.5522896498683e-05,0.233283234443979,0.766551856630363
0.979894921374579,0.0200327653894616,4.84672953593826e-06,3.719115953357e-05,3.02753468901916e-05
0.996662510593866,0.00321318730283514,4.44536164696982e-05,4.38611224054926e-05,3.59873644235966e-05
2.65638892488515e-08,0.963452661156429,0.0364841949274899,2.9278175682169e-05,3.38391765097127e-05
1.0798953136242e-07,0.951603952141315,0.0483176480872306,3.50913998865902e-05,4.32003820367152e-05
2.62274003433333e-08,0.922212199265798,0.0777011682783101,3.26644799195656e-05,5.394174857231e-05
0.00704893814440349,0.947743613096015,0.0451705257438183,1.22916667673478e-05,2.46313489961163e-05
8.92705159690467e-05,0.93931741819907,0.0605318091718018,2.28033455973367e-05,3.86987675622473e-05
0.000216919067574946,0.902082852155275,0.0976192043929036,2.49942750425088e-05,5.60301092038095e-05
2.65570208669914e-05,3.69145404120717e-05,7.14760424960893e-06,0.10381434020259,0.896115040631882
0.999626804600544,7.28824452723786e-07,0.000146635534569951,0.000123966787193196,0.000101864253239808
0.0899773094299087,0.892627629992679,0.0172645640432216,7.15423591844245e-05,5.89541750056415e-05
0.195656035716006,0.785331573641615,0.018796716765315,0.00011892856400159,9.67453130622781e-05
0.138518477668139,0.843734274371302,0.0175700914822765,9.77233091802214e-05,7.94331691027016e-05
0.0598409285999336,0.761343663551184,0.178688631436661,3.96124323519771e-05,8.71639798693019e-05
4.00554121876331e-05,1.50374232008564e-07,0.964726710233611,0.0352093170811533,2.37668988162642e-05
3.58897844154563e-05,2.26729999961681e-08,0.982637140984247,0.0172998927865615,2.70537717762704e-05
2.25392989789281e-05,4.86619994605114e-08,0.996377040499414,0.00357645435200904,2.39171875983997e-05
0.999691318891545,9.50334309799183e-08,0.00012109264442236,0.000102910885480287,8.45825451216633e-05
7.17125861822814e-05,2.93509509417457e-05,0.480355845415719,0.519140515204867,0.000402575842290317
4.52828626798348e-05,6.77924541408625e-05,0.00146079166669514,0.811966232332707,0.186459900683777
4.90377001639851e-05,7.46076166516879e-05,0.000111063589072532,0.805773528900463,0.193991762193649
4.7257919480155e-05,6.61881631148674e-05,0.00903436193775558,0.783475720944106,0.207376471035544
6.61337081787774e-05,9.46294845739026e-05,0.000213208467715637,0.521746452909867,0.477879575429665
6.85107114442393e-05,9.79473284618682e-05,9.83134713516322e-08,0.471959674016551,0.527873769630071
6.81717820648719e-05,9.83829945833556e-05,1.13977851313886e-05,0.566138273651596,0.433683773786624
4.8321604953715e-05,6.75316677270507e-05,1.44350114852116e-05,0.20368225960245,0.796187452113385
5.52815037319447e-05,7.67383547691699e-05,3.41140065493364e-05,0.194017791444307,0.805816074690642
4.35744608580928e-05,6.01645472117574e-05,3.19436989898347e-05,0.13497913051204,0.8648851867809
0.00228506829804579,0.942152114907572,0.0555172709300953,1.50137302671806e-05,3.05321340194837e-05
0.000918711680195194,0.970363037951425,0.0286927264937796,9.20882280441701e-06,1.63150517955431e-05
0.012419497349492,0.869199087076801,0.118305923221059,1.91888857083216e-05,5.63034669405577e-05
0.00803538098990524,0.913032974008656,0.0788746797039704,1.67542407178684e-05,4.02110567508976e-05
0.0334700809603259,0.885030130603423,0.0814221648146621,2.86342575321087e-05,4.89893640569877e-05
0.00492623320082257,0.88821581416913,0.106786835921721,1.84150791912962e-05,5.27016291352116e-05
0.0187105776476097,0.891290255179178,0.0899307383712523,2.13689133336023e-05,4.7059888625995e-05
0.0305749336749327,0.843105303576553,0.126229198286812,2.71981634557189e-05,6.3366298246425e-05
0.00760929127021412,0.829219231726768,0.163083997369906,1.5721298737217e-05,7.17583343745353e-05
9.45677044534044e-07,0.896515650501224,0.103393289740047,2.84340743780187e-05,6.16800073065534e-05
0.00035445998486805,0.868583655189553,0.130971152035285,2.24073059993502e-05,6.83254842947109e-05
0.00186463499456779,0.871852224818744,0.126201007705328,1.95070704049188e-05,6.26254109549124e-05
0.000297838856493672,0.827208194832877,0.172395523093322,1.66627137766839e-05,8.17805035307251e-05
0.999615513673293,7.99945074046679e-06,0.000150664961416615,0.00012394712413809,0.000101874790411451
0.999653549515054,2.06325368708523e-07,0.000136912346950462,0.000114899045498081,9.44327671285405e-05
0.119455297475635,0.848209289827532,0.0321829785381011,8.08538146446732e-05,7.15803440870748e-05
0.106085430574128,0.885931335255131,0.00782224482304208,9.09395846772924e-05,7.00497630225347e-05
3.15415361854481e-05,3.47991543317335e-08,0.997006620844474,0.0029260610073742,3.57418128116449e-05
0.999725733669031,4.93687523755309e-08,0.00010895244155329,9.06907472734258e-05,7.45737733901263e-05
2.93249113557812e-05,4.03952599323383e-05,2.27415185371093e-05,0.0864465188295984,0.913461019480576
0.0603904032530115,0.834429044828767,0.105070752234039,4.28705620062678e-05,6.69291221764175e-05
0.0165218925985422,0.814330503372073,0.169055326118318,1.8683374955488e-05,7.35945361108197e-05
0.00292461012977317,0.781832956051794,0.215146286115176,8.03240227689563e-06,8.81153009800289e-05
0.060222108109669,0.897813863541729,0.041870732347336,4.5408789735352e-05,4.78872115305659e-05
0.0584233444344658,0.937387845349996,0.00408100650672558,6.19109805856161e-05,4.58927282271726e-05
0.0855510741931377,0.911088044529427,0.00320848923590391,8.74769970539871e-05,6.49150444772956e-05
0.14289679417124,0.850483374849032,0.00641930947944307,0.000113440162072213,8.70813382121549e-05
3.09469876455663e-05,4.29425799425054e-05,1.57537233735513e-05,0.111259738815537,0.888650617893502
1.57826398530887e-05,2.17987473021076e-05,1.08961304084117e-05,0.0502988618893648,0.949652660593072
2.1669721506968e-05,2.93500513678845e-05,2.7454720392133e-05,0.0362358703042558,0.963685655202477
0.0918367660700743,0.807932538815319,0.100096206762664,5.81378870726024e-05,7.63504648706345e-05
0.0737715848069273,0.855977646344781,0.0701380511042103,5.11311180732959e-05,6.15866260083379e-05
0.0932970814551884,0.859356993164298,0.0472183620065066,6.39078142597707e-05,6.36555597474004e-05
0.00600084388967824,0.791274453891112,0.202630140102007,1.10583216188904e-05,8.35037955846666e-05
0.00293391099791295,0.828020266625794,0.168955396221672,1.47307036713439e-05,7.56954509499975e-05
0.00130790551064912,0.813627144891154,0.184969264082193,1.31868258741098e-05,8.24986901299714e-05
0.00116462297086981,0.769937557945723,0.22879867128239,5.88393016065284e-06,9.32638708567512e-05
0.00255621715576333,0.733531232136457,0.263812651934018,1.24859310243981e-06,9.86501806588305e-05
0.0809497902729793,0.910359362998473,0.00856102699559011,7.3178169257688e-05,5.66415637003105e-05
0.0574456515777652,0.930664850756191,0.0117961364090035,5.16667305421484e-05,4.1694526497972e-05
0.0341939744065835,0.96297726905605,0.00276319604768103,3.79964751225729e-05,2.75640145633965e-05
0.0276860489206847,0.955644924840461,0.0166221731170744,2.37829114365135e-05,2.30702103430615e-05
3.95424831853032e-05,5.51108393497424e-05,1.36228924674442e-05,0.15838697400217,0.841504749782828
2.22579058909226e-05,3.09041418578423e-05,1.00138268789603e-05,0.0820662720044485,0.917870552120924
7.73096737224479e-06,1.07333126492399e-05,3.82324058898847e-06,0.0278983370194679,0.972079375459922
7.89362577042007e-06,1.07276437632192e-05,9.69759364434631e-06,0.015333503019826,0.984638178116996
2.79383303595649e-05,3.81715629150889e-05,2.8566715746754e-05,0.0641451767155116,0.935760146675467
1.91802705115294e-05,2.62506357727428e-05,1.88224292980439e-05,0.0468404943270439,0.953095252337374
2.98566810086027e-05,4.04797047376725e-05,3.67584498852544e-05,0.0510918275806533,0.948801077583715
0.113603397305827,0.817204443203205,0.0690460335087782,7.03901802752918e-05,7.57358019142304e-05
3.82143648233452e-05,0.000588195024568234,0.999316345825933,6.31634565102897e-08,5.71816212187517e-05
0.999693458734056,2.08416939680493e-05,0.000119677803164159,9.10610884558661e-05,7.49606803560141e-05
7.76763086365829e-05,0.00010912156984543,4.18187416061299e-05,0.344003276237307,0.655768107142605
3.39362225581396e-05,4.48297178647423e-05,6.26515844742961e-05,0.000836049124574912,0.999022533350528
2.55669409129704e-05,4.46854418014512e-05,3.97739708833885e-08,0.972307952992008,0.0276217548513063
6.91081415583089e-05,8.99566800613067e-06,0.880270184594834,0.11962497179878,2.67397968220015e-05
5.16763527510533e-05,5.4201184211292e-06,0.983423896607081,0.0164752521484305,4.37547733162944e-05
6.39618443269589e-05,1.11751031304511e-05,0.920625035157846,0.0792667009136264,3.31269810705252e-05
3.55662610409332e-06,0.755408152699698,0.244484068141161,3.89259523577784e-06,0.000100329937801715
2.08435210525408e-07,0.885041809758819,0.114855359790619,3.22925578131366e-05,7.03294575387096e-05
0.0653056558606071,0.934475013311467,9.35978329226249e-06,0.00012223348384103,8.77375607930615e-05
0.99981301947821,3.71153907078978e-08,7.06061325317295e-05,6.38058772237873e-05,5.25313966435146e-05
4.71632554589465e-05,8.37738637457704e-08,0.994064059015157,0.00584099700582354,4.7696949696933e-05
2.00854368931644e-05,0.015630869555167,0.984266676015901,1.02575748605601e-05,7.21114171782052e-05
3.64640260011656e-05,4.90466765514819e-05,5.19263173229303e-05,0.0406569677512785,0.959205595228846
1.39985175554508e-05,1.84832474284945e-05,0.0137155345655157,0.986251979460759,4.20874087947304e-09
1.30109475602537e-05,0.0978769635582748,0.901984555876301,2.31899411651332e-05,0.000102279676698323
0.985606921710801,0.014099960030546,7.94973684423613e-05,0.000117616834340777,9.60040558694966e-05
4.38527929776988e-05,5.80144111500721e-05,7.57971497013079e-05,2.81490475093411e-08,0.999822307497123
4.37942626365331e-05,5.79108430389171e-05,7.6804959004523e-05,3.3471805021518e-08,0.999821456463515
0.975792592066943,0.0239373368476539,6.43083019366346e-05,0.000113399593551374,9.23631899149204e-05
0.0115586323089844,0.988308071731556,9.8226451726732e-06,7.39456628442518e-05,4.95276514424867e-05
0.999768268983753,2.97961687290558e-06,9.37750546903865e-05,7.40146321161121e-05,6.09617125672842e-05
2.09969757351834e-06,0.0523411343697727,0.947544894080421,2.28111642446724e-05,8.90606879878299e-05
0.997044093509674,0.00282744586224745,3.73645098486417e-05,5.00098005467716e-05,4.10863176830267e-05
4.15045655957e-05,5.48153738703907e-05,7.51371044891529e-05,4.73842443319198e-06,0.999823804531611
0.692874722208142,0.301595390161455,0.00530416583496355,0.000124848876662244,0.000100872918777342
0.663080146105943,0.331411264454038,0.00527416485996588,0.000129879203084118,0.000104545376969402
0.73229204936562,0.264263948146231,0.00323239149001384,0.00011729866935558,9.43123287794974e-05
0.61601348176284,0.375528025423262,0.00821284861123902,0.000135718922313042,0.000109925280345847
0.613672624150334,0.379529046005011,0.00655016936626123,0.000137510486748195,0.00011064999164595
0.677893818966168,0.318515107693958,0.0033602600574734,0.000128271759235489,0.0001025415231651
0.00588557548144847,0.354199846537521,0.639788972327681,1.49941521039383e-07,0.000125455711828111
0.00346685215352076,0.280643397711221,0.715761154327209,4.70330745427259e-06,0.000123892500594503
0.00557633544542002,0.329779230830308,0.664513875501512,3.79877799663223e-06,0.000126759444763276
0.00514670894489675,0.42422058738202,0.570384800264485,0.000126184273221703,0.000121719135376702
3.48852502707159e-05,0.998090151601354,0.00182646967149793,2.96568673513454e-05,1.883660952633e-05
0.00365781193976115,0.479110271082624,0.516732044478367,0.000379764917135418,0.000120107582112222
5.86417543379383e-06,0.0375390767437636,0.962362141686843,1.44542449804011e-05,7.84631489795827e-05
7.34839065124072e-05,2.55573953391911e-07,0.44701695779328,0.551158261580328,0.00175104114592652
2.55613796353298e-05,3.36350941064748e-05,4.84740046176874e-05,1.28538500052838e-08,0.999892316667791
0.505565551989515,0.478719160324641,0.0154551308855284,0.000142918835825686,0.000117237964489523
0.132252394678968,0.734422415086534,0.133158881545567,7.0985183705929e-05,9.53235052248001e-05
0.160474492094309,0.768762098423897,0.0705862801330633,8.76528989442599e-05,8.94764497870542e-05
5.19949434912732e-06,0.0325584332360042,0.967371405594874,2.68482887268623e-06,6.22768458996408e-05
3.97025977208603e-06,0.0298722021985259,0.970076893297303,4.2698896516661e-08,4.68915455026748e-05
2.45885574721597e-07,0.0558738070303325,0.944069680873892,1.55664005446299e-08,5.62506438001876e-05
3.62661578966277e-07,0.0820739408371161,0.91785586078482,2.74998451609049e-08,6.98082166392027e-05
6.3132209588783e-05,0.120783374677222,0.879073683684434,7.79723092467891e-08,7.97314564464309e-05
3.07556659040342e-05,0.117423783815263,0.881812985593594,0.000661444017385088,7.10309078541801e-05
0.000241483931335048,0.155742705411728,0.843897019834949,2.76291959293462e-05,9.11616260583358e-05
0.00062419266063543,0.187929035412007,0.8113442833909,5.33485281608275e-08,0.000102435187929493
0.000179221800547571,0.157559048435449,0.841498988821934,0.000677637811011245,8.51031310580835e-05
0.0014328824418414,0.2443293024971,0.754115258255474,1.18651388985617e-05,0.000110691666685914
0.00156777797727279,0.234398181332684,0.763920123467653,8.38446886289974e-08,0.000113833377701285
0.000938942295859354,0.234975019319859,0.763494298696841,0.000487895389996206,0.000103844297443536
0.00248239827882953,0.325699835659101,0.671306195127803,0.000395825091863574,0.000115745842403017
0.00197658547786277,0.283078240157014,0.714725788653347,0.000106419914338094,0.000112965797437822
0.00385963200039375,0.333829486199513,0.66219013044002,2.05988831516632e-07,0.000120545371241799
0.00452853016697085,0.376957353251171,0.618309936155212,8.28001595652405e-05,0.000121380267081161
0.00837451283505868,0.435397999611085,0.556102628100761,1.42240179904248e-07,0.000124717212914897
0.00206872784348238,0.244279273001228,0.753530477025677,2.63846487212251e-06,0.000118883664740423
0.00644010058963118,0.385959675480637,0.607475531888564,1.21818269619237e-07,0.000124570222898693
0.00913997114233252,0.492596442510304,0.498140865399348,1.88940742534135e-07,0.000122532007272965
0.00569336788488522,0.471953693705716,0.522112971934185,0.000118583206035857,0.0001213832691771
0.00307769132075682,0.418893924558222,0.577194005950168,0.000715463072481563,0.000118915098371891
0.00798645528446432,0.527912740409269,0.463979888268643,6.4717066606121e-07,0.000120268866958437
0.00287526433312216,0.370990284871589,0.625386392016925,0.000630438528818186,0.000117620249546082
0.00130754303761186,0.309735871107515,0.686861891422051,0.00198564346292809,0.000109050969893827
0.00175965808551635,0.366446687089096,0.629842598148926,0.00183678326852162,0.000114273407940206
0.0137521548855097,0.529305692929782,0.456820203639497,2.49954897467443e-07,0.000121698590313856
0.000562295347371386,0.260492002455934,0.734601206124622,0.00424505826949865,9.94378025734498e-05
0.000268717676689985,0.265282051201363,0.725427179753365,0.00892569584856636,9.63555200148459e-05
0.000357988980688377,0.15674238586837,0.842795287943625,1.20014824409994e-06,0.00010313705907189
5.76176312653595e-05,0.00130112934895337,0.778527322466595,0.220105405556114,8.5249970720617e-06
0.792916791860537,0.205584285385859,0.00131723759307356,0.000100909261767299,8.07758987638615e-05
0.878405361287001,0.121447597828151,1.01756724160146e-05,7.62001323807584e-05,6.06650800510791e-05
0.755200727311322,0.243177773983704,0.00142234589035492,0.000110801971607817,8.8350843011028e-05
0.541626131347355,0.448613988912785,0.00949803673170056,0.00014488811222354,0.000116954895935977
0.429072825606262,0.561692643270999,0.00895571172582302,0.000155117416612194,0.000123701980303619
0.00561150002978314,0.630841128913388,0.363435295689946,1.26791254110894e-07,0.000111948575629072
4.90888370635636e-05,0.000120075899204365,0.882045586794529,0.117770512675092,1.47357941106218e-05
7.78715292747547e-05,1.05852023218727e-07,0.561305653734417,0.438447596015034,0.000168772869250937
7.48745928904126e-05,1.93986697977349e-05,0.652131670399246,0.347774009875191,4.6462875589604e-08
5.6161928555193e-05,0.00031798195998047,0.327104775886271,0.672521057729164,2.24960295447864e-08
7.79762891243221e-07,0.0477788884106275,0.950093431398117,0.00209389538369948,3.30050446646199e-05
2.03295246787454e-06,0.0144656327400926,0.985514928115211,1.3139171689069e-09,1.74048783116403e-05
9.74147425467778e-06,0.00215053074686015,0.997823618945428,8.09052833982317e-09,1.61007429292111e-05
1.26963987197443e-05,0.00493011239394932,0.995029274301993,4.9175247864372e-09,2.79119878133847e-05
1.6591879054053e-05,2.67081841085571e-09,0.992468013344478,0.00750264925689422,1.2742848755511e-05
1.96503362493215e-05,4.02960266645212e-09,0.973111400315016,0.0268610484459254,7.89687320673842e-06
9.20335484318213e-06,1.69394466793517e-09,0.983881123565898,0.0161073051404241,2.36624488966438e-06
3.30271948159064e-05,1.76591377835072e-08,0.955361806065324,0.0445900229712546,1.5126109467458e-05
3.41692400451238e-05,0.000456434899753741,0.927056634778227,0.0724405134817924,1.22476001822392e-05
6.60365640152639e-05,0.000870880597138941,0.493319062746527,0.505743992364485,2.77278338905282e-08
0.999644810592847,7.68657558997691e-06,0.000141050473588959,0.000113294297339381,9.3158060634294e-05
1.13857841402045e-05,0.0130055344690606,0.942613216318615,0.0443602414639047,9.62196427904888e-06
6.91434241017566e-05,0.000662631327096314,0.569292787415396,0.429975395924838,4.19085673439256e-08
7.58949405659591e-05,0.00010715636294273,2.81967173387862e-05,0.37224536416658,0.627543387812573
3.98369842248034e-05,6.1788700807019e-05,0.000360177637599458,0.854623269957968,0.144914926719401
5.40157555212514e-05,7.55777799823089e-05,0.00787258292765761,0.72251724992475,0.269480573612089
0.0520160127500767,0.946880574341412,0.00098783296731423,6.75816479465e-05,4.79982932506214e-05
0.15495836755639,0.841736426659303,0.00308001593310613,0.000128209253975194,9.69805972257775e-05
0.179552862211619,0.814293704064134,0.00592334838228883,0.000130012218158437,0.000100073123800065
1.63047130856793e-05,2.1730269353905e-05,2.75832622837228e-05,0.0108189222440144,0.989115459511262
2.49743157989751e-05,3.33593626899738e-05,4.02027126692042e-05,0.0177603960558069,0.982141067553035
0.0507241370938787,0.927084503409067,0.0221117992677893,4.14773603513929e-05,3.80828689132749e-05
0.0322037738573338,0.924150405577664,0.0435849007144417,2.64792964368927e-05,3.44405541233037e-05
0.0487686867365792,0.886140713698798,0.0650038219417649,3.71919786380664e-05,4.95856442199013e-05
0.012453063472641,0.963206988769445,0.0243114814455349,1.15619766370919e-05,1.69043357425275e-05
0.00174932888471896,0.982925761724164,0.0153129693868403,3.86487349538536e-06,8.07513078178248e-06
0.0145661149354971,0.983019832541333,0.00238701965334807,1.54797104557349e-05,1.15531593663241e-05
0.605948139769717,0.388733541898616,0.00506555205368225,0.000140466591385809,0.000112299686598344
0.00884720174028786,0.391388393718665,0.59963489589992,1.60416374541097e-06,0.000127904477381857
0.00208243583243081,0.464458667739057,0.532228747175689,0.00111149976529675,0.000118649487526222
0.00329117371680592,0.523029837255542,0.473254602599773,0.000305347804815565,0.000119038623063477
0.00331844420484905,0.574530739291589,0.42195461125296,7.90944415033336e-05,0.000117110809098446
6.59149911215912e-05,0.000385045713289436,0.742570802003386,0.256973352018028,4.88527417519965e-06
0.0783628955233527,0.892912951474436,0.0286113053140265,5.91642467994392e-05,5.36834413853338e-05
0.0189483495514635,0.924413360006113,0.0565856343586848,1.91036918708907e-05,3.35523918681089e-05
0.936957106909963,0.0628291446160242,2.71798775917849e-05,0.00010318341311109,8.33851833096924e-05
7.17500870233158e-05,0.000104213509642772,1.17251518312479e-07,0.590611760596269,0.409212158555547
7.01263225531468e-05,0.000102867742060598,1.25662137484587e-07,0.648897030884798,0.350929849388451
